# This file uses centimeters as units for non-parametric coordinates.

g default
v 12.562400 40.000000 163.820801
v 3.451600 40.000000 160.206100
v -6.189400 40.000000 158.438400
v -15.990000 40.000000 158.585403
v -25.573601 40.000000 160.641693
v -34.571899 40.000000 164.528107
v -42.639198 40.000000 170.095306
v -49.465199 40.000000 177.129303
v -54.787899 40.000000 185.360001
v -58.402599 40.000000 194.470795
v -60.170300 40.000000 204.111801
v -60.023300 40.000000 213.912399
v -57.966999 40.000000 223.496002
v -54.080601 40.000000 232.494293
v -48.513401 40.000000 240.561493
v -41.479401 40.000000 247.387604
v -33.248699 40.000000 252.710297
v -24.137899 40.000000 256.324890
v -14.496900 40.000000 258.092712
v -4.696300 40.000000 257.945587
v 4.887300 40.000000 255.889404
v 13.885600 40.000000 252.003006
v 21.952801 40.000000 246.435806
v 28.778900 40.000000 239.401703
v 34.101601 40.000000 231.171097
v 37.716202 40.000000 222.060196
v 39.484001 40.000000 212.419296
v 39.336899 40.000000 202.618698
v 37.280701 40.000000 193.035004
v 33.394299 40.000000 184.036697
v 27.827101 40.000000 175.969498
v 20.792999 40.000000 169.143402
v 11.188100 55.000000 166.487503
v 2.623900 55.000000 163.089706
v -6.438700 55.000000 161.427994
v -15.651200 55.000000 161.566193
v -24.659800 55.000000 163.499100
v -33.118198 55.000000 167.152298
v -40.701401 55.000000 172.385498
v -47.117901 55.000000 178.997498
v -52.121201 55.000000 186.734299
v -55.519001 55.000000 195.298492
v -57.180698 55.000000 204.360992
v -57.042500 55.000000 213.573593
v -55.109600 55.000000 222.582199
v -51.456402 55.000000 231.040604
v -46.223202 55.000000 238.623795
v -39.611198 55.000000 245.040298
v -31.874399 55.000000 250.043594
v -23.310200 55.000000 253.441406
v -14.247700 55.000000 255.103104
v -5.035100 55.000000 254.964798
v 3.973500 55.000000 253.031998
v 12.431900 55.000000 249.378799
v 20.015100 55.000000 244.145599
v 26.431601 55.000000 237.533600
v 31.434900 55.000000 229.796799
v 34.832699 55.000000 221.232605
v 36.494400 55.000000 212.169998
v 36.356098 55.000000 202.957504
v 34.423302 55.000000 193.948898
v 30.770100 55.000000 185.490494
v 25.536900 55.000000 177.907303
v 18.924900 55.000000 171.490799
v 12.562400 70.000000 163.820801
v 3.451600 70.000000 160.206100
v -6.189400 70.000000 158.438400
v -15.990000 70.000000 158.585403
v -25.573601 70.000000 160.641693
v -34.571999 70.000000 164.528107
v -42.639198 70.000000 170.095306
v -49.465199 70.000000 177.129303
v -54.787899 70.000000 185.360001
v -58.402599 70.000000 194.470795
v -60.170300 70.000000 204.111801
v -60.023300 70.000000 213.912399
v -57.966999 70.000000 223.496002
v -54.080601 70.000000 232.494293
v -48.513401 70.000000 240.561493
v -41.479401 70.000000 247.387604
v -33.248699 70.000000 252.710297
v -24.137899 70.000000 256.324890
v -14.496900 70.000000 258.092712
v -4.696300 70.000000 257.945587
v 4.887300 70.000000 255.889404
v 13.885600 70.000000 252.003006
v 21.952801 70.000000 246.435806
v 28.778900 70.000000 239.401703
v 34.101601 70.000000 231.171097
v 37.716202 70.000000 222.060196
v 39.484001 70.000000 212.419296
v 39.336899 70.000000 202.618698
v 37.280701 70.000000 193.035004
v 33.394299 70.000000 184.036697
v 27.827101 70.000000 175.969498
v 20.792999 70.000000 169.143402
v 2.623900 70.000000 163.089706
v 11.188100 70.000000 166.487503
v -15.651200 70.000000 161.566193
v -6.438700 70.000000 161.427994
v -33.118198 70.000000 167.152298
v -24.659800 70.000000 163.499100
v -47.117901 70.000000 178.997498
v -40.701401 70.000000 172.385498
v -55.519001 70.000000 195.298492
v -52.121201 70.000000 186.734299
v -57.042500 70.000000 213.573593
v -57.180698 70.000000 204.360992
v -51.456402 70.000000 231.040604
v -55.109600 70.000000 222.582199
v -39.611198 70.000000 245.040298
v -46.223202 70.000000 238.623795
v -23.310200 70.000000 253.441406
v -31.874399 70.000000 250.043594
v -5.035100 70.000000 254.964798
v -14.247700 70.000000 255.103104
v 12.431900 70.000000 249.378799
v 3.973500 70.000000 253.031998
v 26.431601 70.000000 237.533600
v 20.015100 70.000000 244.145599
v 34.832699 70.000000 221.232605
v 31.434900 70.000000 229.796799
v 36.356098 70.000000 202.957504
v 36.494400 70.000000 212.169998
v 30.770100 70.000000 185.490494
v 34.423302 70.000000 193.948898
v 18.924900 70.000000 171.490799
v 25.536900 70.000000 177.907303
v 19.090200 70.000000 171.622101
v 3.174300 36.000000 161.171997
v 12.102100 36.000000 164.714005
v 20.167299 36.000000 169.929703
v 27.059999 36.000000 176.618607
v 32.515301 36.000000 184.523697
v 36.323601 36.000000 193.341095
v 38.338501 36.000000 202.732101
v 38.482601 36.000000 212.335800
v 36.750401 36.000000 221.783005
v 33.208401 36.000000 230.710800
v 27.992701 36.000000 238.776001
v 21.303801 36.000000 245.668701
v 13.398700 36.000000 251.123993
v 4.581200 36.000000 254.932297
v -4.809800 36.000000 256.947205
v -14.413400 36.000000 257.091309
v -23.860600 36.000000 255.359100
v -32.788399 36.000000 251.817093
v -40.853600 36.000000 246.601395
v -47.746300 36.000000 239.912506
v -53.201599 36.000000 232.007401
v -57.009899 36.000000 223.189896
v -59.024899 36.000000 213.798904
v -59.168999 36.000000 204.195297
v -57.436699 36.000000 194.748001
v -53.894699 36.000000 185.820297
v -48.679001 36.000000 177.755096
v -41.990101 36.000000 170.862396
v -34.084999 36.000000 165.406998
v -25.267599 36.000000 161.598801
v -15.876600 36.000000 159.583801
v -6.272900 36.000000 159.439697
v 2.065400 32.000000 165.035294
v 10.260800 32.000000 168.286804
v 17.664301 32.000000 173.074600
v 23.991600 32.000000 179.214798
v 28.999399 32.000000 186.471298
v 32.495300 32.000000 194.565506
v 34.344898 32.000000 203.186096
v 34.477200 32.000000 212.001907
v 32.887001 32.000000 220.674103
v 29.635599 32.000000 228.869507
v 24.847799 32.000000 236.272995
v 18.707600 32.000000 242.600296
v 11.451000 32.000000 247.608093
v 3.356900 32.000000 251.104004
v -5.263700 32.000000 252.953598
v -14.079500 32.000000 253.085907
v -22.751699 32.000000 251.495697
v -30.947100 32.000000 248.244293
v -38.350700 32.000000 243.456497
v -44.677898 32.000000 237.316299
v -49.685699 32.000000 230.059692
v -53.181599 32.000000 221.965607
v -55.031200 32.000000 213.345001
v -55.163502 32.000000 204.529205
v -53.573399 32.000000 195.856995
v -50.321899 32.000000 187.661606
v -45.534100 32.000000 180.257996
v -39.393902 32.000000 173.930801
v -32.137299 32.000000 168.923004
v -24.043200 32.000000 165.427094
v -15.422600 32.000000 163.577499
v -6.606800 32.000000 163.445206
vt 0.671000 0.977200
vt 0.759400 0.945300
vt 0.759400 0.719800
vt 0.671000 0.751700
vt 0.803800 0.587600
vt 0.862700 0.538300
vt 0.907600 0.481300
vt 0.936800 0.418700
vt 0.949300 0.353100
vt 0.944500 0.286900
vt 0.922600 0.222700
vt 0.884500 0.163000
vt 0.831600 0.110000
vt 0.765900 0.065700
vt 0.690100 0.032000
vt 0.606900 0.010000
vt 0.519600 0.000600
vt 0.431600 0.004200
vt 0.346200 0.020700
vt 0.266700 0.049300
vt 0.196200 0.089100
vt 0.137300 0.138500
vt 0.092400 0.195500
vt 0.063200 0.258000
vt 0.050700 0.323600
vt 0.055500 0.389800
vt 0.077400 0.454000
vt 0.115500 0.513800
vt 0.168400 0.566800
vt 0.234100 0.611000
vt 0.309900 0.644800
vt 0.393100 0.666800
vt 0.480400 0.676100
vt 0.568400 0.672500
vt 0.653800 0.656100
vt 0.733300 0.627400
vt 0.571500 0.973200
vt 0.479500 0.977000
vt 0.479500 0.864200
vt 0.571500 0.860400
vt 0.388300 0.967200
vt 0.301400 0.944200
vt 0.301400 0.831500
vt 0.388300 0.854400
vt 0.222100 0.908900
vt 0.153500 0.862700
vt 0.153500 0.749900
vt 0.222100 0.796200
vt 0.098200 0.807300
vt 0.058400 0.744800
vt 0.058400 0.632100
vt 0.098200 0.694500
vt 0.035500 0.677800
vt 0.030500 0.608600
vt 0.030500 0.495900
vt 0.035500 0.565000
vt 0.043500 0.540000
vt 0.074100 0.474700
vt 0.074100 0.362000
vt 0.043500 0.427300
vt 0.121000 0.415100
vt 0.182500 0.363500
vt 0.182500 0.250800
vt 0.121000 0.302400
vt 0.256200 0.322000
vt 0.339300 0.292000
vt 0.339300 0.179300
vt 0.256200 0.209200
vt 0.428500 0.274800
vt 0.520500 0.271100
vt 0.520500 0.158300
vt 0.428500 0.162100
vt 0.611700 0.280800
vt 0.698600 0.303800
vt 0.698600 0.191100
vt 0.611700 0.168100
vt 0.777900 0.339100
vt 0.846500 0.385300
vt 0.846500 0.272600
vt 0.777900 0.226300
vt 0.901800 0.440700
vt 0.941600 0.503200
vt 0.941600 0.390400
vt 0.901800 0.328000
vt 0.964500 0.570300
vt 0.969500 0.639400
vt 0.969500 0.526700
vt 0.964500 0.457500
vt 0.956500 0.708000
vt 0.925900 0.773300
vt 0.925900 0.660600
vt 0.956500 0.595200
vt 0.879000 0.832900
vt 0.817500 0.884500
vt 0.817500 0.771700
vt 0.879000 0.720200
vt 0.660700 0.956000
vt 0.660700 0.843200
vt 0.743800 0.813300
vt 0.743800 0.926000
vt 0.576100 0.770000
vt 0.576100 0.995500
vt 0.478200 0.774000
vt 0.478200 0.999500
vt 0.381200 0.763600
vt 0.381200 0.989100
vt 0.288700 0.739100
vt 0.288700 0.964600
vt 0.204400 0.701600
vt 0.204400 0.927100
vt 0.131400 0.652400
vt 0.131400 0.877900
vt 0.072600 0.593500
vt 0.072600 0.819000
vt 0.030200 0.527100
vt 0.030200 0.752600
vt 0.005800 0.455700
vt 0.005800 0.681200
vt 0.000500 0.382100
vt 0.000500 0.607600
vt 0.014400 0.309200
vt 0.014400 0.534700
vt 0.046900 0.239700
vt 0.046900 0.465200
vt 0.096800 0.176300
vt 0.096800 0.401800
vt 0.162200 0.121400
vt 0.162200 0.346900
vt 0.240600 0.077200
vt 0.240600 0.302700
vt 0.329000 0.045300
vt 0.329000 0.270800
vt 0.423900 0.027000
vt 0.423900 0.252500
vt 0.521800 0.023000
vt 0.521800 0.248500
vt 0.618800 0.033400
vt 0.618800 0.258900
vt 0.711300 0.057900
vt 0.711300 0.283400
vt 0.795600 0.095400
vt 0.795600 0.320900
vt 0.868600 0.144600
vt 0.868600 0.370100
vt 0.927400 0.203500
vt 0.927400 0.429000
vt 0.969800 0.270000
vt 0.969800 0.495500
vt 0.994200 0.341300
vt 0.994200 0.566800
vt 0.999500 0.414900
vt 0.999500 0.640400
vt 0.985600 0.487800
vt 0.985600 0.713300
vt 0.953100 0.557300
vt 0.953100 0.782900
vt 0.903200 0.620700
vt 0.903200 0.846300
vt 0.837800 0.675600
vt 0.837800 0.901100
vt 0.745600 0.925200
vt 0.667600 0.714500
vt 0.574500 0.732400
vt 0.754200 0.683300
vt 0.831000 0.640000
vt 0.895100 0.586200
vt 0.944000 0.524100
vt 0.975900 0.456000
vt 0.989500 0.384500
vt 0.984200 0.312400
vt 0.960400 0.242500
vt 0.918800 0.177400
vt 0.861200 0.119600
vt 0.789700 0.071400
vt 0.707100 0.034700
vt 0.616400 0.010700
vt 0.521400 0.000500
vt 0.425500 0.004400
vt 0.332400 0.022400
vt 0.245800 0.053600
vt 0.169000 0.096900
vt 0.104900 0.150700
vt 0.056000 0.212800
vt 0.024100 0.280900
vt 0.010500 0.352400
vt 0.015800 0.424500
vt 0.039600 0.494400
vt 0.081200 0.559500
vt 0.138800 0.617300
vt 0.210300 0.665400
vt 0.292900 0.702200
vt 0.383600 0.726200
vt 0.478600 0.736400
vn 0.487032 0.000000 -0.873384
vn 0.622723 0.000000 -0.782443
vn 0.629965 -0.105207 -0.769465
vn 0.454209 -0.122767 -0.882396
vn 0.282835 -0.924458 -0.255697
vn 0.481078 -0.828188 -0.287521
vn 0.267863 -0.958716 -0.095461
vn 0.554487 -0.828188 -0.081534
vn 0.380804 -0.924457 0.019191
vn 0.543479 -0.828190 0.136864
vn 0.203819 -0.974220 0.096714
vn 0.449731 -0.828191 0.334427
vn 0.255696 -0.924458 0.282835
vn 0.287520 -0.828189 0.481077
vn 0.095461 -0.958716 0.267863
vn 0.081534 -0.828187 0.554489
vn -0.019191 -0.924457 0.380804
vn -0.136865 -0.828190 0.543479
vn -0.087578 -0.978910 0.184566
vn -0.334429 -0.828189 0.449734
vn -0.282837 -0.924458 0.255697
vn -0.481077 -0.828189 0.287520
vn -0.267863 -0.958716 0.095461
vn -0.554484 -0.828191 0.081535
vn -0.380798 -0.924459 -0.019190
vn -0.543480 -0.828189 -0.136866
vn -0.203819 -0.974220 -0.096715
vn -0.449734 -0.828189 -0.334429
vn -0.255697 -0.924458 -0.282837
vn -0.287519 -0.828193 -0.481071
vn -0.095460 -0.958717 -0.267861
vn -0.081535 -0.828191 -0.554483
vn 0.019189 -0.924459 -0.380798
vn 0.136867 -0.828188 -0.543481
vn 0.087580 -0.978910 -0.184567
vn 0.334427 -0.828190 -0.449732
vn -0.244207 0.000000 0.969723
vn -0.050333 0.000000 0.998732
vn -0.115730 0.000000 0.993281
vn -0.307286 0.000000 0.951617
vn 0.145481 0.000000 0.989361
vn 0.335699 0.000000 0.941969
vn 0.273194 0.000000 0.961959
vn 0.080273 0.000000 0.996773
vn 0.513018 0.000000 0.858378
vn 0.670622 0.000000 0.741800
vn 0.620523 0.000000 0.784188
vn 0.455611 0.000000 0.890179
vn 0.802454 0.000000 0.596714
vn 0.903447 0.000000 0.428699
vn 0.873384 0.000000 0.487032
vn 0.761587 0.000000 0.648062
vn 0.969723 0.000000 0.244207
vn 0.998733 0.000000 0.050333
vn 0.993281 0.000000 0.115731
vn 0.951617 0.000000 0.307287
vn 0.989361 0.000000 -0.145480
vn 0.941969 0.000000 -0.335699
vn 0.961959 0.000000 -0.273194
vn 0.996773 0.000000 -0.080272
vn 0.858378 0.000000 -0.513018
vn 0.741800 0.000000 -0.670622
vn 0.784188 0.000000 -0.620524
vn 0.890179 0.000000 -0.455612
vn 0.596714 0.000000 -0.802454
vn 0.428700 0.000000 -0.903447
vn 0.487032 0.000000 -0.873384
vn 0.648062 0.000000 -0.761587
vn 0.244208 0.000000 -0.969723
vn 0.050326 0.000000 -0.998733
vn 0.115727 0.000000 -0.993281
vn 0.307287 0.000000 -0.951617
vn -0.145477 0.000000 -0.989362
vn -0.335697 0.000000 -0.941970
vn -0.273187 0.000000 -0.961961
vn -0.080276 0.000000 -0.996773
vn -0.513018 0.000000 -0.858378
vn -0.670622 0.000000 -0.741799
vn -0.620523 0.000000 -0.784189
vn -0.455611 0.000000 -0.890179
vn -0.802454 0.000000 -0.596714
vn -0.903447 0.000000 -0.428699
vn -0.873384 0.000000 -0.487033
vn -0.761588 0.000000 -0.648062
vn -0.969723 0.000000 -0.244206
vn -0.998733 0.000000 -0.050325
vn -0.993281 0.000000 -0.115726
vn -0.951617 0.000000 -0.307286
vn -0.989362 0.000000 0.145477
vn -0.941971 0.000000 0.335696
vn -0.961961 0.000000 0.273187
vn -0.996773 0.000000 0.080276
vn -0.858378 0.000000 0.513018
vn -0.742319 0.000477 0.670047
vn -0.784188 0.000000 0.620524
vn -0.890179 0.000000 0.455612
vn -0.458112 0.000000 0.888895
vn -0.458111 0.000000 0.888895
vn -0.622945 0.000286 0.782266
vn -0.583216 0.000000 0.812317
vn 0.000000 1.000000 0.000000
vn 0.000000 1.000000 0.000000
vn 0.000000 1.000000 -0.000005
vn 0.000000 1.000000 -0.000015
vn 0.000000 1.000000 -0.000003
vn 0.000000 1.000000 0.000000
vn 0.000000 1.000000 0.000000
vn 0.000000 1.000000 0.000000
vn 0.000000 1.000000 0.000001
vn 0.000000 1.000000 0.000004
vn 0.000000 1.000000 0.000001
vn 0.000000 1.000000 0.000000
vn 0.000000 1.000000 0.000000
vn 0.000000 1.000000 0.000000
vn 0.000000 1.000000 0.000000
vn 0.000000 1.000000 0.000000
vn 0.000000 1.000000 -0.000001
vn 0.000000 1.000000 -0.000007
vn 0.000000 1.000000 -0.000004
vn 0.000000 1.000000 -0.000007
vn 0.000000 1.000000 0.000002
vn 0.000000 1.000000 0.000015
vn 0.000000 1.000000 0.000005
vn 0.000000 1.000000 0.000000
vn 0.000000 1.000000 -0.000000
vn 0.000000 1.000000 0.000000
vn 0.000000 1.000000 -0.000000
vn 0.000000 1.000000 -0.000001
vn 0.000000 1.000000 -0.000001
vn 0.000000 1.000000 0.000000
vn 0.000000 1.000000 0.000001
vn 0.000000 1.000000 0.000004
vn 0.291330 -0.147249 -0.945222
vn 0.275894 0.000000 -0.961188
vn 0.114855 -0.122698 -0.985776
vn 0.050332 0.000000 -0.998733
vn -0.079666 -0.122696 -0.989242
vn -0.145482 0.000000 -0.989361
vn -0.271132 -0.122699 -0.954690
vn -0.335700 -0.000000 -0.941969
vn -0.452167 -0.122693 -0.883454
vn -0.513016 -0.000001 -0.858379
vn -0.615833 -0.122700 -0.778264
vn -0.670622 0.000000 -0.741799
vn -0.755833 -0.122703 -0.643165
vn -0.802454 0.000000 -0.596714
vn -0.866784 -0.122700 -0.483354
vn -0.903446 0.000000 -0.428702
vn -0.944426 -0.122704 -0.304963
vn -0.969724 0.000000 -0.244204
vn -0.985776 -0.122698 -0.114854
vn -0.998733 0.000000 -0.050332
vn -0.989241 -0.122698 0.079666
vn -0.989361 0.000000 0.145482
vn -0.954689 -0.122702 0.271132
vn -0.941969 0.000000 0.335701
vn -0.883452 -0.122702 0.452169
vn -0.858378 0.000000 0.513018
vn -0.778265 -0.122698 0.615832
vn -0.741802 0.000000 0.670619
vn -0.643168 -0.122701 0.755830
vn -0.596716 0.000000 0.802453
vn -0.483350 -0.122701 0.866786
vn -0.428694 0.000000 0.903450
vn -0.304962 -0.122698 0.944428
vn -0.244208 0.000000 0.969723
vn -0.114855 -0.122702 0.985775
vn -0.050328 0.000000 0.998733
vn 0.079669 -0.122700 0.989241
vn 0.145480 0.000000 0.989361
vn 0.271126 -0.122702 0.954691
vn 0.335696 0.000000 0.941970
vn 0.452169 -0.122703 0.883452
vn 0.513017 0.000000 0.858379
vn 0.615834 -0.122699 0.778263
vn 0.670622 0.000000 0.741799
vn 0.755832 -0.122696 0.643167
vn 0.802453 0.000000 0.596716
vn 0.866785 -0.122698 0.483352
vn 0.903450 0.000000 0.428694
vn 0.944428 -0.122697 0.304961
vn 0.969723 0.000000 0.244207
vn 0.985775 -0.122701 0.114855
vn 0.998733 0.000000 0.050329
vn 0.989241 -0.122700 -0.079667
vn 0.989362 0.000000 -0.145477
vn 0.954692 -0.122701 -0.271125
vn 0.941970 0.000000 -0.335698
vn 0.883451 -0.122706 -0.452169
vn 0.858378 0.000000 -0.513018
vn 0.778262 -0.122706 -0.615834
vn 0.741799 0.000000 -0.670623
vn -0.660899 0.000714 0.750475
vn 0.000000 1.000000 -0.000000
vn 0.000000 1.000000 0.000000
vn 0.000000 1.000000 -0.000000
vn 0.000000 1.000000 -0.000001
vn 0.000000 1.000000 -0.000000
vn 0.000000 1.000000 0.000000
vn 0.000000 1.000000 0.000000
vn 0.000000 1.000000 0.000000
vn 0.000000 1.000000 0.000000
vn 0.000000 1.000000 0.000000
vn 0.000000 1.000000 0.000000
vn 0.000000 1.000000 0.000000
vn 0.000000 1.000000 -0.000000
vn 0.000000 1.000000 -0.000001
vn 0.000000 1.000000 -0.000000
vn 0.000000 1.000000 -0.000001
vn 0.000000 1.000000 0.000000
vn 0.000000 1.000000 0.000001
vn 0.000000 1.000000 0.000001
vn 0.000000 1.000000 0.000000
vn 0.000000 1.000000 -0.000000
vn 0.000000 1.000000 0.000001
vn 0.000000 1.000000 -0.000002
vn 0.000000 1.000000 -0.000001
vn 0.000000 1.000000 -0.000001
vn 0.000000 1.000000 -0.000000
vn 0.000000 1.000000 -0.000001
vn 0.000000 1.000000 -0.000001
vn 0.000000 1.000000 0.000001
vn 0.000000 1.000000 0.000002
vn 0.000000 1.000000 0.000001
vn 0.000000 1.000000 -0.000001
vn 0.000000 1.000000 -0.000000
vn 0.000000 1.000000 0.000000
vn 0.000000 1.000000 -0.000000
vn 0.000000 1.000000 0.000000
vn 0.000000 1.000000 -0.000000
vn 0.000000 1.000000 0.000000
vn 0.000000 1.000000 -0.000000
vn 0.000000 1.000000 0.000000
vn 0.000000 1.000000 0.000000
vn 0.000000 1.000000 0.000001
vn 0.000000 1.000000 0.000001
vn 0.000000 1.000000 0.000001
vn 0.000000 1.000000 0.000000
vn 0.000000 1.000000 -0.000001
vn 0.000000 1.000000 -0.000005
vn 0.000000 1.000000 0.000002
vn 0.000000 1.000000 0.000000
vn 0.000000 1.000000 0.000010
vn 0.000000 1.000000 0.000041
vn 0.000000 1.000000 0.000001
vn 0.000000 1.000000 0.000000
vn 0.000000 1.000000 0.000000
vn 0.000000 1.000000 -0.000001
vn 0.000000 1.000000 0.000000
vn 0.000000 1.000000 0.000003
vn 0.000000 1.000000 0.000001
vn 0.000000 1.000000 0.000001
vn 0.000000 1.000000 0.000001
vn 0.000000 1.000000 -0.000000
vn 0.000000 1.000000 0.000001
vn 0.000000 1.000000 0.000003
vn 0.000000 1.000000 -0.000001
vn 0.000000 1.000000 0.000044
vn 0.394198 -0.494499 -0.774648
vn 0.235497 -0.494497 -0.836668
vn 0.537750 -0.494499 -0.682859
vn 0.660635 -0.494499 -0.564829
vn 0.758135 -0.494498 -0.425092
vn 0.826499 -0.494498 -0.269019
vn 0.863104 -0.494493 -0.102607
vn 0.866536 -0.494496 0.067746
vn 0.836670 -0.494495 0.235495
vn 0.774651 -0.494494 0.394198
vn 0.682860 -0.494494 0.537752
vn 0.564830 -0.494493 0.660639
vn 0.425093 -0.494495 0.758137
vn 0.269019 -0.494496 0.826500
vn 0.102607 -0.494493 0.863104
vn -0.067746 -0.494496 0.866535
vn -0.235496 -0.494497 0.836669
vn -0.394197 -0.494494 0.774651
vn -0.537751 -0.494496 0.682860
vn -0.660639 -0.494495 0.564828
vn -0.758137 -0.494494 0.425092
vn -0.826499 -0.494496 0.269021
vn -0.863100 -0.494498 0.102612
vn -0.866538 -0.494492 -0.067749
vn -0.836669 -0.494497 -0.235498
vn -0.774648 -0.494497 -0.394199
vn -0.682860 -0.494496 -0.537752
vn -0.564829 -0.494500 -0.660634
vn -0.425093 -0.494493 -0.758138
vn -0.269021 -0.494493 -0.826502
vn -0.102612 -0.494498 -0.863101
vn 0.067749 -0.494492 -0.866538
s 1
g Toasters040_Jaw
f 65/1/1 96/2/2 32/3/3
f 32/3/3 1/4/4 65/1/1
f 165/5/5 166/6/6 167/7/7
f 167/7/7 168/8/8 169/9/9
f 169/9/9 170/10/10 171/11/11
f 167/7/7 169/9/9 171/11/11
f 171/11/11 172/12/12 173/13/13
f 173/13/13 174/14/14 175/15/15
f 171/11/11 173/13/13 175/15/15
f 175/15/15 176/16/16 177/17/17
f 177/17/17 178/18/18 179/19/19
f 175/15/15 177/17/17 179/19/19
f 171/11/11 175/15/15 179/19/19
f 179/19/19 180/20/20 181/21/21
f 181/21/21 182/22/22 183/23/23
f 179/19/19 181/21/21 183/23/23
f 183/23/23 184/24/24 185/25/25
f 185/25/25 186/26/26 187/27/27
f 183/23/23 185/25/25 187/27/27
f 179/19/19 183/23/23 187/27/27
f 187/27/27 188/28/28 189/29/29
f 189/29/29 190/30/30 191/31/31
f 187/27/27 189/29/29 191/31/31
f 191/31/31 192/32/32 193/33/33
f 193/33/33 162/34/34 163/35/35
f 191/31/31 193/33/33 163/35/35
f 187/27/27 191/31/31 163/35/35
f 179/19/19 187/27/27 163/35/35
f 171/11/11 179/19/19 163/35/35
f 167/7/7 171/11/11 163/35/35
f 165/5/5 167/7/7 163/35/35
f 164/36/36 165/5/5 163/35/35
s 17
f 97/37/37 100/38/38 35/39/39
f 35/39/39 34/40/40 97/37/37
f 99/41/41 102/42/42 37/43/43
f 37/43/43 36/44/44 99/41/41
f 101/45/45 104/46/46 39/47/47
f 39/47/47 38/48/48 101/45/45
f 103/49/49 106/50/50 41/51/51
f 41/51/51 40/52/52 103/49/49
f 105/53/53 108/54/54 43/55/55
f 43/55/55 42/56/56 105/53/53
f 107/57/57 110/58/58 45/59/59
f 45/59/59 44/60/60 107/57/57
f 109/61/61 112/62/62 47/63/63
f 47/63/63 46/64/64 109/61/61
f 111/65/65 114/66/66 49/67/67
f 49/67/67 48/68/68 111/65/65
f 113/69/69 116/70/70 51/71/71
f 51/71/71 50/72/72 113/69/69
f 115/73/73 118/74/74 53/75/75
f 53/75/75 52/76/76 115/73/73
f 117/77/77 120/78/78 55/79/79
f 55/79/79 54/80/80 117/77/77
f 119/81/81 122/82/82 57/83/83
f 57/83/83 56/84/84 119/81/81
f 121/85/85 124/86/86 59/87/87
f 59/87/87 58/88/88 121/85/85
f 123/89/89 126/90/90 61/91/91
f 61/91/91 60/92/92 123/89/89
f 125/93/93 128/94/94 63/95/95
f 63/95/95 62/96/96 125/93/93
f 98/97/97 33/98/98 64/99/99
f 64/99/99 127/100/100 98/97/97
s 33
f 33/98/101 34/40/102 35/39/103
f 35/39/103 36/44/104 37/43/105
f 33/98/101 35/39/103 37/43/105
f 37/43/105 38/48/106 39/47/107
f 39/47/107 40/52/108 41/51/109
f 37/43/105 39/47/107 41/51/109
f 33/98/101 37/43/105 41/51/109
f 41/51/109 42/56/110 43/55/111
f 43/55/111 44/60/112 45/59/113
f 41/51/109 43/55/111 45/59/113
f 45/59/113 46/64/114 47/63/115
f 47/63/115 48/68/116 49/67/117
f 45/59/113 47/63/115 49/67/117
f 41/51/109 45/59/113 49/67/117
f 33/98/101 41/51/109 49/67/117
f 49/67/117 50/72/118 51/71/119
f 51/71/119 52/76/120 53/75/121
f 49/67/117 51/71/119 53/75/121
f 53/75/121 54/80/122 55/79/123
f 55/79/123 56/84/124 57/83/125
f 53/75/121 55/79/123 57/83/125
f 49/67/117 53/75/121 57/83/125
f 33/98/101 49/67/117 57/83/125
f 57/83/125 58/88/126 59/87/127
f 59/87/127 60/92/128 61/91/129
f 57/83/125 59/87/127 61/91/129
f 33/98/101 57/83/125 61/91/129
f 61/91/129 62/96/130 63/95/131
f 33/98/101 61/91/129 63/95/131
f 64/99/132 33/98/101 63/95/131
s 1
f 1/4/4 2/101/133 66/102/134
f 66/102/134 65/1/1 1/4/4
f 66/102/134 2/101/133 3/103/135
f 3/103/135 67/104/136 66/102/134
f 67/104/136 3/103/135 4/105/137
f 4/105/137 68/106/138 67/104/136
f 68/106/138 4/105/137 5/107/139
f 5/107/139 69/108/140 68/106/138
f 69/108/140 5/107/139 6/109/141
f 6/109/141 70/110/142 69/108/140
f 70/110/142 6/109/141 7/111/143
f 7/111/143 71/112/144 70/110/142
f 71/112/144 7/111/143 8/113/145
f 8/113/145 72/114/146 71/112/144
f 72/114/146 8/113/145 9/115/147
f 9/115/147 73/116/148 72/114/146
f 73/116/148 9/115/147 10/117/149
f 10/117/149 74/118/150 73/116/148
f 74/118/150 10/117/149 11/119/151
f 11/119/151 75/120/152 74/118/150
f 75/120/152 11/119/151 12/121/153
f 12/121/153 76/122/154 75/120/152
f 76/122/154 12/121/153 13/123/155
f 13/123/155 77/124/156 76/122/154
f 77/124/156 13/123/155 14/125/157
f 14/125/157 78/126/158 77/124/156
f 78/126/158 14/125/157 15/127/159
f 15/127/159 79/128/160 78/126/158
f 79/128/160 15/127/159 16/129/161
f 16/129/161 80/130/162 79/128/160
f 80/130/162 16/129/161 17/131/163
f 17/131/163 81/132/164 80/130/162
f 81/132/164 17/131/163 18/133/165
f 18/133/165 82/134/166 81/132/164
f 82/134/166 18/133/165 19/135/167
f 19/135/167 83/136/168 82/134/166
f 83/136/168 19/135/167 20/137/169
f 20/137/169 84/138/170 83/136/168
f 84/138/170 20/137/169 21/139/171
f 21/139/171 85/140/172 84/138/170
f 85/140/172 21/139/171 22/141/173
f 22/141/173 86/142/174 85/140/172
f 86/142/174 22/141/173 23/143/175
f 23/143/175 87/144/176 86/142/174
f 87/144/176 23/143/175 24/145/177
f 24/145/177 88/146/178 87/144/176
f 88/146/178 24/145/177 25/147/179
f 25/147/179 89/148/180 88/146/178
f 89/148/180 25/147/179 26/149/181
f 26/149/181 90/150/182 89/148/180
f 90/150/182 26/149/181 27/151/183
f 27/151/183 91/152/184 90/150/182
f 91/152/184 27/151/183 28/153/185
f 28/153/185 92/154/186 91/152/184
f 92/154/186 28/153/185 29/155/187
f 29/155/187 93/156/188 92/154/186
f 93/156/188 29/155/187 30/157/189
f 30/157/189 94/158/190 93/156/188
f 94/158/190 30/157/189 31/159/191
f 31/159/191 95/160/192 94/158/190
f 95/160/192 31/159/191 32/3/3
f 32/3/3 96/2/2 95/160/192
s 17
f 34/40/40 33/98/98 98/97/97
f 98/97/97 97/37/37 34/40/40
f 36/44/44 35/39/39 100/38/38
f 100/38/38 99/41/41 36/44/44
f 38/48/48 37/43/43 102/42/42
f 102/42/42 101/45/45 38/48/48
f 40/52/52 39/47/47 104/46/46
f 104/46/46 103/49/49 40/52/52
f 42/56/56 41/51/51 106/50/50
f 106/50/50 105/53/53 42/56/56
f 44/60/60 43/55/55 108/54/54
f 108/54/54 107/57/57 44/60/60
f 46/64/64 45/59/59 110/58/58
f 110/58/58 109/61/61 46/64/64
f 48/68/68 47/63/63 112/62/62
f 112/62/62 111/65/65 48/68/68
f 50/72/72 49/67/67 114/66/66
f 114/66/66 113/69/69 50/72/72
f 52/76/76 51/71/71 116/70/70
f 116/70/70 115/73/73 52/76/76
f 54/80/80 53/75/75 118/74/74
f 118/74/74 117/77/77 54/80/80
f 56/84/84 55/79/79 120/78/78
f 120/78/78 119/81/81 56/84/84
f 58/88/88 57/83/83 122/82/82
f 122/82/82 121/85/85 58/88/88
f 60/92/92 59/87/87 124/86/86
f 124/86/86 123/89/89 60/92/92
f 62/96/96 61/91/91 126/90/90
f 126/90/90 125/93/93 62/96/96
f 64/99/99 63/95/95 128/94/94
f 64/99/99 128/94/94 129/161/193
f 127/100/100 64/99/99 129/161/193
s 41
f 72/114/194 73/116/195 106/50/196
f 106/50/196 103/49/197 72/114/194
f 78/126/198 79/128/199 80/130/200
f 78/126/198 80/130/200 81/132/201
f 82/134/202 113/69/203 114/66/204
f 81/132/201 82/134/202 114/66/204
f 81/132/201 114/66/204 111/65/205
f 81/132/201 111/65/205 112/62/206
f 78/126/198 81/132/201 112/62/206
f 78/126/198 112/62/206 109/61/207
f 77/124/208 78/126/198 109/61/207
f 77/124/208 109/61/207 110/58/209
f 77/124/208 110/58/209 107/57/210
f 76/122/211 77/124/208 107/57/210
f 75/120/212 76/122/211 107/57/210
f 75/120/212 107/57/210 108/54/213
f 75/120/212 108/54/213 105/53/214
f 74/118/215 75/120/212 105/53/214
f 73/116/195 74/118/215 105/53/214
f 106/50/196 73/116/195 105/53/214
f 82/134/202 83/136/216 116/70/217
f 116/70/217 113/69/203 82/134/202
f 115/73/218 116/70/217 83/136/216
f 115/73/218 83/136/216 84/138/219
f 115/73/218 84/138/219 85/140/220
f 118/74/221 115/73/218 85/140/220
f 118/74/221 85/140/220 86/142/222
f 117/77/223 118/74/221 86/142/222
f 117/77/223 86/142/222 87/144/224
f 120/78/225 117/77/223 87/144/224
f 119/81/226 120/78/225 87/144/224
f 119/81/226 87/144/224 88/146/227
f 119/81/226 88/146/227 89/148/228
f 122/82/229 119/81/226 89/148/228
f 122/82/229 89/148/228 90/150/230
f 121/85/231 122/82/229 90/150/230
f 121/85/231 90/150/230 91/152/232
f 124/86/233 121/85/231 91/152/232
f 124/86/233 91/152/232 92/154/234
f 123/89/235 124/86/233 92/154/234
f 123/89/235 92/154/234 93/156/236
f 126/90/237 123/89/235 93/156/236
f 125/93/238 126/90/237 93/156/236
f 125/93/238 93/156/236 94/158/239
f 128/94/240 125/93/238 94/158/239
f 95/160/241 96/2/242 65/1/243
f 94/158/239 95/160/241 65/1/243
f 128/94/240 94/158/239 65/1/243
f 129/161/244 128/94/240 65/1/243
f 69/108/245 70/110/246 71/112/247
f 69/108/245 71/112/247 72/114/194
f 72/114/194 104/46/248 101/45/249
f 69/108/245 72/114/194 101/45/249
f 69/108/245 101/45/249 102/42/250
f 69/108/245 102/42/250 99/41/251
f 68/106/252 69/108/245 99/41/251
f 67/104/253 68/106/252 99/41/251
f 67/104/253 99/41/251 100/38/254
f 67/104/253 100/38/254 97/37/255
f 66/102/256 67/104/253 97/37/255
f 65/1/243 66/102/256 97/37/255
f 65/1/243 97/37/255 98/97/257
f 65/1/243 98/97/257 127/100/258
f 129/161/244 65/1/243 127/100/258
f 103/49/197 104/46/248 72/114/194
s 1
f 2/101/133 1/4/4 131/162/259
f 131/162/259 130/163/260 2/101/133
f 1/4/4 32/3/3 132/164/261
f 132/164/261 131/162/259 1/4/4
f 32/3/3 31/159/191 133/165/262
f 133/165/262 132/164/261 32/3/3
f 31/159/191 30/157/189 134/166/263
f 134/166/263 133/165/262 31/159/191
f 30/157/189 29/155/187 135/167/264
f 135/167/264 134/166/263 30/157/189
f 29/155/187 28/153/185 136/168/265
f 136/168/265 135/167/264 29/155/187
f 28/153/185 27/151/183 137/169/266
f 137/169/266 136/168/265 28/153/185
f 27/151/183 26/149/181 138/170/267
f 138/170/267 137/169/266 27/151/183
f 26/149/181 25/147/179 139/171/268
f 139/171/268 138/170/267 26/149/181
f 25/147/179 24/145/177 140/172/269
f 140/172/269 139/171/268 25/147/179
f 24/145/177 23/143/175 141/173/270
f 141/173/270 140/172/269 24/145/177
f 23/143/175 22/141/173 142/174/271
f 142/174/271 141/173/270 23/143/175
f 22/141/173 21/139/171 143/175/272
f 143/175/272 142/174/271 22/141/173
f 21/139/171 20/137/169 144/176/273
f 144/176/273 143/175/272 21/139/171
f 20/137/169 19/135/167 145/177/274
f 145/177/274 144/176/273 20/137/169
f 19/135/167 18/133/165 146/178/275
f 146/178/275 145/177/274 19/135/167
f 18/133/165 17/131/163 147/179/276
f 147/179/276 146/178/275 18/133/165
f 17/131/163 16/129/161 148/180/277
f 148/180/277 147/179/276 17/131/163
f 16/129/161 15/127/159 149/181/278
f 149/181/278 148/180/277 16/129/161
f 15/127/159 14/125/157 150/182/279
f 150/182/279 149/181/278 15/127/159
f 14/125/157 13/123/155 151/183/280
f 151/183/280 150/182/279 14/125/157
f 13/123/155 12/121/153 152/184/281
f 152/184/281 151/183/280 13/123/155
f 12/121/153 11/119/151 153/185/282
f 153/185/282 152/184/281 12/121/153
f 11/119/151 10/117/149 154/186/283
f 154/186/283 153/185/282 11/119/151
f 10/117/149 9/115/147 155/187/284
f 155/187/284 154/186/283 10/117/149
f 9/115/147 8/113/145 156/188/285
f 156/188/285 155/187/284 9/115/147
f 8/113/145 7/111/143 157/189/286
f 157/189/286 156/188/285 8/113/145
f 7/111/143 6/109/141 158/190/287
f 158/190/287 157/189/286 7/111/143
f 6/109/141 5/107/139 159/191/288
f 159/191/288 158/190/287 6/109/141
f 5/107/139 4/105/137 160/192/289
f 160/192/289 159/191/288 5/107/139
f 4/105/137 3/103/135 161/193/290
f 161/193/290 160/192/289 4/105/137
f 3/103/135 2/101/133 130/163/260
f 130/163/260 161/193/290 3/103/135
f 130/163/260 131/162/259 163/35/35
f 163/35/35 162/34/34 130/163/260
f 131/162/259 132/164/261 164/36/36
f 164/36/36 163/35/35 131/162/259
f 132/164/261 133/165/262 165/5/5
f 165/5/5 164/36/36 132/164/261
f 133/165/262 134/166/263 166/6/6
f 166/6/6 165/5/5 133/165/262
f 134/166/263 135/167/264 167/7/7
f 167/7/7 166/6/6 134/166/263
f 135/167/264 136/168/265 168/8/8
f 168/8/8 167/7/7 135/167/264
f 136/168/265 137/169/266 169/9/9
f 169/9/9 168/8/8 136/168/265
f 137/169/266 138/170/267 170/10/10
f 170/10/10 169/9/9 137/169/266
f 138/170/267 139/171/268 171/11/11
f 171/11/11 170/10/10 138/170/267
f 139/171/268 140/172/269 172/12/12
f 172/12/12 171/11/11 139/171/268
f 140/172/269 141/173/270 173/13/13
f 173/13/13 172/12/12 140/172/269
f 141/173/270 142/174/271 174/14/14
f 174/14/14 173/13/13 141/173/270
f 142/174/271 143/175/272 175/15/15
f 175/15/15 174/14/14 142/174/271
f 143/175/272 144/176/273 176/16/16
f 176/16/16 175/15/15 143/175/272
f 144/176/273 145/177/274 177/17/17
f 177/17/17 176/16/16 144/176/273
f 145/177/274 146/178/275 178/18/18
f 178/18/18 177/17/17 145/177/274
f 146/178/275 147/179/276 179/19/19
f 179/19/19 178/18/18 146/178/275
f 147/179/276 148/180/277 180/20/20
f 180/20/20 179/19/19 147/179/276
f 148/180/277 149/181/278 181/21/21
f 181/21/21 180/20/20 148/180/277
f 149/181/278 150/182/279 182/22/22
f 182/22/22 181/21/21 149/181/278
f 150/182/279 151/183/280 183/23/23
f 183/23/23 182/22/22 150/182/279
f 151/183/280 152/184/281 184/24/24
f 184/24/24 183/23/23 151/183/280
f 152/184/281 153/185/282 185/25/25
f 185/25/25 184/24/24 152/184/281
f 153/185/282 154/186/283 186/26/26
f 186/26/26 185/25/25 153/185/282
f 154/186/283 155/187/284 187/27/27
f 187/27/27 186/26/26 154/186/283
f 155/187/284 156/188/285 188/28/28
f 188/28/28 187/27/27 155/187/284
f 156/188/285 157/189/286 189/29/29
f 189/29/29 188/28/28 156/188/285
f 157/189/286 158/190/287 190/30/30
f 190/30/30 189/29/29 157/189/286
f 158/190/287 159/191/288 191/31/31
f 191/31/31 190/30/30 158/190/287
f 159/191/288 160/192/289 192/32/32
f 192/32/32 191/31/31 159/191/288
f 160/192/289 161/193/290 193/33/33
f 193/33/33 192/32/32 160/192/289
f 161/193/290 130/163/260 162/34/34
f 162/34/34 193/33/33 161/193/290
g default
v -218.117203 40.000000 117.192101
v -220.713593 40.000000 126.643700
v -221.416199 40.000000 136.420197
v -220.197998 40.000000 146.145905
v -217.105896 40.000000 155.447098
v -212.258499 40.000000 163.966293
v -205.842300 40.000000 171.376099
v -198.103806 40.000000 177.391907
v -189.340393 40.000000 181.782303
v -179.888794 40.000000 184.378693
v -170.112305 40.000000 185.081406
v -160.386597 40.000000 183.863205
v -151.085403 40.000000 180.770996
v -142.566193 40.000000 175.923706
v -135.156296 40.000000 169.507507
v -129.140594 40.000000 161.768997
v -124.750198 40.000000 153.005493
v -122.153702 40.000000 143.554001
v -121.451103 40.000000 133.777496
v -122.669296 40.000000 124.051804
v -125.761497 40.000000 114.750603
v -130.608795 40.000000 106.231400
v -137.024994 40.000000 98.821503
v -144.763504 40.000000 92.805801
v -153.526901 40.000000 88.415298
v -162.978500 40.000000 85.818901
v -172.755005 40.000000 85.116302
v -182.480698 40.000000 86.334503
v -191.781906 40.000000 89.426598
v -200.301102 40.000000 94.274002
v -207.710999 40.000000 100.690201
v -213.726700 40.000000 108.428703
v -215.316101 55.000000 118.266502
v -217.756805 55.000000 127.151001
v -218.417206 55.000000 136.340897
v -217.272202 55.000000 145.483002
v -214.365494 55.000000 154.226196
v -209.809006 55.000000 162.234207
v -203.777802 55.000000 169.199493
v -196.503601 55.000000 174.854294
v -188.266006 55.000000 178.981293
v -179.381500 55.000000 181.421906
v -170.191605 55.000000 182.082397
v -161.049393 55.000000 180.937302
v -152.306305 55.000000 178.030701
v -144.298203 55.000000 173.474197
v -137.332993 55.000000 167.442993
v -131.678207 55.000000 160.168793
v -127.551201 55.000000 151.931107
v -125.110497 55.000000 143.046707
v -124.450104 55.000000 133.856796
v -125.595200 55.000000 124.714600
v -128.501801 55.000000 115.971497
v -133.058304 55.000000 107.963402
v -139.089493 55.000000 100.998100
v -146.363693 55.000000 95.343300
v -154.601303 55.000000 91.216301
v -163.485794 55.000000 88.775703
v -172.675705 55.000000 88.115196
v -181.817902 55.000000 89.260300
v -190.561005 55.000000 92.167000
v -198.569107 55.000000 96.723396
v -205.534302 55.000000 102.754700
v -211.189102 55.000000 110.028900
v -218.117203 70.000000 117.192101
v -220.713593 70.000000 126.643700
v -221.416199 70.000000 136.420197
v -220.197998 70.000000 146.145905
v -217.105896 70.000000 155.447098
v -212.258499 70.000000 163.966293
v -205.842300 70.000000 171.376099
v -198.103806 70.000000 177.391907
v -189.340393 70.000000 181.782303
v -179.888794 70.000000 184.378693
v -170.112305 70.000000 185.081406
v -160.386597 70.000000 183.863205
v -151.085403 70.000000 180.770996
v -142.566193 70.000000 175.923706
v -135.156296 70.000000 169.507507
v -129.140594 70.000000 161.768997
v -124.750198 70.000000 153.005493
v -122.153702 70.000000 143.554001
v -121.451103 70.000000 133.777496
v -122.669296 70.000000 124.051804
v -125.761497 70.000000 114.750603
v -130.608795 70.000000 106.231400
v -137.024994 70.000000 98.821503
v -144.763504 70.000000 92.805801
v -153.526901 70.000000 88.415298
v -162.978500 70.000000 85.818901
v -172.755005 70.000000 85.116302
v -182.480698 70.000000 86.334503
v -191.781906 70.000000 89.426598
v -200.301102 70.000000 94.274002
v -207.710999 70.000000 100.690201
v -213.726700 70.000000 108.428703
v -217.756805 70.000000 127.151001
v -215.316101 70.000000 118.266502
v -217.272202 70.000000 145.483002
v -218.417206 70.000000 136.340897
v -209.809006 70.000000 162.234207
v -214.365494 70.000000 154.226196
v -196.503601 70.000000 174.854294
v -203.777802 70.000000 169.199493
v -179.381500 70.000000 181.421906
v -188.266006 70.000000 178.981293
v -161.049393 70.000000 180.937302
v -170.191605 70.000000 182.082397
v -144.298203 70.000000 173.474197
v -152.306305 70.000000 178.030701
v -131.678207 70.000000 160.168793
v -137.332993 70.000000 167.442993
v -125.110497 70.000000 143.046707
v -127.551201 70.000000 151.931107
v -125.595200 70.000000 124.714600
v -124.450104 70.000000 133.856796
v -133.058304 70.000000 107.963402
v -128.501801 70.000000 115.971497
v -146.363693 70.000000 95.343300
v -139.089493 70.000000 100.998100
v -163.485794 70.000000 88.775703
v -154.601303 70.000000 91.216301
v -181.817902 70.000000 89.260300
v -172.675705 70.000000 88.115196
v -198.569107 70.000000 96.723396
v -190.561005 70.000000 92.167000
v -211.189102 70.000000 110.028900
v -205.534302 70.000000 102.754700
v -211.076706 70.000000 109.850197
v -219.723206 36.000000 126.813599
v -217.179001 36.000000 117.551903
v -212.876801 36.000000 108.964600
v -206.981903 36.000000 101.381699
v -199.720993 36.000000 95.094398
v -191.373001 36.000000 90.344498
v -182.258698 36.000000 87.314499
v -172.728394 36.000000 86.120796
v -163.148407 36.000000 86.809303
v -153.886795 36.000000 89.353500
v -145.299500 36.000000 93.655701
v -137.716507 36.000000 99.550598
v -131.429199 36.000000 106.811501
v -126.679298 36.000000 115.159500
v -123.649300 36.000000 124.273804
v -122.455597 36.000000 133.804001
v -123.144096 36.000000 143.384003
v -125.688301 36.000000 152.645706
v -129.990601 36.000000 161.233002
v -135.885406 36.000000 168.815994
v -143.146301 36.000000 175.103195
v -151.494293 36.000000 179.853104
v -160.608597 36.000000 182.883194
v -170.138901 36.000000 184.076904
v -179.718903 36.000000 183.388397
v -188.980499 36.000000 180.844101
v -197.567795 36.000000 176.541901
v -205.150803 36.000000 170.647095
v -211.438095 36.000000 163.386093
v -216.188004 36.000000 155.038101
v -219.218002 36.000000 145.923904
v -220.411697 36.000000 136.393600
v -215.761703 32.000000 127.493301
v -213.426193 32.000000 118.991402
v -209.476898 32.000000 111.108597
v -204.065704 32.000000 104.147697
v -197.400406 32.000000 98.376198
v -189.737198 32.000000 94.015900
v -181.370697 32.000000 91.234497
v -172.622192 32.000000 90.138702
v -163.828094 32.000000 90.770699
v -155.326294 32.000000 93.106300
v -147.443405 32.000000 97.055496
v -140.482498 32.000000 102.466797
v -134.710999 32.000000 109.132103
v -130.350800 32.000000 116.795197
v -127.569298 32.000000 125.161797
v -126.473602 32.000000 133.910202
v -127.105598 32.000000 142.704407
v -129.441101 32.000000 151.206207
v -133.390396 32.000000 159.089096
v -138.801605 32.000000 166.050003
v -145.466904 32.000000 171.821396
v -153.130096 32.000000 176.181702
v -161.496597 32.000000 178.963196
v -170.245102 32.000000 180.058899
v -179.039200 32.000000 179.426895
v -187.541000 32.000000 177.091400
v -195.423904 32.000000 173.142105
v -202.384796 32.000000 167.730896
v -208.156296 32.000000 161.065598
v -212.516495 32.000000 153.402405
v -215.298004 32.000000 145.035797
v -216.393799 32.000000 136.287399
vt 0.671000 0.977200
vt 0.759400 0.945300
vt 0.759400 0.719800
vt 0.671000 0.751700
vt 0.803800 0.587600
vt 0.862700 0.538300
vt 0.907600 0.481300
vt 0.936800 0.418700
vt 0.949300 0.353100
vt 0.944500 0.286900
vt 0.922600 0.222700
vt 0.884500 0.163000
vt 0.831600 0.110000
vt 0.765900 0.065700
vt 0.690100 0.032000
vt 0.606900 0.010000
vt 0.519600 0.000600
vt 0.431600 0.004200
vt 0.346200 0.020700
vt 0.266700 0.049300
vt 0.196200 0.089100
vt 0.137300 0.138500
vt 0.092400 0.195500
vt 0.063200 0.258000
vt 0.050700 0.323600
vt 0.055500 0.389800
vt 0.077400 0.454000
vt 0.115500 0.513800
vt 0.168400 0.566800
vt 0.234100 0.611000
vt 0.309900 0.644800
vt 0.393100 0.666800
vt 0.480400 0.676100
vt 0.568400 0.672500
vt 0.653800 0.656100
vt 0.733300 0.627400
vt 0.571500 0.973200
vt 0.479500 0.977000
vt 0.479500 0.864200
vt 0.571500 0.860400
vt 0.388300 0.967200
vt 0.301400 0.944200
vt 0.301400 0.831500
vt 0.388300 0.854400
vt 0.222100 0.908900
vt 0.153500 0.862700
vt 0.153500 0.749900
vt 0.222100 0.796200
vt 0.098200 0.807300
vt 0.058400 0.744800
vt 0.058400 0.632100
vt 0.098200 0.694500
vt 0.035500 0.677800
vt 0.030500 0.608600
vt 0.030500 0.495900
vt 0.035500 0.565000
vt 0.043500 0.540000
vt 0.074100 0.474700
vt 0.074100 0.362000
vt 0.043500 0.427300
vt 0.121000 0.415100
vt 0.182500 0.363500
vt 0.182500 0.250800
vt 0.121000 0.302400
vt 0.256200 0.322000
vt 0.339300 0.292000
vt 0.339300 0.179300
vt 0.256200 0.209200
vt 0.428500 0.274800
vt 0.520500 0.271100
vt 0.520500 0.158300
vt 0.428500 0.162100
vt 0.611700 0.280800
vt 0.698600 0.303800
vt 0.698600 0.191100
vt 0.611700 0.168100
vt 0.777900 0.339100
vt 0.846500 0.385300
vt 0.846500 0.272600
vt 0.777900 0.226300
vt 0.901800 0.440700
vt 0.941600 0.503200
vt 0.941600 0.390400
vt 0.901800 0.328000
vt 0.964500 0.570300
vt 0.969500 0.639400
vt 0.969500 0.526700
vt 0.964500 0.457500
vt 0.956500 0.708000
vt 0.925900 0.773300
vt 0.925900 0.660600
vt 0.956500 0.595200
vt 0.879000 0.832900
vt 0.817500 0.884500
vt 0.817500 0.771700
vt 0.879000 0.720200
vt 0.660700 0.956000
vt 0.660700 0.843200
vt 0.743800 0.813300
vt 0.743800 0.926000
vt 0.576100 0.770000
vt 0.576100 0.995500
vt 0.478200 0.774000
vt 0.478200 0.999500
vt 0.381200 0.763600
vt 0.381200 0.989100
vt 0.288700 0.739100
vt 0.288700 0.964600
vt 0.204400 0.701600
vt 0.204400 0.927100
vt 0.131400 0.652400
vt 0.131400 0.877900
vt 0.072600 0.593500
vt 0.072600 0.819000
vt 0.030200 0.527100
vt 0.030200 0.752600
vt 0.005800 0.455700
vt 0.005800 0.681200
vt 0.000500 0.382100
vt 0.000500 0.607600
vt 0.014400 0.309200
vt 0.014400 0.534700
vt 0.046900 0.239700
vt 0.046900 0.465200
vt 0.096800 0.176300
vt 0.096800 0.401800
vt 0.162200 0.121400
vt 0.162200 0.346900
vt 0.240600 0.077200
vt 0.240600 0.302700
vt 0.329000 0.045300
vt 0.329000 0.270800
vt 0.423900 0.027000
vt 0.423900 0.252500
vt 0.521800 0.023000
vt 0.521800 0.248500
vt 0.618800 0.033400
vt 0.618800 0.258900
vt 0.711300 0.057900
vt 0.711300 0.283400
vt 0.795600 0.095400
vt 0.795600 0.320900
vt 0.868600 0.144600
vt 0.868600 0.370100
vt 0.927400 0.203500
vt 0.927400 0.429000
vt 0.969800 0.270000
vt 0.969800 0.495500
vt 0.994200 0.341300
vt 0.994200 0.566800
vt 0.999500 0.414900
vt 0.999500 0.640400
vt 0.985600 0.487800
vt 0.985600 0.713300
vt 0.953100 0.557300
vt 0.953100 0.782900
vt 0.903200 0.620700
vt 0.903200 0.846300
vt 0.837800 0.675600
vt 0.837800 0.901100
vt 0.745600 0.925200
vt 0.667600 0.714500
vt 0.574500 0.732400
vt 0.754200 0.683300
vt 0.831000 0.640000
vt 0.895100 0.586200
vt 0.944000 0.524100
vt 0.975900 0.456000
vt 0.989500 0.384500
vt 0.984200 0.312400
vt 0.960400 0.242500
vt 0.918800 0.177400
vt 0.861200 0.119600
vt 0.789700 0.071400
vt 0.707100 0.034700
vt 0.616400 0.010700
vt 0.521400 0.000500
vt 0.425500 0.004400
vt 0.332400 0.022400
vt 0.245800 0.053600
vt 0.169000 0.096900
vt 0.104900 0.150700
vt 0.056000 0.212800
vt 0.024100 0.280900
vt 0.010500 0.352400
vt 0.015800 0.424500
vt 0.039600 0.494400
vt 0.081200 0.559500
vt 0.138800 0.617300
vt 0.210300 0.665400
vt 0.292900 0.702200
vt 0.383600 0.726200
vt 0.478600 0.736400
vn -0.921415 0.000000 -0.388581
vn -0.845860 0.000000 -0.533405
vn -0.833752 -0.105197 -0.542025
vn -0.926784 -0.122762 -0.354965
vn -0.285099 -0.924458 -0.253171
vn -0.338417 -0.828189 -0.446740
vn -0.124187 -0.958716 -0.255813
vn -0.141694 -0.828188 -0.542244
vn -0.022578 -0.924457 -0.380618
vn 0.076600 -0.828186 -0.555194
vn 0.073840 -0.974220 -0.213175
vn 0.283227 -0.828190 -0.483615
vn 0.253174 -0.924457 -0.285101
vn 0.446740 -0.828189 -0.338417
vn 0.255812 -0.958717 -0.124187
vn 0.542242 -0.828189 -0.141693
vn 0.380614 -0.924458 -0.022577
vn 0.555188 -0.828190 0.076597
vn 0.193038 -0.978910 0.066865
vn 0.483615 -0.828189 0.283230
vn 0.285102 -0.924457 0.253172
vn 0.338415 -0.828189 0.446741
vn 0.124188 -0.958717 0.255813
vn 0.141696 -0.828188 0.542243
vn 0.022576 -0.924458 0.380614
vn -0.076597 -0.828192 0.555186
vn -0.073841 -0.974219 0.213176
vn -0.283230 -0.828186 0.483620
vn -0.253172 -0.924457 0.285102
vn -0.446743 -0.828188 0.338416
vn -0.255812 -0.958717 0.124186
vn -0.542238 -0.828191 0.141696
vn -0.380618 -0.924457 0.022577
vn -0.555189 -0.828190 -0.076598
vn -0.193037 -0.978911 -0.066865
vn -0.483608 -0.828195 -0.283224
vn 0.990617 0.000000 0.136670
vn 0.998246 0.000000 -0.059211
vn 0.999980 0.000000 0.006387
vn 0.979518 0.000000 0.201355
vn 0.967512 0.000000 -0.252824
vn 0.899597 0.000000 -0.436722
vn 0.926304 0.000000 -0.376778
vn 0.982012 0.000000 -0.188816
vn 0.797114 0.000000 -0.603828
vn 0.663996 0.000000 -0.747736
vn 0.711611 0.000000 -0.702573
vn 0.835002 0.000000 -0.550247
vn 0.505361 0.000000 -0.862908
vn 0.327304 0.000000 -0.944919
vn 0.388577 0.000000 -0.921416
vn 0.560871 0.000000 -0.827903
vn 0.136673 0.000000 -0.990616
vn -0.059212 0.000000 -0.998245
vn 0.006392 0.000000 -0.999980
vn 0.201351 0.000000 -0.979519
vn -0.252824 0.000000 -0.967512
vn -0.436718 0.000000 -0.899598
vn -0.376772 0.000000 -0.926306
vn -0.188818 0.000000 -0.982012
vn -0.603830 0.000000 -0.797113
vn -0.747737 0.000000 -0.663995
vn -0.702576 0.000000 -0.711609
vn -0.550247 0.000000 -0.835002
vn -0.862910 0.000000 -0.505358
vn -0.944917 0.000000 -0.327310
vn -0.921416 0.000000 -0.388578
vn -0.827905 0.000000 -0.560869
vn -0.990617 0.000000 -0.136670
vn -0.998245 0.000000 0.059217
vn -0.999980 0.000000 -0.006383
vn -0.979518 0.000000 -0.201356
vn -0.967513 0.000000 0.252822
vn -0.899599 0.000000 0.436717
vn -0.926306 0.000000 0.376771
vn -0.982012 0.000000 0.188820
vn -0.797116 0.000000 0.603827
vn -0.663997 0.000000 0.747735
vn -0.711613 0.000000 0.702572
vn -0.835003 0.000000 0.550245
vn -0.505361 0.000000 0.862908
vn -0.327303 0.000000 0.944920
vn -0.388576 0.000000 0.921417
vn -0.560871 0.000000 0.827903
vn -0.136674 0.000000 0.990616
vn 0.059213 0.000000 0.998245
vn -0.006392 0.000000 0.999980
vn -0.201351 0.000000 0.979519
vn 0.252829 0.000000 0.967511
vn 0.436714 0.000000 0.899601
vn 0.376774 0.000000 0.926305
vn 0.188824 0.000000 0.982011
vn 0.603833 0.000000 0.797111
vn 0.747223 0.000479 0.664574
vn 0.702580 0.000000 0.711605
vn 0.550244 0.000000 0.835004
vn 0.933669 0.000000 0.358137
vn 0.933669 0.000000 0.358138
vn 0.845742 0.000287 0.533592
vn 0.871310 0.000000 0.490733
vn 0.000000 1.000000 0.000000
vn 0.000000 1.000000 0.000000
vn 0.000000 1.000000 0.000000
vn 0.000000 1.000000 0.000000
vn 0.000000 1.000000 -0.000001
vn 0.000000 1.000000 -0.000007
vn 0.000000 1.000000 -0.000000
vn 0.000000 1.000000 0.000007
vn 0.000000 1.000000 0.000001
vn 0.000000 1.000000 0.000000
vn 0.000000 1.000000 0.000000
vn 0.000000 1.000000 0.000000
vn 0.000000 1.000000 -0.000000
vn 0.000000 1.000000 0.000000
vn 0.000000 1.000000 0.000000
vn 0.000000 1.000000 0.000000
vn 0.000000 1.000000 -0.000000
vn 0.000000 1.000000 0.000000
vn 0.000000 1.000000 0.000000
vn 0.000000 1.000000 0.000000
vn 0.000000 1.000000 0.000000
vn 0.000000 1.000000 0.000000
vn 0.000000 1.000000 0.000000
vn 0.000000 1.000000 0.000000
vn 0.000000 1.000000 -0.000000
vn 0.000000 1.000000 0.000000
vn 0.000000 1.000000 0.000000
vn 0.000000 1.000000 0.000000
vn 0.000000 1.000000 -0.000001
vn 0.000000 1.000000 -0.000007
vn 0.000000 1.000000 -0.000002
vn 0.000000 1.000000 0.000000
vn -0.971417 -0.147244 -0.186191
vn -0.985599 0.000000 -0.169101
vn -0.992423 -0.122704 -0.006339
vn -0.998245 0.000000 0.059216
vn -0.974591 -0.122702 0.187392
vn -0.967513 0.000000 0.252820
vn -0.919306 -0.122704 0.373925
vn -0.899597 0.000000 0.436721
vn -0.828690 -0.122701 0.546093
vn -0.797111 0.000000 0.603833
vn -0.706233 -0.122698 0.697266
vn -0.663998 0.000000 0.747735
vn -0.556634 -0.122703 0.821647
vn -0.505361 0.000000 0.862908
vn -0.385639 -0.122704 0.914454
vn -0.327303 0.000000 0.944920
vn -0.199833 -0.122695 0.972118
vn -0.136677 0.000000 0.990616
vn -0.006345 -0.122699 0.992424
vn 0.059212 0.000000 0.998245
vn 0.187396 -0.122702 0.974591
vn 0.252827 0.000000 0.967512
vn 0.373928 -0.122701 0.919305
vn 0.436719 0.000000 0.899598
vn 0.546087 -0.122703 0.828694
vn 0.603828 0.000000 0.797115
vn 0.697265 -0.122705 0.706233
vn 0.747738 0.000000 0.663994
vn 0.821649 -0.122706 0.556629
vn 0.862911 0.000000 0.505356
vn 0.914454 -0.122695 0.385643
vn 0.944917 0.000000 0.327310
vn 0.972117 -0.122699 0.199834
vn 0.990616 0.000000 0.136674
vn 0.992423 -0.122703 0.006339
vn 0.998245 0.000000 -0.059216
vn 0.974591 -0.122701 -0.187395
vn 0.967512 0.000000 -0.252826
vn 0.919307 -0.122694 -0.373927
vn 0.899598 0.000000 -0.436718
vn 0.828695 -0.122692 -0.546088
vn 0.797115 0.000000 -0.603828
vn 0.706232 -0.122701 -0.697266
vn 0.663995 0.000000 -0.747737
vn 0.556634 -0.122698 -0.821647
vn 0.505364 0.000000 -0.862906
vn 0.385644 -0.122700 -0.914452
vn 0.327305 0.000000 -0.944919
vn 0.199828 -0.122704 -0.972118
vn 0.136669 0.000000 -0.990617
vn 0.006339 -0.122702 -0.992423
vn -0.059216 0.000000 -0.998245
vn -0.187392 -0.122700 -0.974592
vn -0.252819 0.000000 -0.967514
vn -0.373924 -0.122701 -0.919307
vn -0.436721 0.000000 -0.899597
vn -0.546092 -0.122696 -0.828691
vn -0.603831 0.000000 -0.797112
vn -0.697266 -0.122700 -0.706233
vn -0.747737 0.000000 -0.663995
vn 0.818346 0.000716 0.574726
vn 0.000000 1.000000 0.000000
vn 0.000000 1.000000 0.000001
vn 0.000000 1.000000 -0.000000
vn 0.000000 1.000000 -0.000002
vn 0.000000 1.000000 0.000000
vn 0.000000 1.000000 0.000000
vn 0.000000 1.000000 0.000000
vn 0.000000 1.000000 -0.000000
vn 0.000000 1.000000 0.000000
vn 0.000000 1.000000 0.000000
vn 0.000000 1.000000 0.000000
vn 0.000000 1.000000 0.000000
vn 0.000000 1.000000 -0.000001
vn 0.000000 1.000000 -0.000000
vn 0.000000 1.000000 0.000000
vn 0.000000 1.000000 -0.000001
vn 0.000000 1.000000 0.000001
vn 0.000000 1.000000 0.000001
vn 0.000000 1.000000 0.000002
vn 0.000000 1.000000 0.000003
vn 0.000000 1.000000 0.000001
vn 0.000000 1.000000 0.000000
vn 0.000000 1.000000 0.000000
vn 0.000000 1.000000 0.000000
vn 0.000000 1.000000 0.000000
vn 0.000000 1.000000 0.000001
vn 0.000000 1.000000 0.000000
vn 0.000000 1.000000 0.000000
vn 0.000000 1.000000 0.000000
vn 0.000000 1.000000 0.000000
vn 0.000000 1.000000 -0.000001
vn 0.000000 1.000000 0.000000
vn 0.000000 1.000000 -0.000001
vn 0.000000 1.000000 -0.000002
vn 0.000000 1.000000 0.000000
vn 0.000000 1.000000 0.000000
vn 0.000000 1.000000 0.000001
vn 0.000000 1.000000 0.000001
vn 0.000000 1.000000 0.000001
vn 0.000000 1.000000 0.000000
vn 0.000000 1.000000 0.000001
vn 0.000000 1.000000 0.000001
vn 0.000000 1.000000 0.000001
vn 0.000000 1.000000 0.000002
vn 0.000000 1.000000 0.000001
vn 0.000000 1.000000 0.000000
vn 0.000000 1.000000 0.000002
vn 0.000000 1.000000 0.000000
vn 0.000000 1.000000 0.000000
vn 0.000000 1.000000 0.000001
vn 0.000000 1.000000 0.000003
vn 0.000000 1.000000 0.000000
vn 0.000000 1.000000 0.000000
vn 0.000000 1.000000 0.000002
vn 0.000000 1.000000 0.000000
vn 0.000000 1.000000 -0.000001
vn 0.000000 1.000000 0.000000
vn 0.000000 1.000000 0.000000
vn 0.000000 1.000000 0.000000
vn 0.000000 1.000000 0.000000
vn 0.000000 1.000000 0.000000
vn 0.000000 1.000000 0.000000
vn 0.000000 1.000000 0.000000
vn 0.000000 1.000000 0.000000
vn 0.000000 1.000000 0.000000
vn -0.813117 -0.494501 -0.307098
vn -0.857406 -0.494500 -0.142566
vn -0.737582 -0.494493 -0.459836
vn -0.633702 -0.494494 -0.594893
vn -0.505470 -0.494493 -0.707090
vn -0.357809 -0.494494 -0.792116
vn -0.196398 -0.494493 -0.846702
vn -0.027443 -0.494493 -0.868748
vn 0.142569 -0.494497 -0.857407
vn 0.307098 -0.494500 -0.813118
vn 0.459836 -0.494492 -0.737583
vn 0.594891 -0.494495 -0.633703
vn 0.707090 -0.494494 -0.505469
vn 0.792120 -0.494488 -0.357810
vn 0.846702 -0.494494 -0.196399
vn 0.868745 -0.494499 -0.027444
vn 0.857406 -0.494499 0.142566
vn 0.813120 -0.494492 0.307105
vn 0.737584 -0.494494 0.459833
vn 0.633700 -0.494500 0.594890
vn 0.505466 -0.494500 0.707088
vn 0.357810 -0.494496 0.792115
vn 0.196402 -0.494497 0.846699
vn 0.027443 -0.494500 0.868744
vn -0.142573 -0.494492 0.857409
vn -0.307102 -0.494493 0.813121
vn -0.459830 -0.494498 0.737583
vn -0.594892 -0.494495 0.633702
vn -0.707092 -0.494493 0.505468
vn -0.792112 -0.494500 0.357810
vn -0.846701 -0.494495 0.196398
vn -0.868748 -0.494494 0.027442
s 1
g Toasters040_Jaw04
f 258/194/291 289/195/292 225/196/293
f 225/196/293 194/197/294 258/194/291
f 358/198/295 359/199/296 360/200/297
f 360/200/297 361/201/298 362/202/299
f 362/202/299 363/203/300 364/204/301
f 360/200/297 362/202/299 364/204/301
f 364/204/301 365/205/302 366/206/303
f 366/206/303 367/207/304 368/208/305
f 364/204/301 366/206/303 368/208/305
f 368/208/305 369/209/306 370/210/307
f 370/210/307 371/211/308 372/212/309
f 368/208/305 370/210/307 372/212/309
f 364/204/301 368/208/305 372/212/309
f 372/212/309 373/213/310 374/214/311
f 374/214/311 375/215/312 376/216/313
f 372/212/309 374/214/311 376/216/313
f 376/216/313 377/217/314 378/218/315
f 378/218/315 379/219/316 380/220/317
f 376/216/313 378/218/315 380/220/317
f 372/212/309 376/216/313 380/220/317
f 380/220/317 381/221/318 382/222/319
f 382/222/319 383/223/320 384/224/321
f 380/220/317 382/222/319 384/224/321
f 384/224/321 385/225/322 386/226/323
f 386/226/323 355/227/324 356/228/325
f 384/224/321 386/226/323 356/228/325
f 380/220/317 384/224/321 356/228/325
f 372/212/309 380/220/317 356/228/325
f 364/204/301 372/212/309 356/228/325
f 360/200/297 364/204/301 356/228/325
f 358/198/295 360/200/297 356/228/325
f 357/229/326 358/198/295 356/228/325
s 17
f 290/230/327 293/231/328 228/232/329
f 228/232/329 227/233/330 290/230/327
f 292/234/331 295/235/332 230/236/333
f 230/236/333 229/237/334 292/234/331
f 294/238/335 297/239/336 232/240/337
f 232/240/337 231/241/338 294/238/335
f 296/242/339 299/243/340 234/244/341
f 234/244/341 233/245/342 296/242/339
f 298/246/343 301/247/344 236/248/345
f 236/248/345 235/249/346 298/246/343
f 300/250/347 303/251/348 238/252/349
f 238/252/349 237/253/350 300/250/347
f 302/254/351 305/255/352 240/256/353
f 240/256/353 239/257/354 302/254/351
f 304/258/355 307/259/356 242/260/357
f 242/260/357 241/261/358 304/258/355
f 306/262/359 309/263/360 244/264/361
f 244/264/361 243/265/362 306/262/359
f 308/266/363 311/267/364 246/268/365
f 246/268/365 245/269/366 308/266/363
f 310/270/367 313/271/368 248/272/369
f 248/272/369 247/273/370 310/270/367
f 312/274/371 315/275/372 250/276/373
f 250/276/373 249/277/374 312/274/371
f 314/278/375 317/279/376 252/280/377
f 252/280/377 251/281/378 314/278/375
f 316/282/379 319/283/380 254/284/381
f 254/284/381 253/285/382 316/282/379
f 318/286/383 321/287/384 256/288/385
f 256/288/385 255/289/386 318/286/383
f 291/290/387 226/291/388 257/292/389
f 257/292/389 320/293/390 291/290/387
s 33
f 226/291/391 227/233/392 228/232/393
f 228/232/393 229/237/394 230/236/395
f 226/291/391 228/232/393 230/236/395
f 230/236/395 231/241/396 232/240/397
f 232/240/397 233/245/398 234/244/399
f 230/236/395 232/240/397 234/244/399
f 226/291/391 230/236/395 234/244/399
f 234/244/399 235/249/400 236/248/401
f 236/248/401 237/253/402 238/252/403
f 234/244/399 236/248/401 238/252/403
f 238/252/403 239/257/404 240/256/405
f 240/256/405 241/261/406 242/260/407
f 238/252/403 240/256/405 242/260/407
f 234/244/399 238/252/403 242/260/407
f 226/291/391 234/244/399 242/260/407
f 242/260/407 243/265/408 244/264/409
f 244/264/409 245/269/410 246/268/411
f 242/260/407 244/264/409 246/268/411
f 246/268/411 247/273/412 248/272/413
f 248/272/413 249/277/414 250/276/415
f 246/268/411 248/272/413 250/276/415
f 242/260/407 246/268/411 250/276/415
f 226/291/391 242/260/407 250/276/415
f 250/276/415 251/281/416 252/280/417
f 252/280/417 253/285/418 254/284/419
f 250/276/415 252/280/417 254/284/419
f 226/291/391 250/276/415 254/284/419
f 254/284/419 255/289/420 256/288/421
f 226/291/391 254/284/419 256/288/421
f 257/292/422 226/291/391 256/288/421
s 1
f 194/197/294 195/294/423 259/295/424
f 259/295/424 258/194/291 194/197/294
f 259/295/424 195/294/423 196/296/425
f 196/296/425 260/297/426 259/295/424
f 260/297/426 196/296/425 197/298/427
f 197/298/427 261/299/428 260/297/426
f 261/299/428 197/298/427 198/300/429
f 198/300/429 262/301/430 261/299/428
f 262/301/430 198/300/429 199/302/431
f 199/302/431 263/303/432 262/301/430
f 263/303/432 199/302/431 200/304/433
f 200/304/433 264/305/434 263/303/432
f 264/305/434 200/304/433 201/306/435
f 201/306/435 265/307/436 264/305/434
f 265/307/436 201/306/435 202/308/437
f 202/308/437 266/309/438 265/307/436
f 266/309/438 202/308/437 203/310/439
f 203/310/439 267/311/440 266/309/438
f 267/311/440 203/310/439 204/312/441
f 204/312/441 268/313/442 267/311/440
f 268/313/442 204/312/441 205/314/443
f 205/314/443 269/315/444 268/313/442
f 269/315/444 205/314/443 206/316/445
f 206/316/445 270/317/446 269/315/444
f 270/317/446 206/316/445 207/318/447
f 207/318/447 271/319/448 270/317/446
f 271/319/448 207/318/447 208/320/449
f 208/320/449 272/321/450 271/319/448
f 272/321/450 208/320/449 209/322/451
f 209/322/451 273/323/452 272/321/450
f 273/323/452 209/322/451 210/324/453
f 210/324/453 274/325/454 273/323/452
f 274/325/454 210/324/453 211/326/455
f 211/326/455 275/327/456 274/325/454
f 275/327/456 211/326/455 212/328/457
f 212/328/457 276/329/458 275/327/456
f 276/329/458 212/328/457 213/330/459
f 213/330/459 277/331/460 276/329/458
f 277/331/460 213/330/459 214/332/461
f 214/332/461 278/333/462 277/331/460
f 278/333/462 214/332/461 215/334/463
f 215/334/463 279/335/464 278/333/462
f 279/335/464 215/334/463 216/336/465
f 216/336/465 280/337/466 279/335/464
f 280/337/466 216/336/465 217/338/467
f 217/338/467 281/339/468 280/337/466
f 281/339/468 217/338/467 218/340/469
f 218/340/469 282/341/470 281/339/468
f 282/341/470 218/340/469 219/342/471
f 219/342/471 283/343/472 282/341/470
f 283/343/472 219/342/471 220/344/473
f 220/344/473 284/345/474 283/343/472
f 284/345/474 220/344/473 221/346/475
f 221/346/475 285/347/476 284/345/474
f 285/347/476 221/346/475 222/348/477
f 222/348/477 286/349/478 285/347/476
f 286/349/478 222/348/477 223/350/479
f 223/350/479 287/351/480 286/349/478
f 287/351/480 223/350/479 224/352/481
f 224/352/481 288/353/482 287/351/480
f 288/353/482 224/352/481 225/196/293
f 225/196/293 289/195/292 288/353/482
s 17
f 227/233/330 226/291/388 291/290/387
f 291/290/387 290/230/327 227/233/330
f 229/237/334 228/232/329 293/231/328
f 293/231/328 292/234/331 229/237/334
f 231/241/338 230/236/333 295/235/332
f 295/235/332 294/238/335 231/241/338
f 233/245/342 232/240/337 297/239/336
f 297/239/336 296/242/339 233/245/342
f 235/249/346 234/244/341 299/243/340
f 299/243/340 298/246/343 235/249/346
f 237/253/350 236/248/345 301/247/344
f 301/247/344 300/250/347 237/253/350
f 239/257/354 238/252/349 303/251/348
f 303/251/348 302/254/351 239/257/354
f 241/261/358 240/256/353 305/255/352
f 305/255/352 304/258/355 241/261/358
f 243/265/362 242/260/357 307/259/356
f 307/259/356 306/262/359 243/265/362
f 245/269/366 244/264/361 309/263/360
f 309/263/360 308/266/363 245/269/366
f 247/273/370 246/268/365 311/267/364
f 311/267/364 310/270/367 247/273/370
f 249/277/374 248/272/369 313/271/368
f 313/271/368 312/274/371 249/277/374
f 251/281/378 250/276/373 315/275/372
f 315/275/372 314/278/375 251/281/378
f 253/285/382 252/280/377 317/279/376
f 317/279/376 316/282/379 253/285/382
f 255/289/386 254/284/381 319/283/380
f 319/283/380 318/286/383 255/289/386
f 257/292/389 256/288/385 321/287/384
f 257/292/389 321/287/384 322/354/483
f 320/293/390 257/292/389 322/354/483
s 41
f 265/307/484 266/309/485 299/243/486
f 299/243/486 296/242/487 265/307/484
f 271/319/488 272/321/489 273/323/490
f 271/319/488 273/323/490 274/325/491
f 275/327/492 306/262/493 307/259/494
f 274/325/491 275/327/492 307/259/494
f 274/325/491 307/259/494 304/258/495
f 274/325/491 304/258/495 305/255/496
f 271/319/488 274/325/491 305/255/496
f 271/319/488 305/255/496 302/254/497
f 270/317/498 271/319/488 302/254/497
f 270/317/498 302/254/497 303/251/499
f 270/317/498 303/251/499 300/250/500
f 269/315/501 270/317/498 300/250/500
f 268/313/502 269/315/501 300/250/500
f 268/313/502 300/250/500 301/247/503
f 268/313/502 301/247/503 298/246/504
f 267/311/505 268/313/502 298/246/504
f 266/309/485 267/311/505 298/246/504
f 299/243/486 266/309/485 298/246/504
f 275/327/492 276/329/506 309/263/507
f 309/263/507 306/262/493 275/327/492
f 308/266/508 309/263/507 276/329/506
f 308/266/508 276/329/506 277/331/509
f 308/266/508 277/331/509 278/333/510
f 311/267/511 308/266/508 278/333/510
f 311/267/511 278/333/510 279/335/512
f 310/270/513 311/267/511 279/335/512
f 310/270/513 279/335/512 280/337/514
f 313/271/515 310/270/513 280/337/514
f 312/274/516 313/271/515 280/337/514
f 312/274/516 280/337/514 281/339/517
f 312/274/516 281/339/517 282/341/518
f 315/275/519 312/274/516 282/341/518
f 315/275/519 282/341/518 283/343/520
f 314/278/521 315/275/519 283/343/520
f 314/278/521 283/343/520 284/345/522
f 317/279/523 314/278/521 284/345/522
f 317/279/523 284/345/522 285/347/524
f 316/282/525 317/279/523 285/347/524
f 316/282/525 285/347/524 286/349/526
f 319/283/527 316/282/525 286/349/526
f 318/286/528 319/283/527 286/349/526
f 318/286/528 286/349/526 287/351/529
f 321/287/530 318/286/528 287/351/529
f 288/353/531 289/195/532 258/194/533
f 287/351/529 288/353/531 258/194/533
f 321/287/530 287/351/529 258/194/533
f 322/354/534 321/287/530 258/194/533
f 262/301/535 263/303/536 264/305/537
f 262/301/535 264/305/537 265/307/484
f 265/307/484 297/239/538 294/238/539
f 262/301/535 265/307/484 294/238/539
f 262/301/535 294/238/539 295/235/540
f 262/301/535 295/235/540 292/234/541
f 261/299/542 262/301/535 292/234/541
f 260/297/543 261/299/542 292/234/541
f 260/297/543 292/234/541 293/231/544
f 260/297/543 293/231/544 290/230/545
f 259/295/546 260/297/543 290/230/545
f 258/194/533 259/295/546 290/230/545
f 258/194/533 290/230/545 291/290/547
f 258/194/533 291/290/547 320/293/548
f 322/354/534 258/194/533 320/293/548
f 296/242/487 297/239/538 265/307/484
s 1
f 195/294/423 194/197/294 324/355/549
f 324/355/549 323/356/550 195/294/423
f 194/197/294 225/196/293 325/357/551
f 325/357/551 324/355/549 194/197/294
f 225/196/293 224/352/481 326/358/552
f 326/358/552 325/357/551 225/196/293
f 224/352/481 223/350/479 327/359/553
f 327/359/553 326/358/552 224/352/481
f 223/350/479 222/348/477 328/360/554
f 328/360/554 327/359/553 223/350/479
f 222/348/477 221/346/475 329/361/555
f 329/361/555 328/360/554 222/348/477
f 221/346/475 220/344/473 330/362/556
f 330/362/556 329/361/555 221/346/475
f 220/344/473 219/342/471 331/363/557
f 331/363/557 330/362/556 220/344/473
f 219/342/471 218/340/469 332/364/558
f 332/364/558 331/363/557 219/342/471
f 218/340/469 217/338/467 333/365/559
f 333/365/559 332/364/558 218/340/469
f 217/338/467 216/336/465 334/366/560
f 334/366/560 333/365/559 217/338/467
f 216/336/465 215/334/463 335/367/561
f 335/367/561 334/366/560 216/336/465
f 215/334/463 214/332/461 336/368/562
f 336/368/562 335/367/561 215/334/463
f 214/332/461 213/330/459 337/369/563
f 337/369/563 336/368/562 214/332/461
f 213/330/459 212/328/457 338/370/564
f 338/370/564 337/369/563 213/330/459
f 212/328/457 211/326/455 339/371/565
f 339/371/565 338/370/564 212/328/457
f 211/326/455 210/324/453 340/372/566
f 340/372/566 339/371/565 211/326/455
f 210/324/453 209/322/451 341/373/567
f 341/373/567 340/372/566 210/324/453
f 209/322/451 208/320/449 342/374/568
f 342/374/568 341/373/567 209/322/451
f 208/320/449 207/318/447 343/375/569
f 343/375/569 342/374/568 208/320/449
f 207/318/447 206/316/445 344/376/570
f 344/376/570 343/375/569 207/318/447
f 206/316/445 205/314/443 345/377/571
f 345/377/571 344/376/570 206/316/445
f 205/314/443 204/312/441 346/378/572
f 346/378/572 345/377/571 205/314/443
f 204/312/441 203/310/439 347/379/573
f 347/379/573 346/378/572 204/312/441
f 203/310/439 202/308/437 348/380/574
f 348/380/574 347/379/573 203/310/439
f 202/308/437 201/306/435 349/381/575
f 349/381/575 348/380/574 202/308/437
f 201/306/435 200/304/433 350/382/576
f 350/382/576 349/381/575 201/306/435
f 200/304/433 199/302/431 351/383/577
f 351/383/577 350/382/576 200/304/433
f 199/302/431 198/300/429 352/384/578
f 352/384/578 351/383/577 199/302/431
f 198/300/429 197/298/427 353/385/579
f 353/385/579 352/384/578 198/300/429
f 197/298/427 196/296/425 354/386/580
f 354/386/580 353/385/579 197/298/427
f 196/296/425 195/294/423 323/356/550
f 323/356/550 354/386/580 196/296/425
f 323/356/550 324/355/549 356/228/325
f 356/228/325 355/227/324 323/356/550
f 324/355/549 325/357/551 357/229/326
f 357/229/326 356/228/325 324/355/549
f 325/357/551 326/358/552 358/198/295
f 358/198/295 357/229/326 325/357/551
f 326/358/552 327/359/553 359/199/296
f 359/199/296 358/198/295 326/358/552
f 327/359/553 328/360/554 360/200/297
f 360/200/297 359/199/296 327/359/553
f 328/360/554 329/361/555 361/201/298
f 361/201/298 360/200/297 328/360/554
f 329/361/555 330/362/556 362/202/299
f 362/202/299 361/201/298 329/361/555
f 330/362/556 331/363/557 363/203/300
f 363/203/300 362/202/299 330/362/556
f 331/363/557 332/364/558 364/204/301
f 364/204/301 363/203/300 331/363/557
f 332/364/558 333/365/559 365/205/302
f 365/205/302 364/204/301 332/364/558
f 333/365/559 334/366/560 366/206/303
f 366/206/303 365/205/302 333/365/559
f 334/366/560 335/367/561 367/207/304
f 367/207/304 366/206/303 334/366/560
f 335/367/561 336/368/562 368/208/305
f 368/208/305 367/207/304 335/367/561
f 336/368/562 337/369/563 369/209/306
f 369/209/306 368/208/305 336/368/562
f 337/369/563 338/370/564 370/210/307
f 370/210/307 369/209/306 337/369/563
f 338/370/564 339/371/565 371/211/308
f 371/211/308 370/210/307 338/370/564
f 339/371/565 340/372/566 372/212/309
f 372/212/309 371/211/308 339/371/565
f 340/372/566 341/373/567 373/213/310
f 373/213/310 372/212/309 340/372/566
f 341/373/567 342/374/568 374/214/311
f 374/214/311 373/213/310 341/373/567
f 342/374/568 343/375/569 375/215/312
f 375/215/312 374/214/311 342/374/568
f 343/375/569 344/376/570 376/216/313
f 376/216/313 375/215/312 343/375/569
f 344/376/570 345/377/571 377/217/314
f 377/217/314 376/216/313 344/376/570
f 345/377/571 346/378/572 378/218/315
f 378/218/315 377/217/314 345/377/571
f 346/378/572 347/379/573 379/219/316
f 379/219/316 378/218/315 346/378/572
f 347/379/573 348/380/574 380/220/317
f 380/220/317 379/219/316 347/379/573
f 348/380/574 349/381/575 381/221/318
f 381/221/318 380/220/317 348/380/574
f 349/381/575 350/382/576 382/222/319
f 382/222/319 381/221/318 349/381/575
f 350/382/576 351/383/577 383/223/320
f 383/223/320 382/222/319 350/382/576
f 351/383/577 352/384/578 384/224/321
f 384/224/321 383/223/320 351/383/577
f 352/384/578 353/385/579 385/225/322
f 385/225/322 384/224/321 352/384/578
f 353/385/579 354/386/580 386/226/323
f 386/226/323 385/225/322 353/385/579
f 354/386/580 323/356/550 355/227/324
f 355/227/324 386/226/323 354/386/580
g default
v -27.738400 40.000000 -171.184006
v -21.410801 40.000000 -178.669601
v -16.665100 40.000000 -187.245895
v -13.683800 40.000000 -196.583206
v -12.581400 40.000000 -206.322800
v -13.400300 40.000000 -216.090195
v -16.108999 40.000000 -225.510193
v -20.603300 40.000000 -234.220795
v -26.710699 40.000000 -241.887207
v -34.196400 40.000000 -248.214798
v -42.772598 40.000000 -252.960403
v -52.110001 40.000000 -255.941803
v -61.849499 40.000000 -257.044189
v -71.616898 40.000000 -256.225311
v -81.036903 40.000000 -253.516602
v -89.747498 40.000000 -249.022202
v -97.413902 40.000000 -242.914902
v -103.741501 40.000000 -235.429199
v -108.487198 40.000000 -226.852997
v -111.468498 40.000000 -217.515594
v -112.570900 40.000000 -207.776093
v -111.751999 40.000000 -198.008698
v -109.043297 40.000000 -188.588699
v -104.549004 40.000000 -179.878098
v -98.441597 40.000000 -172.211700
v -90.955902 40.000000 -165.884094
v -82.379700 40.000000 -161.138397
v -73.042397 40.000000 -158.157104
v -63.302799 40.000000 -157.054703
v -53.535400 40.000000 -157.873596
v -44.115398 40.000000 -160.582306
v -35.404800 40.000000 -165.076599
v -29.828699 55.000000 -173.335907
v -23.880699 55.000000 -180.372406
v -19.419800 55.000000 -188.434097
v -16.617399 55.000000 -197.211197
v -15.581100 55.000000 -206.366394
v -16.350901 55.000000 -215.547806
v -18.896999 55.000000 -224.402603
v -23.121700 55.000000 -232.590500
v -28.862600 55.000000 -239.796906
v -35.899200 55.000000 -245.744904
v -43.960899 55.000000 -250.205795
v -52.737900 55.000000 -253.008194
v -61.893101 55.000000 -254.044495
v -71.074501 55.000000 -253.274704
v -79.929298 55.000000 -250.728607
v -88.117203 55.000000 -246.503906
v -95.323700 55.000000 -240.763000
v -101.271599 55.000000 -233.726395
v -105.732498 55.000000 -225.664703
v -108.534897 55.000000 -216.887695
v -109.571198 55.000000 -207.732498
v -108.801498 55.000000 -198.551102
v -106.255302 55.000000 -189.696304
v -102.030602 55.000000 -181.508301
v -96.289703 55.000000 -174.301895
v -89.253197 55.000000 -168.354004
v -81.191498 55.000000 -163.893097
v -72.414398 55.000000 -161.090698
v -63.259201 55.000000 -160.054398
v -54.077801 55.000000 -160.824097
v -45.223000 55.000000 -163.370300
v -37.035099 55.000000 -167.595001
v -27.738400 70.000000 -171.184006
v -21.410801 70.000000 -178.669601
v -16.665100 70.000000 -187.245895
v -13.683800 70.000000 -196.583206
v -12.581400 70.000000 -206.322800
v -13.400300 70.000000 -216.090195
v -16.108999 70.000000 -225.510193
v -20.603300 70.000000 -234.220795
v -26.710699 70.000000 -241.887207
v -34.196400 70.000000 -248.214798
v -42.772598 70.000000 -252.960403
v -52.110001 70.000000 -255.941803
v -61.849499 70.000000 -257.044189
v -71.616898 70.000000 -256.225311
v -81.036903 70.000000 -253.516602
v -89.747498 70.000000 -249.022202
v -97.413902 70.000000 -242.914902
v -103.741501 70.000000 -235.429199
v -108.487198 70.000000 -226.852997
v -111.468498 70.000000 -217.515594
v -112.570900 70.000000 -207.776093
v -111.751999 70.000000 -198.008698
v -109.043297 70.000000 -188.588699
v -104.549004 70.000000 -179.878098
v -98.441597 70.000000 -172.211700
v -90.955902 70.000000 -165.884094
v -82.379700 70.000000 -161.138397
v -73.042397 70.000000 -158.157104
v -63.302799 70.000000 -157.054703
v -53.535400 70.000000 -157.873596
v -44.115398 70.000000 -160.582306
v -35.404800 70.000000 -165.076599
v -23.880699 70.000000 -180.372406
v -29.828699 70.000000 -173.335907
v -16.617399 70.000000 -197.211197
v -19.419800 70.000000 -188.434097
v -16.350901 70.000000 -215.547806
v -15.581100 70.000000 -206.366394
v -23.121700 70.000000 -232.590500
v -18.896999 70.000000 -224.402603
v -35.899200 70.000000 -245.744904
v -28.862600 70.000000 -239.796906
v -52.737900 70.000000 -253.008194
v -43.960800 70.000000 -250.205795
v -71.074501 70.000000 -253.274704
v -61.893101 70.000000 -254.044495
v -88.117203 70.000000 -246.503906
v -79.929298 70.000000 -250.728607
v -101.271599 70.000000 -233.726395
v -95.323700 70.000000 -240.763000
v -108.534897 70.000000 -216.887695
v -105.732498 70.000000 -225.664703
v -108.801498 70.000000 -198.551102
v -109.571198 70.000000 -207.732498
v -102.030602 70.000000 -181.508301
v -106.255302 70.000000 -189.696304
v -89.253197 70.000000 -168.354004
v -96.289703 70.000000 -174.301895
v -72.414398 70.000000 -161.090698
v -81.191498 70.000000 -163.893097
v -54.077801 70.000000 -160.824097
v -63.259201 70.000000 -160.054398
v -37.035099 70.000000 -167.595001
v -45.223000 70.000000 -163.370300
v -37.212200 70.000000 -167.480103
v -22.238100 36.000000 -179.240005
v -28.438499 36.000000 -171.904800
v -35.950802 36.000000 -165.920197
v -44.486401 36.000000 -161.516098
v -53.717098 36.000000 -158.861893
v -63.288200 36.000000 -158.059402
v -72.832001 36.000000 -159.139694
v -81.981697 36.000000 -162.061096
v -90.385597 36.000000 -166.711395
v -97.720802 36.000000 -172.911804
v -103.705399 36.000000 -180.424103
v -108.109497 36.000000 -188.959702
v -110.763702 36.000000 -198.190399
v -111.566101 36.000000 -207.761505
v -110.485901 36.000000 -217.305298
v -107.564499 36.000000 -226.455002
v -102.914200 36.000000 -234.858902
v -96.713799 36.000000 -242.194107
v -89.201500 36.000000 -248.178696
v -80.665901 36.000000 -252.582794
v -71.435204 36.000000 -255.237000
v -61.864101 36.000000 -256.039398
v -52.320301 36.000000 -254.959198
v -43.170601 36.000000 -252.037796
v -34.766701 36.000000 -247.387497
v -27.431499 36.000000 -241.187103
v -21.446899 36.000000 -233.674698
v -17.042801 36.000000 -225.139206
v -14.388600 36.000000 -215.908493
v -13.586200 36.000000 -206.337402
v -14.666400 36.000000 -196.793594
v -17.587799 36.000000 -187.643906
v -25.547199 32.000000 -181.521393
v -31.239000 32.000000 -174.787903
v -38.135101 32.000000 -169.294205
v -45.970402 32.000000 -165.251404
v -54.443802 32.000000 -162.815002
v -63.229801 32.000000 -162.078400
v -71.990700 32.000000 -163.070007
v -80.389702 32.000000 -165.751694
v -88.104202 32.000000 -170.020493
v -94.837700 32.000000 -175.712296
v -100.331398 32.000000 -182.608398
v -104.374100 32.000000 -190.443695
v -106.810600 32.000000 -198.917099
v -107.547203 32.000000 -207.703094
v -106.555603 32.000000 -216.464005
v -103.873802 32.000000 -224.863007
v -99.605103 32.000000 -232.577499
v -93.913300 32.000000 -239.311005
v -87.017197 32.000000 -244.804703
v -79.181900 32.000000 -248.847397
v -70.708504 32.000000 -251.283905
v -61.922501 32.000000 -252.020493
v -53.161598 32.000000 -251.028900
v -44.762600 32.000000 -248.347107
v -37.048100 32.000000 -244.078400
v -30.314600 32.000000 -238.386597
v -24.820900 32.000000 -231.490494
v -20.778200 32.000000 -223.655197
v -18.341700 32.000000 -215.181702
v -17.605101 32.000000 -206.395798
v -18.596701 32.000000 -197.634903
v -21.278500 32.000000 -189.235901
vt 0.671000 0.977200
vt 0.759400 0.945300
vt 0.759400 0.719800
vt 0.671000 0.751700
vt 0.803800 0.587600
vt 0.862700 0.538300
vt 0.907600 0.481300
vt 0.936800 0.418700
vt 0.949300 0.353100
vt 0.944500 0.286900
vt 0.922600 0.222700
vt 0.884500 0.163000
vt 0.831600 0.110000
vt 0.765900 0.065700
vt 0.690100 0.032000
vt 0.606900 0.010000
vt 0.519600 0.000600
vt 0.431600 0.004200
vt 0.346200 0.020700
vt 0.266700 0.049300
vt 0.196200 0.089100
vt 0.137300 0.138500
vt 0.092400 0.195500
vt 0.063200 0.258000
vt 0.050700 0.323600
vt 0.055500 0.389800
vt 0.077400 0.454000
vt 0.115500 0.513800
vt 0.168400 0.566800
vt 0.234100 0.611000
vt 0.309900 0.644800
vt 0.393100 0.666800
vt 0.480400 0.676100
vt 0.568400 0.672500
vt 0.653800 0.656100
vt 0.733300 0.627400
vt 0.571500 0.973200
vt 0.479500 0.977000
vt 0.479500 0.864200
vt 0.571500 0.860400
vt 0.388300 0.967200
vt 0.301400 0.944200
vt 0.301400 0.831500
vt 0.388300 0.854400
vt 0.222100 0.908900
vt 0.153500 0.862700
vt 0.153500 0.749900
vt 0.222100 0.796200
vt 0.098200 0.807300
vt 0.058400 0.744800
vt 0.058400 0.632100
vt 0.098200 0.694500
vt 0.035500 0.677800
vt 0.030500 0.608600
vt 0.030500 0.495900
vt 0.035500 0.565000
vt 0.043500 0.540000
vt 0.074100 0.474700
vt 0.074100 0.362000
vt 0.043500 0.427300
vt 0.121000 0.415100
vt 0.182500 0.363500
vt 0.182500 0.250800
vt 0.121000 0.302400
vt 0.256200 0.322000
vt 0.339300 0.292000
vt 0.339300 0.179300
vt 0.256200 0.209200
vt 0.428500 0.274800
vt 0.520500 0.271100
vt 0.520500 0.158300
vt 0.428500 0.162100
vt 0.611700 0.280800
vt 0.698600 0.303800
vt 0.698600 0.191100
vt 0.611700 0.168100
vt 0.777900 0.339100
vt 0.846500 0.385300
vt 0.846500 0.272600
vt 0.777900 0.226300
vt 0.901800 0.440700
vt 0.941600 0.503200
vt 0.941600 0.390400
vt 0.901800 0.328000
vt 0.964500 0.570300
vt 0.969500 0.639400
vt 0.969500 0.526700
vt 0.964500 0.457500
vt 0.956500 0.708000
vt 0.925900 0.773300
vt 0.925900 0.660600
vt 0.956500 0.595200
vt 0.879000 0.832900
vt 0.817500 0.884500
vt 0.817500 0.771700
vt 0.879000 0.720200
vt 0.660700 0.956000
vt 0.660700 0.843200
vt 0.743800 0.813300
vt 0.743800 0.926000
vt 0.576100 0.770000
vt 0.576100 0.995500
vt 0.478200 0.774000
vt 0.478200 0.999500
vt 0.381200 0.763600
vt 0.381200 0.989100
vt 0.288700 0.739100
vt 0.288700 0.964600
vt 0.204400 0.701600
vt 0.204400 0.927100
vt 0.131400 0.652400
vt 0.131400 0.877900
vt 0.072600 0.593500
vt 0.072600 0.819000
vt 0.030200 0.527100
vt 0.030200 0.752600
vt 0.005800 0.455700
vt 0.005800 0.681200
vt 0.000500 0.382100
vt 0.000500 0.607600
vt 0.014400 0.309200
vt 0.014400 0.534700
vt 0.046900 0.239700
vt 0.046900 0.465200
vt 0.096800 0.176300
vt 0.096800 0.401800
vt 0.162200 0.121400
vt 0.162200 0.346900
vt 0.240600 0.077200
vt 0.240600 0.302700
vt 0.329000 0.045300
vt 0.329000 0.270800
vt 0.423900 0.027000
vt 0.423900 0.252500
vt 0.521800 0.023000
vt 0.521800 0.248500
vt 0.618800 0.033400
vt 0.618800 0.258900
vt 0.711300 0.057900
vt 0.711300 0.283400
vt 0.795600 0.095400
vt 0.795600 0.320900
vt 0.868600 0.144600
vt 0.868600 0.370100
vt 0.927400 0.203500
vt 0.927400 0.429000
vt 0.969800 0.270000
vt 0.969800 0.495500
vt 0.994200 0.341300
vt 0.994200 0.566800
vt 0.999500 0.414900
vt 0.999500 0.640400
vt 0.985600 0.487800
vt 0.985600 0.713300
vt 0.953100 0.557300
vt 0.953100 0.782900
vt 0.903200 0.620700
vt 0.903200 0.846300
vt 0.837800 0.675600
vt 0.837800 0.901100
vt 0.745600 0.925200
vt 0.667600 0.714500
vt 0.574500 0.732400
vt 0.754200 0.683300
vt 0.831000 0.640000
vt 0.895100 0.586200
vt 0.944000 0.524100
vt 0.975900 0.456000
vt 0.989500 0.384500
vt 0.984200 0.312400
vt 0.960400 0.242500
vt 0.918800 0.177400
vt 0.861200 0.119600
vt 0.789700 0.071400
vt 0.707100 0.034700
vt 0.616400 0.010700
vt 0.521400 0.000500
vt 0.425500 0.004400
vt 0.332400 0.022400
vt 0.245800 0.053600
vt 0.169000 0.096900
vt 0.104900 0.150700
vt 0.056000 0.212800
vt 0.024100 0.280900
vt 0.010500 0.352400
vt 0.015800 0.424500
vt 0.039600 0.494400
vt 0.081200 0.559500
vt 0.138800 0.617300
vt 0.210300 0.665400
vt 0.292900 0.702200
vt 0.383600 0.726200
vt 0.478600 0.736400
vn 0.672844 0.000000 0.739784
vn 0.543425 0.000000 0.839458
vn 0.528816 -0.105204 0.842191
vn 0.691838 -0.122766 0.711539
vn 0.152328 -0.924457 0.349537
vn 0.119369 -0.828189 0.547590
vn 0.005200 -0.958717 0.284314
vn -0.099269 -0.828191 0.551585
vn -0.139446 -0.924457 0.354871
vn -0.302798 -0.828188 0.471612
vn -0.156582 -0.974219 0.162415
vn -0.460227 -0.828189 0.319835
vn -0.349534 -0.924458 0.152327
vn -0.547588 -0.828190 0.119370
vn -0.284317 -0.958716 0.005200
vn -0.551589 -0.828188 -0.099270
vn -0.354869 -0.924458 -0.139446
vn -0.471612 -0.828189 -0.302795
vn -0.147073 -0.978910 -0.141791
vn -0.319836 -0.828189 -0.460227
vn -0.152327 -0.924458 -0.349534
vn -0.119371 -0.828190 -0.547588
vn -0.005200 -0.958716 -0.284317
vn 0.099269 -0.828189 -0.551588
vn 0.139446 -0.924458 -0.354869
vn 0.302795 -0.828190 -0.471611
vn 0.156581 -0.974219 -0.162415
vn 0.460230 -0.828187 -0.319836
vn 0.349534 -0.924458 -0.152328
vn 0.547587 -0.828190 -0.119369
vn 0.284317 -0.958716 -0.005200
vn 0.551589 -0.828188 0.099270
vn 0.354868 -0.924459 0.139445
vn 0.471612 -0.828189 0.302795
vn 0.147073 -0.978910 0.141791
vn 0.319837 -0.828189 0.460225
vn -0.841488 0.000000 -0.540276
vn -0.930723 0.000000 -0.365725
vn -0.904730 0.000000 -0.425986
vn -0.804238 0.000000 -0.594308
vn -0.984188 0.000000 -0.177127
vn -0.999833 0.000000 0.018287
vn -0.998879 0.000000 -0.047335
vn -0.970452 0.000000 -0.241296
vn -0.977055 0.000000 0.212989
vn -0.916728 0.000000 0.399511
vn -0.940959 0.000000 0.338520
vn -0.988920 0.000000 0.148449
vn -0.821173 0.000000 0.570679
vn -0.694060 0.000000 0.719917
vn -0.739785 0.000000 0.672843
vn -0.856835 0.000000 0.515590
vn -0.540276 0.000001 0.841488
vn -0.365727 0.000002 0.930722
vn -0.425987 0.000002 0.904729
vn -0.594303 0.000000 0.804241
vn -0.177127 0.000000 0.984188
vn 0.018285 0.000000 0.999833
vn -0.047336 0.000000 0.998879
vn -0.241296 0.000001 0.970452
vn 0.212989 0.000000 0.977055
vn 0.399510 0.000000 0.916729
vn 0.338520 0.000000 0.940959
vn 0.148450 0.000000 0.988920
vn 0.570676 0.000000 0.821175
vn 0.719920 0.000000 0.694057
vn 0.672842 0.000000 0.739786
vn 0.515589 0.000000 0.856836
vn 0.841490 0.000000 0.540272
vn 0.930722 0.000000 0.365727
vn 0.904730 0.000000 0.425986
vn 0.804244 0.000000 0.594300
vn 0.984188 0.000000 0.177128
vn 0.999833 0.000000 -0.018280
vn 0.998879 0.000000 0.047339
vn 0.970451 0.000000 0.241298
vn 0.977054 0.000000 -0.212992
vn 0.916729 0.000000 -0.399511
vn 0.940958 0.000000 -0.338525
vn 0.988921 0.000000 -0.148445
vn 0.821174 0.000000 -0.570677
vn 0.694058 0.000000 -0.719919
vn 0.739785 0.000000 -0.672843
vn 0.856837 0.000000 -0.515587
vn 0.540274 0.000000 -0.841489
vn 0.365726 0.000000 -0.930723
vn 0.425986 0.000000 -0.904730
vn 0.594303 0.000000 -0.804241
vn 0.177127 0.000000 -0.984188
vn -0.018280 0.000000 -0.999833
vn 0.047339 0.000000 -0.998879
vn 0.241296 0.000000 -0.970452
vn -0.212993 0.000000 -0.977054
vn -0.398802 0.000477 -0.917037
vn -0.338527 0.000000 -0.940957
vn -0.148446 0.000000 -0.988921
vn -0.696753 0.000000 -0.717311
vn -0.696752 0.000000 -0.717312
vn -0.543213 0.000286 -0.839595
vn -0.584385 0.000000 -0.811477
vn 0.000000 1.000000 0.000000
vn 0.000000 1.000000 0.000000
vn 0.000000 1.000000 0.000000
vn 0.000000 1.000000 0.000000
vn 0.000000 1.000000 0.000000
vn 0.000000 1.000000 0.000002
vn 0.000000 1.000000 0.000001
vn 0.000000 1.000000 0.000000
vn 0.000000 1.000000 -0.000000
vn 0.000000 1.000000 0.000000
vn 0.000000 1.000000 -0.000001
vn 0.000000 1.000000 0.000000
vn 0.000000 1.000000 -0.000001
vn 0.000000 1.000000 0.000000
vn 0.000000 1.000000 0.000002
vn 0.000000 1.000000 0.000007
vn 0.000000 1.000000 0.000001
vn 0.000000 1.000000 0.000000
vn 0.000000 1.000000 0.000000
vn 0.000000 1.000000 0.000000
vn 0.000000 1.000000 0.000000
vn 0.000000 1.000000 0.000002
vn 0.000000 1.000000 0.000003
vn 0.000000 1.000000 0.000007
vn 0.000000 1.000000 0.000001
vn 0.000000 1.000000 0.000000
vn 0.000000 1.000000 0.000000
vn 0.000000 1.000000 0.000000
vn 0.000000 1.000000 0.000000
vn 0.000000 1.000000 0.000000
vn 0.000000 1.000000 0.000001
vn 0.000000 1.000000 0.000000
vn 0.803255 -0.147245 0.577148
vn 0.823305 0.000000 0.567599
vn 0.897892 -0.122705 0.422770
vn 0.930722 0.000000 0.365729
vn 0.963118 -0.122705 0.239473
vn 0.984188 0.000000 0.177125
vn 0.991331 -0.122707 0.046975
vn 0.999833 0.000000 -0.018287
vn 0.981447 -0.122705 -0.147327
vn 0.977054 0.000000 -0.212994
vn 0.933849 -0.122698 -0.335964
vn 0.916730 0.000000 -0.399508
vn 0.850362 -0.122706 -0.511692
vn 0.821174 0.000000 -0.570679
vn 0.734194 -0.122704 -0.667760
vn 0.694058 0.000000 -0.719919
vn 0.589813 -0.122699 -0.798164
vn 0.540275 0.000000 -0.841489
vn 0.422771 -0.122697 -0.897892
vn 0.365732 0.000000 -0.930720
vn 0.239477 -0.122700 -0.963118
vn 0.177126 0.000000 -0.984188
vn 0.046976 -0.122706 -0.991331
vn -0.018284 0.000000 -0.999833
vn -0.147327 -0.122706 -0.981447
vn -0.212994 0.000000 -0.977053
vn -0.335967 -0.122700 -0.933847
vn -0.399514 0.000000 -0.916727
vn -0.511693 -0.122696 -0.850362
vn -0.570677 0.000000 -0.821175
vn -0.667758 -0.122699 -0.734197
vn -0.719917 0.000000 -0.694060
vn -0.798162 -0.122699 -0.589815
vn -0.841486 0.000000 -0.540279
vn -0.897891 -0.122703 -0.422771
vn -0.930722 0.000000 -0.365728
vn -0.963118 -0.122703 -0.239472
vn -0.984189 0.000000 -0.177124
vn -0.991331 -0.122707 -0.046975
vn -0.999833 0.000000 0.018286
vn -0.981447 -0.122704 0.147328
vn -0.977054 0.000000 0.212994
vn -0.933849 -0.122697 0.335964
vn -0.916730 0.000000 0.399507
vn -0.850362 -0.122702 0.511691
vn -0.821173 0.000000 0.570679
vn -0.734193 -0.122701 0.667761
vn -0.694058 0.000000 0.719919
vn -0.589816 -0.122699 0.798162
vn -0.540280 0.000000 0.841486
vn -0.422771 -0.122703 0.897891
vn -0.365730 0.000000 0.930721
vn -0.239473 -0.122704 0.963118
vn -0.177125 0.000000 0.984188
vn -0.046977 -0.122698 0.991332
vn 0.018287 0.000000 0.999833
vn 0.147329 -0.122701 0.981447
vn 0.212995 0.000000 0.977053
vn 0.335964 -0.122698 0.933849
vn 0.399508 0.000000 0.916730
vn -0.501028 0.000714 -0.865431
vn 0.000000 1.000000 0.000000
vn 0.000000 1.000000 -0.000001
vn 0.000000 1.000000 -0.000001
vn 0.000000 1.000000 0.000000
vn 0.000000 1.000000 -0.000001
vn 0.000000 1.000000 0.000000
vn 0.000000 1.000000 0.000000
vn 0.000000 1.000000 -0.000006
vn 0.000000 1.000000 0.000001
vn 0.000000 1.000000 0.000003
vn 0.000000 1.000000 0.000000
vn 0.000000 1.000000 -0.000012
vn 0.000000 1.000000 -0.000009
vn 0.000000 1.000000 -0.000001
vn 0.000000 1.000000 -0.000000
vn 0.000000 1.000000 0.000002
vn 0.000000 1.000000 0.000000
vn 0.000000 1.000000 0.000000
vn 0.000000 1.000000 -0.000000
vn 0.000000 1.000000 -0.000001
vn 0.000000 1.000000 -0.000001
vn 0.000000 1.000000 0.000001
vn 0.000000 1.000000 0.000000
vn 0.000000 1.000000 0.000000
vn 0.000000 1.000000 -0.000000
vn 0.000000 1.000000 0.000000
vn 0.000000 1.000000 -0.000000
vn 0.000000 1.000000 -0.000000
vn 0.000000 1.000000 0.000000
vn 0.000000 1.000000 0.000000
vn 0.000000 1.000000 0.000000
vn 0.000000 1.000000 0.000000
vn 0.000000 1.000000 -0.000000
vn 0.000000 1.000000 0.000000
vn 0.000000 1.000000 -0.000000
vn 0.000000 1.000000 0.000000
vn 0.000000 1.000000 0.000000
vn 0.000000 1.000000 0.000000
vn 0.000000 1.000000 0.000000
vn 0.000000 1.000000 0.000000
vn 0.000000 1.000000 0.000002
vn 0.000000 1.000000 0.000000
vn 0.000000 1.000000 0.000000
vn 0.000000 1.000000 -0.000002
vn 0.000000 1.000000 0.000000
vn 0.000000 1.000000 0.000000
vn 0.000000 1.000000 0.000000
vn 0.000000 1.000000 0.000000
vn 0.000000 1.000000 0.000000
vn 0.000000 1.000000 0.000027
vn 0.000000 1.000000 0.000106
vn 0.000000 1.000000 0.000000
vn 0.000000 1.000000 0.000000
vn 0.000000 1.000000 0.000000
vn 0.000000 1.000000 0.000000
vn 0.000000 1.000000 0.000000
vn 0.000000 1.000000 0.000000
vn 0.000000 1.000000 0.000000
vn 0.000000 1.000000 0.000000
vn 0.000000 1.000000 -0.000001
vn 0.000000 1.000000 0.000000
vn 0.000000 1.000000 -0.000000
vn 0.000000 1.000000 0.000000
vn 0.000000 1.000000 -0.000001
vn 0.000000 1.000000 0.000106
vn 0.608807 -0.494497 0.620344
vn 0.718131 -0.494498 0.489652
vn 0.476087 -0.494497 0.727196
vn 0.325068 -0.494492 0.806107
vn 0.161563 -0.494497 0.854032
vn -0.008156 -0.494497 0.869141
vn -0.177563 -0.494496 0.850850
vn -0.340143 -0.494498 0.799859
vn -0.489654 -0.494495 0.718133
vn -0.620344 -0.494494 0.608809
vn -0.727195 -0.494499 0.476086
vn -0.806104 -0.494497 0.325068
vn -0.854034 -0.494495 0.161561
vn -0.869139 -0.494500 -0.008155
vn -0.850848 -0.494499 -0.177561
vn -0.799859 -0.494500 -0.340141
vn -0.718133 -0.494494 -0.489654
vn -0.608809 -0.494495 -0.620344
vn -0.476086 -0.494492 -0.727200
vn -0.325070 -0.494493 -0.806105
vn -0.161560 -0.494496 -0.854033
vn 0.008155 -0.494500 -0.869140
vn 0.177561 -0.494499 -0.850848
vn 0.340144 -0.494495 -0.799861
vn 0.489653 -0.494492 -0.718134
vn 0.620346 -0.494494 -0.608808
vn 0.727196 -0.494500 -0.476084
vn 0.806103 -0.494498 -0.325069
vn 0.854033 -0.494496 -0.161560
vn 0.869139 -0.494500 0.008155
vn 0.850847 -0.494501 0.177561
vn 0.799857 -0.494502 0.340141
s 1
g Toasters040_Jaw03
f 451/387/581 482/388/582 418/389/583
f 418/389/583 387/390/584 451/387/581
f 551/391/585 552/392/586 553/393/587
f 553/393/587 554/394/588 555/395/589
f 555/395/589 556/396/590 557/397/591
f 553/393/587 555/395/589 557/397/591
f 557/397/591 558/398/592 559/399/593
f 559/399/593 560/400/594 561/401/595
f 557/397/591 559/399/593 561/401/595
f 561/401/595 562/402/596 563/403/597
f 563/403/597 564/404/598 565/405/599
f 561/401/595 563/403/597 565/405/599
f 557/397/591 561/401/595 565/405/599
f 565/405/599 566/406/600 567/407/601
f 567/407/601 568/408/602 569/409/603
f 565/405/599 567/407/601 569/409/603
f 569/409/603 570/410/604 571/411/605
f 571/411/605 572/412/606 573/413/607
f 569/409/603 571/411/605 573/413/607
f 565/405/599 569/409/603 573/413/607
f 573/413/607 574/414/608 575/415/609
f 575/415/609 576/416/610 577/417/611
f 573/413/607 575/415/609 577/417/611
f 577/417/611 578/418/612 579/419/613
f 579/419/613 548/420/614 549/421/615
f 577/417/611 579/419/613 549/421/615
f 573/413/607 577/417/611 549/421/615
f 565/405/599 573/413/607 549/421/615
f 557/397/591 565/405/599 549/421/615
f 553/393/587 557/397/591 549/421/615
f 551/391/585 553/393/587 549/421/615
f 550/422/616 551/391/585 549/421/615
s 17
f 483/423/617 486/424/618 421/425/619
f 421/425/619 420/426/620 483/423/617
f 485/427/621 488/428/622 423/429/623
f 423/429/623 422/430/624 485/427/621
f 487/431/625 490/432/626 425/433/627
f 425/433/627 424/434/628 487/431/625
f 489/435/629 492/436/630 427/437/631
f 427/437/631 426/438/632 489/435/629
f 491/439/633 494/440/634 429/441/635
f 429/441/635 428/442/636 491/439/633
f 493/443/637 496/444/638 431/445/639
f 431/445/639 430/446/640 493/443/637
f 495/447/641 498/448/642 433/449/643
f 433/449/643 432/450/644 495/447/641
f 497/451/645 500/452/646 435/453/647
f 435/453/647 434/454/648 497/451/645
f 499/455/649 502/456/650 437/457/651
f 437/457/651 436/458/652 499/455/649
f 501/459/653 504/460/654 439/461/655
f 439/461/655 438/462/656 501/459/653
f 503/463/657 506/464/658 441/465/659
f 441/465/659 440/466/660 503/463/657
f 505/467/661 508/468/662 443/469/663
f 443/469/663 442/470/664 505/467/661
f 507/471/665 510/472/666 445/473/667
f 445/473/667 444/474/668 507/471/665
f 509/475/669 512/476/670 447/477/671
f 447/477/671 446/478/672 509/475/669
f 511/479/673 514/480/674 449/481/675
f 449/481/675 448/482/676 511/479/673
f 484/483/677 419/484/678 450/485/679
f 450/485/679 513/486/680 484/483/677
s 33
f 419/484/681 420/426/682 421/425/683
f 421/425/683 422/430/684 423/429/685
f 419/484/681 421/425/683 423/429/685
f 423/429/685 424/434/686 425/433/687
f 425/433/687 426/438/688 427/437/689
f 423/429/685 425/433/687 427/437/689
f 419/484/681 423/429/685 427/437/689
f 427/437/689 428/442/690 429/441/691
f 429/441/691 430/446/692 431/445/693
f 427/437/689 429/441/691 431/445/693
f 431/445/693 432/450/694 433/449/695
f 433/449/695 434/454/696 435/453/697
f 431/445/693 433/449/695 435/453/697
f 427/437/689 431/445/693 435/453/697
f 419/484/681 427/437/689 435/453/697
f 435/453/697 436/458/698 437/457/699
f 437/457/699 438/462/700 439/461/701
f 435/453/697 437/457/699 439/461/701
f 439/461/701 440/466/702 441/465/703
f 441/465/703 442/470/704 443/469/705
f 439/461/701 441/465/703 443/469/705
f 435/453/697 439/461/701 443/469/705
f 419/484/681 435/453/697 443/469/705
f 443/469/705 444/474/706 445/473/707
f 445/473/707 446/478/708 447/477/709
f 443/469/705 445/473/707 447/477/709
f 419/484/681 443/469/705 447/477/709
f 447/477/709 448/482/710 449/481/711
f 419/484/681 447/477/709 449/481/711
f 450/485/712 419/484/681 449/481/711
s 1
f 387/390/584 388/487/713 452/488/714
f 452/488/714 451/387/581 387/390/584
f 452/488/714 388/487/713 389/489/715
f 389/489/715 453/490/716 452/488/714
f 453/490/716 389/489/715 390/491/717
f 390/491/717 454/492/718 453/490/716
f 454/492/718 390/491/717 391/493/719
f 391/493/719 455/494/720 454/492/718
f 455/494/720 391/493/719 392/495/721
f 392/495/721 456/496/722 455/494/720
f 456/496/722 392/495/721 393/497/723
f 393/497/723 457/498/724 456/496/722
f 457/498/724 393/497/723 394/499/725
f 394/499/725 458/500/726 457/498/724
f 458/500/726 394/499/725 395/501/727
f 395/501/727 459/502/728 458/500/726
f 459/502/728 395/501/727 396/503/729
f 396/503/729 460/504/730 459/502/728
f 460/504/730 396/503/729 397/505/731
f 397/505/731 461/506/732 460/504/730
f 461/506/732 397/505/731 398/507/733
f 398/507/733 462/508/734 461/506/732
f 462/508/734 398/507/733 399/509/735
f 399/509/735 463/510/736 462/508/734
f 463/510/736 399/509/735 400/511/737
f 400/511/737 464/512/738 463/510/736
f 464/512/738 400/511/737 401/513/739
f 401/513/739 465/514/740 464/512/738
f 465/514/740 401/513/739 402/515/741
f 402/515/741 466/516/742 465/514/740
f 466/516/742 402/515/741 403/517/743
f 403/517/743 467/518/744 466/516/742
f 467/518/744 403/517/743 404/519/745
f 404/519/745 468/520/746 467/518/744
f 468/520/746 404/519/745 405/521/747
f 405/521/747 469/522/748 468/520/746
f 469/522/748 405/521/747 406/523/749
f 406/523/749 470/524/750 469/522/748
f 470/524/750 406/523/749 407/525/751
f 407/525/751 471/526/752 470/524/750
f 471/526/752 407/525/751 408/527/753
f 408/527/753 472/528/754 471/526/752
f 472/528/754 408/527/753 409/529/755
f 409/529/755 473/530/756 472/528/754
f 473/530/756 409/529/755 410/531/757
f 410/531/757 474/532/758 473/530/756
f 474/532/758 410/531/757 411/533/759
f 411/533/759 475/534/760 474/532/758
f 475/534/760 411/533/759 412/535/761
f 412/535/761 476/536/762 475/534/760
f 476/536/762 412/535/761 413/537/763
f 413/537/763 477/538/764 476/536/762
f 477/538/764 413/537/763 414/539/765
f 414/539/765 478/540/766 477/538/764
f 478/540/766 414/539/765 415/541/767
f 415/541/767 479/542/768 478/540/766
f 479/542/768 415/541/767 416/543/769
f 416/543/769 480/544/770 479/542/768
f 480/544/770 416/543/769 417/545/771
f 417/545/771 481/546/772 480/544/770
f 481/546/772 417/545/771 418/389/583
f 418/389/583 482/388/582 481/546/772
s 17
f 420/426/620 419/484/678 484/483/677
f 484/483/677 483/423/617 420/426/620
f 422/430/624 421/425/619 486/424/618
f 486/424/618 485/427/621 422/430/624
f 424/434/628 423/429/623 488/428/622
f 488/428/622 487/431/625 424/434/628
f 426/438/632 425/433/627 490/432/626
f 490/432/626 489/435/629 426/438/632
f 428/442/636 427/437/631 492/436/630
f 492/436/630 491/439/633 428/442/636
f 430/446/640 429/441/635 494/440/634
f 494/440/634 493/443/637 430/446/640
f 432/450/644 431/445/639 496/444/638
f 496/444/638 495/447/641 432/450/644
f 434/454/648 433/449/643 498/448/642
f 498/448/642 497/451/645 434/454/648
f 436/458/652 435/453/647 500/452/646
f 500/452/646 499/455/649 436/458/652
f 438/462/656 437/457/651 502/456/650
f 502/456/650 501/459/653 438/462/656
f 440/466/660 439/461/655 504/460/654
f 504/460/654 503/463/657 440/466/660
f 442/470/664 441/465/659 506/464/658
f 506/464/658 505/467/661 442/470/664
f 444/474/668 443/469/663 508/468/662
f 508/468/662 507/471/665 444/474/668
f 446/478/672 445/473/667 510/472/666
f 510/472/666 509/475/669 446/478/672
f 448/482/676 447/477/671 512/476/670
f 512/476/670 511/479/673 448/482/676
f 450/485/679 449/481/675 514/480/674
f 450/485/679 514/480/674 515/547/773
f 513/486/680 450/485/679 515/547/773
s 41
f 458/500/774 459/502/775 492/436/776
f 492/436/776 489/435/777 458/500/774
f 464/512/778 465/514/779 466/516/780
f 464/512/778 466/516/780 467/518/781
f 468/520/782 499/455/783 500/452/784
f 467/518/781 468/520/782 500/452/784
f 467/518/781 500/452/784 497/451/785
f 467/518/781 497/451/785 498/448/786
f 464/512/778 467/518/781 498/448/786
f 464/512/778 498/448/786 495/447/787
f 463/510/788 464/512/778 495/447/787
f 463/510/788 495/447/787 496/444/789
f 463/510/788 496/444/789 493/443/790
f 462/508/791 463/510/788 493/443/790
f 461/506/792 462/508/791 493/443/790
f 461/506/792 493/443/790 494/440/793
f 461/506/792 494/440/793 491/439/794
f 460/504/795 461/506/792 491/439/794
f 459/502/775 460/504/795 491/439/794
f 492/436/776 459/502/775 491/439/794
f 468/520/782 469/522/796 502/456/797
f 502/456/797 499/455/783 468/520/782
f 501/459/798 502/456/797 469/522/796
f 501/459/798 469/522/796 470/524/799
f 501/459/798 470/524/799 471/526/800
f 504/460/801 501/459/798 471/526/800
f 504/460/801 471/526/800 472/528/802
f 503/463/803 504/460/801 472/528/802
f 503/463/803 472/528/802 473/530/804
f 506/464/805 503/463/803 473/530/804
f 505/467/806 506/464/805 473/530/804
f 505/467/806 473/530/804 474/532/807
f 505/467/806 474/532/807 475/534/808
f 508/468/809 505/467/806 475/534/808
f 508/468/809 475/534/808 476/536/810
f 507/471/811 508/468/809 476/536/810
f 507/471/811 476/536/810 477/538/812
f 510/472/813 507/471/811 477/538/812
f 510/472/813 477/538/812 478/540/814
f 509/475/815 510/472/813 478/540/814
f 509/475/815 478/540/814 479/542/816
f 512/476/817 509/475/815 479/542/816
f 511/479/818 512/476/817 479/542/816
f 511/479/818 479/542/816 480/544/819
f 514/480/820 511/479/818 480/544/819
f 481/546/821 482/388/822 451/387/823
f 480/544/819 481/546/821 451/387/823
f 514/480/820 480/544/819 451/387/823
f 515/547/824 514/480/820 451/387/823
f 455/494/825 456/496/826 457/498/827
f 455/494/825 457/498/827 458/500/774
f 458/500/774 490/432/828 487/431/829
f 455/494/825 458/500/774 487/431/829
f 455/494/825 487/431/829 488/428/830
f 455/494/825 488/428/830 485/427/831
f 454/492/832 455/494/825 485/427/831
f 453/490/833 454/492/832 485/427/831
f 453/490/833 485/427/831 486/424/834
f 453/490/833 486/424/834 483/423/835
f 452/488/836 453/490/833 483/423/835
f 451/387/823 452/488/836 483/423/835
f 451/387/823 483/423/835 484/483/837
f 451/387/823 484/483/837 513/486/838
f 515/547/824 451/387/823 513/486/838
f 489/435/777 490/432/828 458/500/774
s 1
f 388/487/713 387/390/584 517/548/839
f 517/548/839 516/549/840 388/487/713
f 387/390/584 418/389/583 518/550/841
f 518/550/841 517/548/839 387/390/584
f 418/389/583 417/545/771 519/551/842
f 519/551/842 518/550/841 418/389/583
f 417/545/771 416/543/769 520/552/843
f 520/552/843 519/551/842 417/545/771
f 416/543/769 415/541/767 521/553/844
f 521/553/844 520/552/843 416/543/769
f 415/541/767 414/539/765 522/554/845
f 522/554/845 521/553/844 415/541/767
f 414/539/765 413/537/763 523/555/846
f 523/555/846 522/554/845 414/539/765
f 413/537/763 412/535/761 524/556/847
f 524/556/847 523/555/846 413/537/763
f 412/535/761 411/533/759 525/557/848
f 525/557/848 524/556/847 412/535/761
f 411/533/759 410/531/757 526/558/849
f 526/558/849 525/557/848 411/533/759
f 410/531/757 409/529/755 527/559/850
f 527/559/850 526/558/849 410/531/757
f 409/529/755 408/527/753 528/560/851
f 528/560/851 527/559/850 409/529/755
f 408/527/753 407/525/751 529/561/852
f 529/561/852 528/560/851 408/527/753
f 407/525/751 406/523/749 530/562/853
f 530/562/853 529/561/852 407/525/751
f 406/523/749 405/521/747 531/563/854
f 531/563/854 530/562/853 406/523/749
f 405/521/747 404/519/745 532/564/855
f 532/564/855 531/563/854 405/521/747
f 404/519/745 403/517/743 533/565/856
f 533/565/856 532/564/855 404/519/745
f 403/517/743 402/515/741 534/566/857
f 534/566/857 533/565/856 403/517/743
f 402/515/741 401/513/739 535/567/858
f 535/567/858 534/566/857 402/515/741
f 401/513/739 400/511/737 536/568/859
f 536/568/859 535/567/858 401/513/739
f 400/511/737 399/509/735 537/569/860
f 537/569/860 536/568/859 400/511/737
f 399/509/735 398/507/733 538/570/861
f 538/570/861 537/569/860 399/509/735
f 398/507/733 397/505/731 539/571/862
f 539/571/862 538/570/861 398/507/733
f 397/505/731 396/503/729 540/572/863
f 540/572/863 539/571/862 397/505/731
f 396/503/729 395/501/727 541/573/864
f 541/573/864 540/572/863 396/503/729
f 395/501/727 394/499/725 542/574/865
f 542/574/865 541/573/864 395/501/727
f 394/499/725 393/497/723 543/575/866
f 543/575/866 542/574/865 394/499/725
f 393/497/723 392/495/721 544/576/867
f 544/576/867 543/575/866 393/497/723
f 392/495/721 391/493/719 545/577/868
f 545/577/868 544/576/867 392/495/721
f 391/493/719 390/491/717 546/578/869
f 546/578/869 545/577/868 391/493/719
f 390/491/717 389/489/715 547/579/870
f 547/579/870 546/578/869 390/491/717
f 389/489/715 388/487/713 516/549/840
f 516/549/840 547/579/870 389/489/715
f 516/549/840 517/548/839 549/421/615
f 549/421/615 548/420/614 516/549/840
f 517/548/839 518/550/841 550/422/616
f 550/422/616 549/421/615 517/548/839
f 518/550/841 519/551/842 551/391/585
f 551/391/585 550/422/616 518/550/841
f 519/551/842 520/552/843 552/392/586
f 552/392/586 551/391/585 519/551/842
f 520/552/843 521/553/844 553/393/587
f 553/393/587 552/392/586 520/552/843
f 521/553/844 522/554/845 554/394/588
f 554/394/588 553/393/587 521/553/844
f 522/554/845 523/555/846 555/395/589
f 555/395/589 554/394/588 522/554/845
f 523/555/846 524/556/847 556/396/590
f 556/396/590 555/395/589 523/555/846
f 524/556/847 525/557/848 557/397/591
f 557/397/591 556/396/590 524/556/847
f 525/557/848 526/558/849 558/398/592
f 558/398/592 557/397/591 525/557/848
f 526/558/849 527/559/850 559/399/593
f 559/399/593 558/398/592 526/558/849
f 527/559/850 528/560/851 560/400/594
f 560/400/594 559/399/593 527/559/850
f 528/560/851 529/561/852 561/401/595
f 561/401/595 560/400/594 528/560/851
f 529/561/852 530/562/853 562/402/596
f 562/402/596 561/401/595 529/561/852
f 530/562/853 531/563/854 563/403/597
f 563/403/597 562/402/596 530/562/853
f 531/563/854 532/564/855 564/404/598
f 564/404/598 563/403/597 531/563/854
f 532/564/855 533/565/856 565/405/599
f 565/405/599 564/404/598 532/564/855
f 533/565/856 534/566/857 566/406/600
f 566/406/600 565/405/599 533/565/856
f 534/566/857 535/567/858 567/407/601
f 567/407/601 566/406/600 534/566/857
f 535/567/858 536/568/859 568/408/602
f 568/408/602 567/407/601 535/567/858
f 536/568/859 537/569/860 569/409/603
f 569/409/603 568/408/602 536/568/859
f 537/569/860 538/570/861 570/410/604
f 570/410/604 569/409/603 537/569/860
f 538/570/861 539/571/862 571/411/605
f 571/411/605 570/410/604 538/570/861
f 539/571/862 540/572/863 572/412/606
f 572/412/606 571/411/605 539/571/862
f 540/572/863 541/573/864 573/413/607
f 573/413/607 572/412/606 540/572/863
f 541/573/864 542/574/865 574/414/608
f 574/414/608 573/413/607 541/573/864
f 542/574/865 543/575/866 575/415/609
f 575/415/609 574/414/608 542/574/865
f 543/575/866 544/576/867 576/416/610
f 576/416/610 575/415/609 543/575/866
f 544/576/867 545/577/868 577/417/611
f 577/417/611 576/416/610 544/576/867
f 545/577/868 546/578/869 578/418/612
f 578/418/612 577/417/611 545/577/868
f 546/578/869 547/579/870 579/419/613
f 579/419/613 578/418/612 546/578/869
f 547/579/870 516/549/840 548/420/614
f 548/420/614 579/419/613 547/579/870
g default
v -210.925598 40.000000 -229.156799
v -205.159195 40.000000 -221.230698
v -197.957397 40.000000 -214.581894
v -189.596802 40.000000 -209.465805
v -180.398804 40.000000 -206.078995
v -170.716797 40.000000 -204.551804
v -160.922897 40.000000 -204.942795
v -151.393494 40.000000 -207.237000
v -142.494705 40.000000 -211.346207
v -134.568604 40.000000 -217.112595
v -127.919701 40.000000 -224.314407
v -122.803596 40.000000 -232.675003
v -119.416901 40.000000 -241.873001
v -117.889702 40.000000 -251.554993
v -118.280701 40.000000 -261.348907
v -120.574898 40.000000 -270.878387
v -124.684097 40.000000 -279.777100
v -130.450394 40.000000 -287.703186
v -137.652298 40.000000 -294.352112
v -146.012802 40.000000 -299.468201
v -155.210907 40.000000 -302.854889
v -164.892899 40.000000 -304.382111
v -174.686798 40.000000 -303.991089
v -184.216202 40.000000 -301.696899
v -193.115005 40.000000 -297.587708
v -201.041107 40.000000 -291.821411
v -207.690002 40.000000 -284.619507
v -212.806000 40.000000 -276.259003
v -216.192795 40.000000 -267.060913
v -217.720001 40.000000 -257.378906
v -217.328995 40.000000 -247.585007
v -215.034805 40.000000 -238.055603
v -208.338303 55.000000 -230.675400
v -202.917999 55.000000 -223.224899
v -196.148300 55.000000 -216.975006
v -188.289307 55.000000 -212.165802
v -179.643204 55.000000 -208.982300
v -170.542099 55.000000 -207.546707
v -161.335800 55.000000 -207.914307
v -152.378098 55.000000 -210.070801
v -144.013306 55.000000 -213.933502
v -136.562805 55.000000 -219.353806
v -130.312805 55.000000 -226.123505
v -125.503700 55.000000 -233.982498
v -122.320198 55.000000 -242.628601
v -120.884598 55.000000 -251.729706
v -121.252197 55.000000 -260.936005
v -123.408699 55.000000 -269.893707
v -127.271400 55.000000 -278.258514
v -132.691696 55.000000 -285.709015
v -139.461395 55.000000 -291.959015
v -147.320404 55.000000 -296.768097
v -155.966507 55.000000 -299.951599
v -165.067596 55.000000 -301.387207
v -174.273895 55.000000 -301.019714
v -183.231506 55.000000 -298.863098
v -191.596405 55.000000 -295.000397
v -199.046906 55.000000 -289.580109
v -205.296799 55.000000 -282.810394
v -210.106003 55.000000 -274.951385
v -213.289505 55.000000 -266.305298
v -214.725098 55.000000 -257.204193
v -214.357498 55.000000 -247.997894
v -212.201004 55.000000 -239.040298
v -210.925598 70.000000 -229.156799
v -205.159195 70.000000 -221.230698
v -197.957397 70.000000 -214.581802
v -189.596802 70.000000 -209.465805
v -180.398804 70.000000 -206.078995
v -170.716797 70.000000 -204.551804
v -160.922897 70.000000 -204.942795
v -151.393494 70.000000 -207.237000
v -142.494705 70.000000 -211.346207
v -134.568604 70.000000 -217.112595
v -127.919701 70.000000 -224.314407
v -122.803596 70.000000 -232.675003
v -119.416901 70.000000 -241.873001
v -117.889702 70.000000 -251.554993
v -118.280701 70.000000 -261.348907
v -120.574898 70.000000 -270.878387
v -124.684097 70.000000 -279.777100
v -130.450394 70.000000 -287.703186
v -137.652298 70.000000 -294.352112
v -146.012802 70.000000 -299.468201
v -155.210907 70.000000 -302.854889
v -164.892899 70.000000 -304.382111
v -174.686798 70.000000 -303.991089
v -184.216202 70.000000 -301.696899
v -193.115005 70.000000 -297.587708
v -201.041107 70.000000 -291.821411
v -207.690002 70.000000 -284.619507
v -212.806000 70.000000 -276.259003
v -216.192795 70.000000 -267.060913
v -217.720001 70.000000 -257.378906
v -217.328995 70.000000 -247.585007
v -215.034805 70.000000 -238.055603
v -202.917999 70.000000 -223.224899
v -208.338303 70.000000 -230.675400
v -188.289307 70.000000 -212.165802
v -196.148300 70.000000 -216.975006
v -170.542099 70.000000 -207.546707
v -179.643204 70.000000 -208.982300
v -152.378098 70.000000 -210.070801
v -161.335800 70.000000 -207.914307
v -136.562805 70.000000 -219.353806
v -144.013306 70.000000 -213.933502
v -125.503700 70.000000 -233.982498
v -130.312805 70.000000 -226.123505
v -120.884598 70.000000 -251.729706
v -122.320198 70.000000 -242.628601
v -123.408699 70.000000 -269.893707
v -121.252197 70.000000 -260.936005
v -132.691696 70.000000 -285.709015
v -127.271400 70.000000 -278.258514
v -147.320404 70.000000 -296.768097
v -139.461395 70.000000 -291.959015
v -165.067596 70.000000 -301.387207
v -155.966507 70.000000 -299.951599
v -183.231506 70.000000 -298.863098
v -174.273895 70.000000 -301.019714
v -199.046906 70.000000 -289.580109
v -191.596405 70.000000 -295.000397
v -210.106003 70.000000 -274.951385
v -205.296799 70.000000 -282.810394
v -214.725098 70.000000 -257.204193
v -213.289505 70.000000 -266.305298
v -212.201004 70.000000 -239.040298
v -214.357498 70.000000 -247.997894
v -212.270493 70.000000 -239.239700
v -204.408493 36.000000 -221.898697
v -210.059006 36.000000 -229.665497
v -214.085602 36.000000 -238.385406
v -216.333694 36.000000 -247.723297
v -216.716797 36.000000 -257.320404
v -215.220306 36.000000 -266.807800
v -211.901703 36.000000 -275.821014
v -206.888397 36.000000 -284.013611
v -200.373199 36.000000 -291.070709
v -192.606293 36.000000 -296.721100
v -183.886398 36.000000 -300.747711
v -174.548492 36.000000 -302.995789
v -164.951401 36.000000 -303.378998
v -155.464005 36.000000 -301.882385
v -146.450806 36.000000 -298.563812
v -138.258194 36.000000 -293.550507
v -131.201096 36.000000 -287.035309
v -125.550697 36.000000 -279.268494
v -121.524101 36.000000 -270.548492
v -119.276001 36.000000 -261.210602
v -118.892799 36.000000 -251.613495
v -120.389397 36.000000 -242.126099
v -123.708000 36.000000 -233.112900
v -128.721298 36.000000 -224.920303
v -135.236496 36.000000 -217.863297
v -143.003296 36.000000 -212.212799
v -151.723297 36.000000 -208.186203
v -161.061203 36.000000 -205.938095
v -170.658295 36.000000 -205.554993
v -180.145706 36.000000 -207.051498
v -189.158905 36.000000 -210.370102
v -197.351501 36.000000 -215.383408
v -201.405701 32.000000 -224.570404
v -206.592606 32.000000 -231.700104
v -210.288895 32.000000 -239.704697
v -212.352600 32.000000 -248.276596
v -212.704300 32.000000 -257.086304
v -211.330597 32.000000 -265.795410
v -208.284103 32.000000 -274.069214
v -203.682098 32.000000 -281.589691
v -197.701401 32.000000 -288.067810
v -190.571701 32.000000 -293.254791
v -182.567093 32.000000 -296.950989
v -173.995300 32.000000 -299.014709
v -165.185501 32.000000 -299.366394
v -156.476303 32.000000 -297.992706
v -148.202606 32.000000 -294.946289
v -140.682098 32.000000 -290.344299
v -134.203903 32.000000 -284.363495
v -129.017105 32.000000 -277.233887
v -125.320801 32.000000 -269.229309
v -123.257103 32.000000 -260.657410
v -122.905403 32.000000 -251.847595
v -124.279099 32.000000 -243.138504
v -127.325500 32.000000 -234.864700
v -131.927505 32.000000 -227.344193
v -137.908295 32.000000 -220.866104
v -145.037994 32.000000 -215.679199
v -153.042496 32.000000 -211.982895
v -161.614395 32.000000 -209.919205
v -170.424194 32.000000 -209.567505
v -179.133301 32.000000 -210.941193
v -187.407104 32.000000 -213.987701
v -194.927597 32.000000 -218.589706
vt 0.671000 0.977200
vt 0.759400 0.945300
vt 0.759400 0.719800
vt 0.671000 0.751700
vt 0.803800 0.587600
vt 0.862700 0.538300
vt 0.907600 0.481300
vt 0.936800 0.418700
vt 0.949300 0.353100
vt 0.944500 0.286900
vt 0.922600 0.222700
vt 0.884500 0.163000
vt 0.831600 0.110000
vt 0.765900 0.065700
vt 0.690100 0.032000
vt 0.606900 0.010000
vt 0.519600 0.000600
vt 0.431600 0.004200
vt 0.346200 0.020700
vt 0.266700 0.049300
vt 0.196200 0.089100
vt 0.137300 0.138500
vt 0.092400 0.195500
vt 0.063200 0.258000
vt 0.050700 0.323600
vt 0.055500 0.389800
vt 0.077400 0.454000
vt 0.115500 0.513800
vt 0.168400 0.566800
vt 0.234100 0.611000
vt 0.309900 0.644800
vt 0.393100 0.666800
vt 0.480400 0.676100
vt 0.568400 0.672500
vt 0.653800 0.656100
vt 0.733300 0.627400
vt 0.571500 0.973200
vt 0.479500 0.977000
vt 0.479500 0.864200
vt 0.571500 0.860400
vt 0.388300 0.967200
vt 0.301400 0.944200
vt 0.301400 0.831500
vt 0.388300 0.854400
vt 0.222100 0.908900
vt 0.153500 0.862700
vt 0.153500 0.749900
vt 0.222100 0.796200
vt 0.098200 0.807300
vt 0.058400 0.744800
vt 0.058400 0.632100
vt 0.098200 0.694500
vt 0.035500 0.677800
vt 0.030500 0.608600
vt 0.030500 0.495900
vt 0.035500 0.565000
vt 0.043500 0.540000
vt 0.074100 0.474700
vt 0.074100 0.362000
vt 0.043500 0.427300
vt 0.121000 0.415100
vt 0.182500 0.363500
vt 0.182500 0.250800
vt 0.121000 0.302400
vt 0.256200 0.322000
vt 0.339300 0.292000
vt 0.339300 0.179300
vt 0.256200 0.209200
vt 0.428500 0.274800
vt 0.520500 0.271100
vt 0.520500 0.158300
vt 0.428500 0.162100
vt 0.611700 0.280800
vt 0.698600 0.303800
vt 0.698600 0.191100
vt 0.611700 0.168100
vt 0.777900 0.339100
vt 0.846500 0.385300
vt 0.846500 0.272600
vt 0.777900 0.226300
vt 0.901800 0.440700
vt 0.941600 0.503200
vt 0.941600 0.390400
vt 0.901800 0.328000
vt 0.964500 0.570300
vt 0.969500 0.639400
vt 0.969500 0.526700
vt 0.964500 0.457500
vt 0.956500 0.708000
vt 0.925900 0.773300
vt 0.925900 0.660600
vt 0.956500 0.595200
vt 0.879000 0.832900
vt 0.817500 0.884500
vt 0.817500 0.771700
vt 0.879000 0.720200
vt 0.660700 0.956000
vt 0.660700 0.843200
vt 0.743800 0.813300
vt 0.743800 0.926000
vt 0.576100 0.770000
vt 0.576100 0.995500
vt 0.478200 0.774000
vt 0.478200 0.999500
vt 0.381200 0.763600
vt 0.381200 0.989100
vt 0.288700 0.739100
vt 0.288700 0.964600
vt 0.204400 0.701600
vt 0.204400 0.927100
vt 0.131400 0.652400
vt 0.131400 0.877900
vt 0.072600 0.593500
vt 0.072600 0.819000
vt 0.030200 0.527100
vt 0.030200 0.752600
vt 0.005800 0.455700
vt 0.005800 0.681200
vt 0.000500 0.382100
vt 0.000500 0.607600
vt 0.014400 0.309200
vt 0.014400 0.534700
vt 0.046900 0.239700
vt 0.046900 0.465200
vt 0.096800 0.176300
vt 0.096800 0.401800
vt 0.162200 0.121400
vt 0.162200 0.346900
vt 0.240600 0.077200
vt 0.240600 0.302700
vt 0.329000 0.045300
vt 0.329000 0.270800
vt 0.423900 0.027000
vt 0.423900 0.252500
vt 0.521800 0.023000
vt 0.521800 0.248500
vt 0.618800 0.033400
vt 0.618800 0.258900
vt 0.711300 0.057900
vt 0.711300 0.283400
vt 0.795600 0.095400
vt 0.795600 0.320900
vt 0.868600 0.144600
vt 0.868600 0.370100
vt 0.927400 0.203500
vt 0.927400 0.429000
vt 0.969800 0.270000
vt 0.969800 0.495500
vt 0.994200 0.341300
vt 0.994200 0.566800
vt 0.999500 0.414900
vt 0.999500 0.640400
vt 0.985600 0.487800
vt 0.985600 0.713300
vt 0.953100 0.557300
vt 0.953100 0.782900
vt 0.903200 0.620700
vt 0.903200 0.846300
vt 0.837800 0.675600
vt 0.837800 0.901100
vt 0.745600 0.925200
vt 0.667600 0.714500
vt 0.574500 0.732400
vt 0.754200 0.683300
vt 0.831000 0.640000
vt 0.895100 0.586200
vt 0.944000 0.524100
vt 0.975900 0.456000
vt 0.989500 0.384500
vt 0.984200 0.312400
vt 0.960400 0.242500
vt 0.918800 0.177400
vt 0.861200 0.119600
vt 0.789700 0.071400
vt 0.707100 0.034700
vt 0.616400 0.010700
vt 0.521400 0.000500
vt 0.425500 0.004400
vt 0.332400 0.022400
vt 0.245800 0.053600
vt 0.169000 0.096900
vt 0.104900 0.150700
vt 0.056000 0.212800
vt 0.024100 0.280900
vt 0.010500 0.352400
vt 0.015800 0.424500
vt 0.039600 0.494400
vt 0.081200 0.559500
vt 0.138800 0.617300
vt 0.210300 0.665400
vt 0.292900 0.702200
vt 0.383600 0.726200
vt 0.478600 0.736400
vn -0.878559 0.000000 0.477633
vn -0.944599 0.000000 0.328227
vn -0.943780 -0.105205 0.313387
vn -0.855639 -0.122768 0.502802
vn -0.375728 -0.924459 0.064843
vn -0.560269 -0.828188 -0.014265
vn -0.277399 -0.958716 -0.062557
vn -0.512156 -0.828192 -0.227581
vn -0.311529 -0.924460 -0.219828
vn -0.386079 -0.828194 -0.406248
vn -0.120522 -0.974220 -0.190711
vn -0.201226 -0.828190 -0.523076
vn -0.064843 -0.924458 -0.375730
vn 0.014262 -0.828192 -0.560263
vn 0.062558 -0.958716 -0.277399
vn 0.227583 -0.828187 -0.512164
vn 0.219831 -0.924458 -0.311533
vn 0.406254 -0.828190 -0.386081
vn 0.172695 -0.978911 -0.109137
vn 0.523075 -0.828191 -0.201225
vn 0.375729 -0.924458 -0.064844
vn 0.560262 -0.828192 0.014262
vn 0.277398 -0.958716 0.062557
vn 0.512163 -0.828188 0.227582
vn 0.311533 -0.924457 0.219831
vn 0.386080 -0.828190 0.406256
vn 0.120523 -0.974220 0.190708
vn 0.201226 -0.828191 0.523076
vn 0.064843 -0.924458 0.375730
vn -0.014264 -0.828189 0.560267
vn -0.062557 -0.958716 0.277399
vn -0.227582 -0.828191 0.512158
vn -0.219828 -0.924459 0.311529
vn -0.406258 -0.828188 0.386081
vn -0.172695 -0.978910 0.109138
vn -0.523075 -0.828191 0.201226
vn 0.724874 0.000000 -0.688882
vn 0.576554 0.000000 -0.817059
vn 0.628902 0.000000 -0.777485
vn 0.768497 0.000000 -0.639853
vn 0.406075 0.000000 -0.913840
vn 0.219990 0.000000 -0.975502
vn 0.283500 0.000000 -0.958972
vn 0.465139 0.000000 -0.885238
vn 0.025448 0.000000 -0.999676
vn -0.170064 0.000000 -0.985433
vn -0.105065 0.000000 -0.994465
vn 0.090965 0.000000 -0.995854
vn -0.359048 0.000000 -0.933319
vn -0.534230 0.000000 -0.845339
vn -0.477636 0.000000 -0.878558
vn -0.297054 0.000000 -0.954861
vn -0.688878 0.000000 -0.724878
vn -0.817062 0.000000 -0.576550
vn -0.777483 0.000000 -0.628904
vn -0.639851 0.000000 -0.768499
vn -0.913841 0.000000 -0.406072
vn -0.975502 0.000000 -0.219991
vn -0.958972 0.000000 -0.283500
vn -0.885240 0.000000 -0.465135
vn -0.999676 0.000000 -0.025448
vn -0.985433 0.000000 0.170064
vn -0.994465 0.000000 0.105066
vn -0.995854 0.000000 -0.090965
vn -0.933319 0.000000 0.359047
vn -0.845340 0.000000 0.534229
vn -0.878558 0.000000 0.477635
vn -0.954860 0.000000 0.297055
vn -0.724878 0.000000 0.688877
vn -0.576549 0.000000 0.817062
vn -0.628902 0.000000 0.777484
vn -0.768499 0.000000 0.639851
vn -0.406071 0.000000 0.913842
vn -0.219991 0.000000 0.975502
vn -0.283500 0.000000 0.958972
vn -0.465133 0.000000 0.885241
vn -0.025457 0.000000 0.999676
vn 0.170070 0.000000 0.985432
vn 0.105063 0.000000 0.994466
vn -0.090969 0.000000 0.995854
vn 0.359050 0.000000 0.933318
vn 0.534229 0.000000 0.845340
vn 0.477631 0.000000 0.878561
vn 0.297062 0.000000 0.954858
vn 0.688883 0.000000 0.724873
vn 0.817060 0.000000 0.576553
vn 0.777485 0.000000 0.628901
vn 0.639853 0.000000 0.768498
vn 0.913840 0.000000 0.406074
vn 0.975502 0.000000 0.219990
vn 0.958972 0.000000 0.283499
vn 0.885237 0.000000 0.465140
vn 0.999676 0.000000 0.025448
vn 0.985564 0.000477 -0.169301
vn 0.994465 0.000000 -0.105067
vn 0.995854 0.000000 0.090965
vn 0.862414 0.000000 -0.506203
vn 0.862414 0.000000 -0.506203
vn 0.944693 0.000286 -0.327956
vn 0.927191 0.000000 -0.374589
vn 0.000000 1.000000 -0.000000
vn 0.000000 1.000000 0.000000
vn 0.000000 1.000000 0.000000
vn 0.000000 1.000000 0.000000
vn 0.000000 1.000000 -0.000000
vn 0.000000 1.000000 0.000000
vn 0.000000 1.000000 0.000000
vn 0.000000 1.000000 0.000000
vn 0.000000 1.000000 0.000000
vn 0.000000 1.000000 0.000000
vn 0.000000 1.000000 0.000001
vn 0.000000 1.000000 0.000000
vn 0.000000 1.000000 0.000000
vn 0.000000 1.000000 0.000000
vn 0.000000 1.000000 0.000000
vn 0.000000 1.000000 0.000000
vn 0.000000 1.000000 -0.000000
vn 0.000000 1.000000 0.000000
vn 0.000000 1.000000 0.000000
vn 0.000000 1.000000 0.000000
vn 0.000000 1.000000 0.000000
vn 0.000000 1.000000 0.000000
vn 0.000000 1.000000 0.000000
vn 0.000000 1.000000 0.000000
vn 0.000000 1.000000 -0.000000
vn 0.000000 1.000000 0.000000
vn 0.000000 1.000000 0.000000
vn 0.000000 1.000000 0.000000
vn 0.000000 1.000000 -0.000000
vn 0.000000 1.000000 0.000000
vn 0.000000 1.000000 0.000000
vn 0.000000 1.000000 0.000000
vn -0.751593 -0.147245 0.642983
vn -0.747086 -0.000001 0.664727
vn -0.624151 -0.122695 0.771610
vn -0.576550 -0.000002 0.817062
vn -0.461625 -0.122690 0.878550
vn -0.406076 0.000000 0.913839
vn -0.281360 -0.122701 0.951725
vn -0.219991 0.000000 0.975502
vn -0.090277 -0.122707 0.988329
vn -0.025452 0.000000 0.999676
vn 0.104270 -0.122705 0.986951
vn 0.170066 0.000000 0.985433
vn 0.294812 -0.122704 0.947644
vn 0.359045 0.000000 0.933320
vn 0.474023 -0.122700 0.871922
vn 0.534232 0.000000 0.845338
vn 0.635021 -0.122697 0.762689
vn 0.688881 0.000000 0.724875
vn 0.771609 -0.122698 0.624152
vn 0.817060 0.000000 0.576553
vn 0.878550 -0.122700 0.461622
vn 0.913841 0.000000 0.406072
vn 0.951726 -0.122704 0.281355
vn 0.975502 0.000000 0.219989
vn 0.988329 -0.122698 0.090279
vn 0.999676 0.000000 0.025451
vn 0.986951 -0.122700 -0.104271
vn 0.985433 0.000000 -0.170065
vn 0.947644 -0.122706 -0.294812
vn 0.933320 0.000000 -0.359047
vn 0.871921 -0.122702 -0.474022
vn 0.845340 0.000000 -0.534229
vn 0.762691 -0.122696 -0.635018
vn 0.724875 0.000000 -0.688881
vn 0.624149 -0.122698 -0.771611
vn 0.576554 0.000000 -0.817059
vn 0.461623 -0.122703 -0.878549
vn 0.406070 0.000000 -0.913842
vn 0.281353 -0.122706 -0.951727
vn 0.219987 0.000000 -0.975503
vn 0.090280 -0.122701 -0.988329
vn 0.025451 0.000000 -0.999676
vn -0.104271 -0.122702 -0.986951
vn -0.170065 0.000000 -0.985433
vn -0.294809 -0.122703 -0.947645
vn -0.359046 0.000000 -0.933320
vn -0.474021 -0.122705 -0.871922
vn -0.534227 0.000000 -0.845341
vn -0.635018 -0.122701 -0.762690
vn -0.688882 0.000000 -0.724873
vn -0.771613 -0.122698 -0.624147
vn -0.817062 0.000000 -0.576550
vn -0.878550 -0.122696 -0.461623
vn -0.913840 0.000000 -0.406074
vn -0.951726 -0.122700 -0.281358
vn -0.975502 0.000000 -0.219990
vn -0.988328 -0.122708 -0.090278
vn -0.999676 0.000000 -0.025451
vn -0.986951 -0.122706 0.104270
vn -0.985433 0.000000 0.170065
vn 0.959769 0.000713 -0.280790
vn 0.000000 1.000000 0.000000
vn 0.000000 1.000000 -0.000001
vn 0.000000 1.000000 0.000000
vn 0.000000 1.000000 0.000001
vn 0.000000 1.000000 0.000000
vn 0.000000 1.000000 0.000000
vn 0.000000 1.000000 0.000001
vn 0.000000 1.000000 0.000000
vn 0.000000 1.000000 -0.000000
vn 0.000000 1.000000 -0.000001
vn 0.000000 1.000000 -0.000000
vn 0.000000 1.000000 0.000000
vn 0.000000 1.000000 -0.000000
vn 0.000000 1.000000 0.000000
vn 0.000000 1.000000 0.000000
vn 0.000000 1.000000 0.000000
vn 0.000000 1.000000 -0.000000
vn 0.000000 1.000000 0.000001
vn 0.000000 1.000000 -0.000000
vn 0.000000 1.000000 -0.000001
vn 0.000000 1.000000 -0.000001
vn 0.000000 1.000000 -0.000001
vn 0.000000 1.000000 -0.000001
vn 0.000000 1.000000 0.000000
vn 0.000000 1.000000 0.000000
vn 0.000000 1.000000 -0.000001
vn 0.000000 1.000000 0.000001
vn 0.000000 1.000000 0.000000
vn 0.000000 1.000000 -0.000001
vn 0.000000 1.000000 -0.000001
vn 0.000000 1.000000 -0.000001
vn 0.000000 1.000000 0.000000
vn 0.000000 1.000000 0.000000
vn 0.000000 1.000000 -0.000001
vn 0.000000 1.000000 0.000001
vn 0.000000 1.000000 0.000001
vn 0.000000 1.000000 0.000000
vn 0.000000 1.000000 0.000000
vn 0.000000 1.000000 0.000000
vn 0.000000 1.000000 -0.000001
vn 0.000000 1.000000 -0.000001
vn 0.000000 1.000000 -0.000001
vn 0.000000 1.000000 0.000000
vn 0.000000 1.000000 0.000000
vn 0.000000 1.000000 0.000000
vn 0.000000 1.000000 0.000000
vn 0.000000 1.000000 0.000000
vn 0.000000 1.000000 0.000000
vn 0.000000 1.000000 0.000000
vn 0.000000 1.000000 0.000000
vn 0.000000 1.000000 0.000000
vn 0.000000 1.000000 -0.000000
vn 0.000000 1.000000 0.000000
vn 0.000000 1.000000 0.000000
vn 0.000000 1.000000 0.000001
vn 0.000000 1.000000 -0.000001
vn 0.000000 1.000000 -0.000001
vn 0.000000 1.000000 -0.000001
vn 0.000000 1.000000 0.000000
vn 0.000000 1.000000 -0.000001
vn 0.000000 1.000000 -0.000001
vn 0.000000 1.000000 0.000000
vn 0.000000 1.000000 0.000000
vn 0.000000 1.000000 0.000000
vn 0.000000 1.000000 0.000000
vn -0.747314 -0.494502 0.443836
vn -0.646372 -0.494493 0.581102
vn -0.819544 -0.494501 0.289511
vn -0.860279 -0.494498 0.124062
vn -0.867951 -0.494500 -0.046153
vn -0.842270 -0.494500 -0.214593
vn -0.784222 -0.494499 -0.374789
vn -0.696037 -0.494498 -0.520581
vn -0.581100 -0.494497 -0.646371
vn -0.443832 -0.494499 -0.747318
vn -0.289511 -0.494500 -0.819544
vn -0.124065 -0.494499 -0.860278
vn 0.046152 -0.494497 -0.867953
vn 0.214596 -0.494495 -0.842273
vn 0.374787 -0.494500 -0.784222
vn 0.520582 -0.494496 -0.696037
vn 0.646372 -0.494494 -0.581102
vn 0.747320 -0.494495 -0.443833
vn 0.819544 -0.494500 -0.289511
vn 0.860277 -0.494501 -0.124065
vn 0.867954 -0.494496 0.046153
vn 0.842273 -0.494495 0.214596
vn 0.784224 -0.494496 0.374789
vn 0.696036 -0.494494 0.520585
vn 0.581102 -0.494495 0.646371
vn 0.443836 -0.494497 0.747317
vn 0.289511 -0.494497 0.819546
vn 0.124063 -0.494499 0.860279
vn -0.046153 -0.494498 0.867952
vn -0.214593 -0.494501 0.842270
vn -0.374791 -0.494495 0.784224
vn -0.520589 -0.494488 0.696038
s 1
g Toasters040_Jaw02
f 644/580/871 675/581/872 611/582/873
f 611/582/873 580/583/874 644/580/871
f 744/584/875 745/585/876 746/586/877
f 746/586/877 747/587/878 748/588/879
f 748/588/879 749/589/880 750/590/881
f 746/586/877 748/588/879 750/590/881
f 750/590/881 751/591/882 752/592/883
f 752/592/883 753/593/884 754/594/885
f 750/590/881 752/592/883 754/594/885
f 754/594/885 755/595/886 756/596/887
f 756/596/887 757/597/888 758/598/889
f 754/594/885 756/596/887 758/598/889
f 750/590/881 754/594/885 758/598/889
f 758/598/889 759/599/890 760/600/891
f 760/600/891 761/601/892 762/602/893
f 758/598/889 760/600/891 762/602/893
f 762/602/893 763/603/894 764/604/895
f 764/604/895 765/605/896 766/606/897
f 762/602/893 764/604/895 766/606/897
f 758/598/889 762/602/893 766/606/897
f 766/606/897 767/607/898 768/608/899
f 768/608/899 769/609/900 770/610/901
f 766/606/897 768/608/899 770/610/901
f 770/610/901 771/611/902 772/612/903
f 772/612/903 741/613/904 742/614/905
f 770/610/901 772/612/903 742/614/905
f 766/606/897 770/610/901 742/614/905
f 758/598/889 766/606/897 742/614/905
f 750/590/881 758/598/889 742/614/905
f 746/586/877 750/590/881 742/614/905
f 744/584/875 746/586/877 742/614/905
f 743/615/906 744/584/875 742/614/905
s 17
f 676/616/907 679/617/908 614/618/909
f 614/618/909 613/619/910 676/616/907
f 678/620/911 681/621/912 616/622/913
f 616/622/913 615/623/914 678/620/911
f 680/624/915 683/625/916 618/626/917
f 618/626/917 617/627/918 680/624/915
f 682/628/919 685/629/920 620/630/921
f 620/630/921 619/631/922 682/628/919
f 684/632/923 687/633/924 622/634/925
f 622/634/925 621/635/926 684/632/923
f 686/636/927 689/637/928 624/638/929
f 624/638/929 623/639/930 686/636/927
f 688/640/931 691/641/932 626/642/933
f 626/642/933 625/643/934 688/640/931
f 690/644/935 693/645/936 628/646/937
f 628/646/937 627/647/938 690/644/935
f 692/648/939 695/649/940 630/650/941
f 630/650/941 629/651/942 692/648/939
f 694/652/943 697/653/944 632/654/945
f 632/654/945 631/655/946 694/652/943
f 696/656/947 699/657/948 634/658/949
f 634/658/949 633/659/950 696/656/947
f 698/660/951 701/661/952 636/662/953
f 636/662/953 635/663/954 698/660/951
f 700/664/955 703/665/956 638/666/957
f 638/666/957 637/667/958 700/664/955
f 702/668/959 705/669/960 640/670/961
f 640/670/961 639/671/962 702/668/959
f 704/672/963 707/673/964 642/674/965
f 642/674/965 641/675/966 704/672/963
f 677/676/967 612/677/968 643/678/969
f 643/678/969 706/679/970 677/676/967
s 33
f 612/677/971 613/619/972 614/618/973
f 614/618/973 615/623/974 616/622/975
f 612/677/971 614/618/973 616/622/975
f 616/622/975 617/627/976 618/626/977
f 618/626/977 619/631/978 620/630/979
f 616/622/975 618/626/977 620/630/979
f 612/677/971 616/622/975 620/630/979
f 620/630/979 621/635/980 622/634/981
f 622/634/981 623/639/982 624/638/983
f 620/630/979 622/634/981 624/638/983
f 624/638/983 625/643/984 626/642/985
f 626/642/985 627/647/986 628/646/987
f 624/638/983 626/642/985 628/646/987
f 620/630/979 624/638/983 628/646/987
f 612/677/971 620/630/979 628/646/987
f 628/646/987 629/651/988 630/650/989
f 630/650/989 631/655/990 632/654/991
f 628/646/987 630/650/989 632/654/991
f 632/654/991 633/659/992 634/658/993
f 634/658/993 635/663/994 636/662/995
f 632/654/991 634/658/993 636/662/995
f 628/646/987 632/654/991 636/662/995
f 612/677/971 628/646/987 636/662/995
f 636/662/995 637/667/996 638/666/997
f 638/666/997 639/671/998 640/670/999
f 636/662/995 638/666/997 640/670/999
f 612/677/971 636/662/995 640/670/999
f 640/670/999 641/675/1000 642/674/1001
f 612/677/971 640/670/999 642/674/1001
f 643/678/1002 612/677/971 642/674/1001
s 1
f 580/583/874 581/680/1003 645/681/1004
f 645/681/1004 644/580/871 580/583/874
f 645/681/1004 581/680/1003 582/682/1005
f 582/682/1005 646/683/1006 645/681/1004
f 646/683/1006 582/682/1005 583/684/1007
f 583/684/1007 647/685/1008 646/683/1006
f 647/685/1008 583/684/1007 584/686/1009
f 584/686/1009 648/687/1010 647/685/1008
f 648/687/1010 584/686/1009 585/688/1011
f 585/688/1011 649/689/1012 648/687/1010
f 649/689/1012 585/688/1011 586/690/1013
f 586/690/1013 650/691/1014 649/689/1012
f 650/691/1014 586/690/1013 587/692/1015
f 587/692/1015 651/693/1016 650/691/1014
f 651/693/1016 587/692/1015 588/694/1017
f 588/694/1017 652/695/1018 651/693/1016
f 652/695/1018 588/694/1017 589/696/1019
f 589/696/1019 653/697/1020 652/695/1018
f 653/697/1020 589/696/1019 590/698/1021
f 590/698/1021 654/699/1022 653/697/1020
f 654/699/1022 590/698/1021 591/700/1023
f 591/700/1023 655/701/1024 654/699/1022
f 655/701/1024 591/700/1023 592/702/1025
f 592/702/1025 656/703/1026 655/701/1024
f 656/703/1026 592/702/1025 593/704/1027
f 593/704/1027 657/705/1028 656/703/1026
f 657/705/1028 593/704/1027 594/706/1029
f 594/706/1029 658/707/1030 657/705/1028
f 658/707/1030 594/706/1029 595/708/1031
f 595/708/1031 659/709/1032 658/707/1030
f 659/709/1032 595/708/1031 596/710/1033
f 596/710/1033 660/711/1034 659/709/1032
f 660/711/1034 596/710/1033 597/712/1035
f 597/712/1035 661/713/1036 660/711/1034
f 661/713/1036 597/712/1035 598/714/1037
f 598/714/1037 662/715/1038 661/713/1036
f 662/715/1038 598/714/1037 599/716/1039
f 599/716/1039 663/717/1040 662/715/1038
f 663/717/1040 599/716/1039 600/718/1041
f 600/718/1041 664/719/1042 663/717/1040
f 664/719/1042 600/718/1041 601/720/1043
f 601/720/1043 665/721/1044 664/719/1042
f 665/721/1044 601/720/1043 602/722/1045
f 602/722/1045 666/723/1046 665/721/1044
f 666/723/1046 602/722/1045 603/724/1047
f 603/724/1047 667/725/1048 666/723/1046
f 667/725/1048 603/724/1047 604/726/1049
f 604/726/1049 668/727/1050 667/725/1048
f 668/727/1050 604/726/1049 605/728/1051
f 605/728/1051 669/729/1052 668/727/1050
f 669/729/1052 605/728/1051 606/730/1053
f 606/730/1053 670/731/1054 669/729/1052
f 670/731/1054 606/730/1053 607/732/1055
f 607/732/1055 671/733/1056 670/731/1054
f 671/733/1056 607/732/1055 608/734/1057
f 608/734/1057 672/735/1058 671/733/1056
f 672/735/1058 608/734/1057 609/736/1059
f 609/736/1059 673/737/1060 672/735/1058
f 673/737/1060 609/736/1059 610/738/1061
f 610/738/1061 674/739/1062 673/737/1060
f 674/739/1062 610/738/1061 611/582/873
f 611/582/873 675/581/872 674/739/1062
s 17
f 613/619/910 612/677/968 677/676/967
f 677/676/967 676/616/907 613/619/910
f 615/623/914 614/618/909 679/617/908
f 679/617/908 678/620/911 615/623/914
f 617/627/918 616/622/913 681/621/912
f 681/621/912 680/624/915 617/627/918
f 619/631/922 618/626/917 683/625/916
f 683/625/916 682/628/919 619/631/922
f 621/635/926 620/630/921 685/629/920
f 685/629/920 684/632/923 621/635/926
f 623/639/930 622/634/925 687/633/924
f 687/633/924 686/636/927 623/639/930
f 625/643/934 624/638/929 689/637/928
f 689/637/928 688/640/931 625/643/934
f 627/647/938 626/642/933 691/641/932
f 691/641/932 690/644/935 627/647/938
f 629/651/942 628/646/937 693/645/936
f 693/645/936 692/648/939 629/651/942
f 631/655/946 630/650/941 695/649/940
f 695/649/940 694/652/943 631/655/946
f 633/659/950 632/654/945 697/653/944
f 697/653/944 696/656/947 633/659/950
f 635/663/954 634/658/949 699/657/948
f 699/657/948 698/660/951 635/663/954
f 637/667/958 636/662/953 701/661/952
f 701/661/952 700/664/955 637/667/958
f 639/671/962 638/666/957 703/665/956
f 703/665/956 702/668/959 639/671/962
f 641/675/966 640/670/961 705/669/960
f 705/669/960 704/672/963 641/675/966
f 643/678/969 642/674/965 707/673/964
f 643/678/969 707/673/964 708/740/1063
f 706/679/970 643/678/969 708/740/1063
s 41
f 651/693/1064 652/695/1065 685/629/1066
f 685/629/1066 682/628/1067 651/693/1064
f 657/705/1068 658/707/1069 659/709/1070
f 657/705/1068 659/709/1070 660/711/1071
f 661/713/1072 692/648/1073 693/645/1074
f 660/711/1071 661/713/1072 693/645/1074
f 660/711/1071 693/645/1074 690/644/1075
f 660/711/1071 690/644/1075 691/641/1076
f 657/705/1068 660/711/1071 691/641/1076
f 657/705/1068 691/641/1076 688/640/1077
f 656/703/1078 657/705/1068 688/640/1077
f 656/703/1078 688/640/1077 689/637/1079
f 656/703/1078 689/637/1079 686/636/1080
f 655/701/1081 656/703/1078 686/636/1080
f 654/699/1082 655/701/1081 686/636/1080
f 654/699/1082 686/636/1080 687/633/1083
f 654/699/1082 687/633/1083 684/632/1084
f 653/697/1085 654/699/1082 684/632/1084
f 652/695/1065 653/697/1085 684/632/1084
f 685/629/1066 652/695/1065 684/632/1084
f 661/713/1072 662/715/1086 695/649/1087
f 695/649/1087 692/648/1073 661/713/1072
f 694/652/1088 695/649/1087 662/715/1086
f 694/652/1088 662/715/1086 663/717/1089
f 694/652/1088 663/717/1089 664/719/1090
f 697/653/1091 694/652/1088 664/719/1090
f 697/653/1091 664/719/1090 665/721/1092
f 696/656/1093 697/653/1091 665/721/1092
f 696/656/1093 665/721/1092 666/723/1094
f 699/657/1095 696/656/1093 666/723/1094
f 698/660/1096 699/657/1095 666/723/1094
f 698/660/1096 666/723/1094 667/725/1097
f 698/660/1096 667/725/1097 668/727/1098
f 701/661/1099 698/660/1096 668/727/1098
f 701/661/1099 668/727/1098 669/729/1100
f 700/664/1101 701/661/1099 669/729/1100
f 700/664/1101 669/729/1100 670/731/1102
f 703/665/1103 700/664/1101 670/731/1102
f 703/665/1103 670/731/1102 671/733/1104
f 702/668/1105 703/665/1103 671/733/1104
f 702/668/1105 671/733/1104 672/735/1106
f 705/669/1107 702/668/1105 672/735/1106
f 704/672/1108 705/669/1107 672/735/1106
f 704/672/1108 672/735/1106 673/737/1109
f 707/673/1110 704/672/1108 673/737/1109
f 674/739/1111 675/581/1112 644/580/1113
f 673/737/1109 674/739/1111 644/580/1113
f 707/673/1110 673/737/1109 644/580/1113
f 708/740/1114 707/673/1110 644/580/1113
f 648/687/1115 649/689/1116 650/691/1117
f 648/687/1115 650/691/1117 651/693/1064
f 651/693/1064 683/625/1118 680/624/1119
f 648/687/1115 651/693/1064 680/624/1119
f 648/687/1115 680/624/1119 681/621/1120
f 648/687/1115 681/621/1120 678/620/1121
f 647/685/1122 648/687/1115 678/620/1121
f 646/683/1123 647/685/1122 678/620/1121
f 646/683/1123 678/620/1121 679/617/1124
f 646/683/1123 679/617/1124 676/616/1125
f 645/681/1126 646/683/1123 676/616/1125
f 644/580/1113 645/681/1126 676/616/1125
f 644/580/1113 676/616/1125 677/676/1127
f 644/580/1113 677/676/1127 706/679/1128
f 708/740/1114 644/580/1113 706/679/1128
f 682/628/1067 683/625/1118 651/693/1064
s 1
f 581/680/1003 580/583/874 710/741/1129
f 710/741/1129 709/742/1130 581/680/1003
f 580/583/874 611/582/873 711/743/1131
f 711/743/1131 710/741/1129 580/583/874
f 611/582/873 610/738/1061 712/744/1132
f 712/744/1132 711/743/1131 611/582/873
f 610/738/1061 609/736/1059 713/745/1133
f 713/745/1133 712/744/1132 610/738/1061
f 609/736/1059 608/734/1057 714/746/1134
f 714/746/1134 713/745/1133 609/736/1059
f 608/734/1057 607/732/1055 715/747/1135
f 715/747/1135 714/746/1134 608/734/1057
f 607/732/1055 606/730/1053 716/748/1136
f 716/748/1136 715/747/1135 607/732/1055
f 606/730/1053 605/728/1051 717/749/1137
f 717/749/1137 716/748/1136 606/730/1053
f 605/728/1051 604/726/1049 718/750/1138
f 718/750/1138 717/749/1137 605/728/1051
f 604/726/1049 603/724/1047 719/751/1139
f 719/751/1139 718/750/1138 604/726/1049
f 603/724/1047 602/722/1045 720/752/1140
f 720/752/1140 719/751/1139 603/724/1047
f 602/722/1045 601/720/1043 721/753/1141
f 721/753/1141 720/752/1140 602/722/1045
f 601/720/1043 600/718/1041 722/754/1142
f 722/754/1142 721/753/1141 601/720/1043
f 600/718/1041 599/716/1039 723/755/1143
f 723/755/1143 722/754/1142 600/718/1041
f 599/716/1039 598/714/1037 724/756/1144
f 724/756/1144 723/755/1143 599/716/1039
f 598/714/1037 597/712/1035 725/757/1145
f 725/757/1145 724/756/1144 598/714/1037
f 597/712/1035 596/710/1033 726/758/1146
f 726/758/1146 725/757/1145 597/712/1035
f 596/710/1033 595/708/1031 727/759/1147
f 727/759/1147 726/758/1146 596/710/1033
f 595/708/1031 594/706/1029 728/760/1148
f 728/760/1148 727/759/1147 595/708/1031
f 594/706/1029 593/704/1027 729/761/1149
f 729/761/1149 728/760/1148 594/706/1029
f 593/704/1027 592/702/1025 730/762/1150
f 730/762/1150 729/761/1149 593/704/1027
f 592/702/1025 591/700/1023 731/763/1151
f 731/763/1151 730/762/1150 592/702/1025
f 591/700/1023 590/698/1021 732/764/1152
f 732/764/1152 731/763/1151 591/700/1023
f 590/698/1021 589/696/1019 733/765/1153
f 733/765/1153 732/764/1152 590/698/1021
f 589/696/1019 588/694/1017 734/766/1154
f 734/766/1154 733/765/1153 589/696/1019
f 588/694/1017 587/692/1015 735/767/1155
f 735/767/1155 734/766/1154 588/694/1017
f 587/692/1015 586/690/1013 736/768/1156
f 736/768/1156 735/767/1155 587/692/1015
f 586/690/1013 585/688/1011 737/769/1157
f 737/769/1157 736/768/1156 586/690/1013
f 585/688/1011 584/686/1009 738/770/1158
f 738/770/1158 737/769/1157 585/688/1011
f 584/686/1009 583/684/1007 739/771/1159
f 739/771/1159 738/770/1158 584/686/1009
f 583/684/1007 582/682/1005 740/772/1160
f 740/772/1160 739/771/1159 583/684/1007
f 582/682/1005 581/680/1003 709/742/1130
f 709/742/1130 740/772/1160 582/682/1005
f 709/742/1130 710/741/1129 742/614/905
f 742/614/905 741/613/904 709/742/1130
f 710/741/1129 711/743/1131 743/615/906
f 743/615/906 742/614/905 710/741/1129
f 711/743/1131 712/744/1132 744/584/875
f 744/584/875 743/615/906 711/743/1131
f 712/744/1132 713/745/1133 745/585/876
f 745/585/876 744/584/875 712/744/1132
f 713/745/1133 714/746/1134 746/586/877
f 746/586/877 745/585/876 713/745/1133
f 714/746/1134 715/747/1135 747/587/878
f 747/587/878 746/586/877 714/746/1134
f 715/747/1135 716/748/1136 748/588/879
f 748/588/879 747/587/878 715/747/1135
f 716/748/1136 717/749/1137 749/589/880
f 749/589/880 748/588/879 716/748/1136
f 717/749/1137 718/750/1138 750/590/881
f 750/590/881 749/589/880 717/749/1137
f 718/750/1138 719/751/1139 751/591/882
f 751/591/882 750/590/881 718/750/1138
f 719/751/1139 720/752/1140 752/592/883
f 752/592/883 751/591/882 719/751/1139
f 720/752/1140 721/753/1141 753/593/884
f 753/593/884 752/592/883 720/752/1140
f 721/753/1141 722/754/1142 754/594/885
f 754/594/885 753/593/884 721/753/1141
f 722/754/1142 723/755/1143 755/595/886
f 755/595/886 754/594/885 722/754/1142
f 723/755/1143 724/756/1144 756/596/887
f 756/596/887 755/595/886 723/755/1143
f 724/756/1144 725/757/1145 757/597/888
f 757/597/888 756/596/887 724/756/1144
f 725/757/1145 726/758/1146 758/598/889
f 758/598/889 757/597/888 725/757/1145
f 726/758/1146 727/759/1147 759/599/890
f 759/599/890 758/598/889 726/758/1146
f 727/759/1147 728/760/1148 760/600/891
f 760/600/891 759/599/890 727/759/1147
f 728/760/1148 729/761/1149 761/601/892
f 761/601/892 760/600/891 728/760/1148
f 729/761/1149 730/762/1150 762/602/893
f 762/602/893 761/601/892 729/761/1149
f 730/762/1150 731/763/1151 763/603/894
f 763/603/894 762/602/893 730/762/1150
f 731/763/1151 732/764/1152 764/604/895
f 764/604/895 763/603/894 731/763/1151
f 732/764/1152 733/765/1153 765/605/896
f 765/605/896 764/604/895 732/764/1152
f 733/765/1153 734/766/1154 766/606/897
f 766/606/897 765/605/896 733/765/1153
f 734/766/1154 735/767/1155 767/607/898
f 767/607/898 766/606/897 734/766/1154
f 735/767/1155 736/768/1156 768/608/899
f 768/608/899 767/607/898 735/767/1155
f 736/768/1156 737/769/1157 769/609/900
f 769/609/900 768/608/899 736/768/1156
f 737/769/1157 738/770/1158 770/610/901
f 770/610/901 769/609/900 737/769/1157
f 738/770/1158 739/771/1159 771/611/902
f 771/611/902 770/610/901 738/770/1158
f 739/771/1159 740/772/1160 772/612/903
f 772/612/903 771/611/902 739/771/1159
f 740/772/1160 709/742/1130 741/613/904
f 741/613/904 772/612/903 740/772/1160
g default
v 228.662399 40.000000 -54.799400
v 219.051407 40.000000 -52.875301
v 210.000504 40.000000 -49.113098
v 201.857407 40.000000 -43.657398
v 194.935196 40.000000 -36.717899
v 189.499802 40.000000 -28.561399
v 185.760101 40.000000 -19.501101
v 183.859802 40.000000 -9.885400
v 183.871902 40.000000 -0.083700
v 185.796097 40.000000 9.527300
v 189.558304 40.000000 18.578300
v 195.014008 40.000000 26.721300
v 201.953400 40.000000 33.643600
v 210.110001 40.000000 39.078999
v 219.170303 40.000000 42.818699
v 228.785995 40.000000 44.719002
v 238.587708 40.000000 44.706799
v 248.198700 40.000000 42.782600
v 257.249695 40.000000 39.020401
v 265.392700 40.000000 33.564800
v 272.314911 40.000000 26.625299
v 277.750397 40.000000 18.468700
v 281.490112 40.000000 9.408500
v 283.390411 40.000000 -0.207300
v 283.378204 40.000000 -10.009000
v 281.454010 40.000000 -19.620001
v 277.691803 40.000000 -28.670900
v 272.236115 40.000000 -36.813999
v 265.296692 40.000000 -43.736198
v 257.140106 40.000000 -49.171600
v 248.079803 40.000000 -52.911301
v 238.464096 40.000000 -54.811600
v 228.960205 55.000000 -51.814201
v 219.925797 55.000000 -50.005501
v 211.417999 55.000000 -46.469101
v 203.763504 55.000000 -41.340698
v 197.256607 55.000000 -34.817600
v 192.147293 55.000000 -27.150499
v 188.632004 55.000000 -18.633801
v 186.845703 55.000000 -9.595000
v 186.857101 55.000000 -0.381400
v 188.665802 55.000000 8.652900
v 192.202301 55.000000 17.160801
v 197.330597 55.000000 24.815300
v 203.853699 55.000000 31.322201
v 211.520905 55.000000 36.431499
v 220.037598 55.000000 39.946800
v 229.076401 55.000000 41.733101
v 238.289993 55.000000 41.721600
v 247.324295 55.000000 39.912899
v 255.832199 55.000000 36.376400
v 263.486603 55.000000 31.248100
v 269.993591 55.000000 24.725000
v 275.102814 55.000000 17.057800
v 278.618195 55.000000 8.541200
v 280.404388 55.000000 -0.497600
v 280.393005 55.000000 -9.711200
v 278.584290 55.000000 -18.745501
v 275.047791 55.000000 -27.253401
v 269.919495 55.000000 -34.907902
v 263.396393 55.000000 -41.414799
v 255.729202 55.000000 -46.524101
v 247.212601 55.000000 -50.039398
v 238.173798 55.000000 -51.825699
v 228.662399 70.000000 -54.799400
v 219.051407 70.000000 -52.875301
v 210.000504 70.000000 -49.113098
v 201.857407 70.000000 -43.657398
v 194.935196 70.000000 -36.717899
v 189.499802 70.000000 -28.561399
v 185.760101 70.000000 -19.501101
v 183.859802 70.000000 -9.885400
v 183.871902 70.000000 -0.083700
v 185.796097 70.000000 9.527300
v 189.558304 70.000000 18.578300
v 195.014008 70.000000 26.721300
v 201.953400 70.000000 33.643600
v 210.110001 70.000000 39.078999
v 219.170303 70.000000 42.818699
v 228.785995 70.000000 44.719002
v 238.587708 70.000000 44.706799
v 248.198700 70.000000 42.782600
v 257.249695 70.000000 39.020401
v 265.392700 70.000000 33.564800
v 272.314911 70.000000 26.625299
v 277.750397 70.000000 18.468700
v 281.490112 70.000000 9.408500
v 283.390411 70.000000 -0.207300
v 283.378204 70.000000 -10.009000
v 281.454010 70.000000 -19.620001
v 277.691803 70.000000 -28.670900
v 272.236115 70.000000 -36.813999
v 265.296692 70.000000 -43.736198
v 257.140106 70.000000 -49.171600
v 248.079803 70.000000 -52.911301
v 238.464096 70.000000 -54.811600
v 219.925797 70.000000 -50.005501
v 228.960205 70.000000 -51.814201
v 203.763504 70.000000 -41.340698
v 211.417999 70.000000 -46.469101
v 192.147293 70.000000 -27.150499
v 197.256607 70.000000 -34.817600
v 186.845703 70.000000 -9.595000
v 188.632004 70.000000 -18.633801
v 188.665802 70.000000 8.652900
v 186.857101 70.000000 -0.381400
v 197.330597 70.000000 24.815300
v 192.202301 70.000000 17.160801
v 211.520905 70.000000 36.431499
v 203.853699 70.000000 31.322201
v 229.076401 70.000000 41.733101
v 220.037598 70.000000 39.946800
v 247.324295 70.000000 39.912899
v 238.289993 70.000000 41.721600
v 263.486603 70.000000 31.248100
v 255.832199 70.000000 36.376400
v 275.102814 70.000000 17.057800
v 269.993591 70.000000 24.725000
v 280.404388 70.000000 -0.497600
v 278.618195 70.000000 8.541200
v 278.584290 70.000000 -18.745501
v 280.393005 70.000000 -9.711200
v 269.919495 70.000000 -34.907902
v 275.047791 70.000000 -27.253401
v 255.729202 70.000000 -46.524101
v 263.396393 70.000000 -41.414799
v 238.173798 70.000000 -51.825699
v 247.212601 70.000000 -50.039398
v 238.384003 70.000000 -51.805401
v 219.344299 36.000000 -51.914101
v 228.762100 36.000000 -53.799500
v 238.366898 36.000000 -53.811501
v 247.789398 36.000000 -51.949402
v 256.667511 36.000000 -48.284801
v 264.660187 36.000000 -42.958698
v 271.460205 36.000000 -36.175499
v 276.806213 36.000000 -28.196100
v 280.492798 36.000000 -19.327101
v 282.378296 36.000000 -9.909200
v 282.390198 36.000000 -0.304500
v 280.528107 36.000000 9.118000
v 276.863586 36.000000 17.996201
v 271.537415 36.000000 25.988800
v 264.754303 36.000000 32.788799
v 256.774902 36.000000 38.134800
v 247.905807 36.000000 41.821400
v 238.488007 36.000000 43.706902
v 228.883301 36.000000 43.718899
v 219.460800 36.000000 41.856800
v 210.582596 36.000000 38.192200
v 202.589905 36.000000 32.866001
v 195.789902 36.000000 26.082899
v 190.443893 36.000000 18.103500
v 186.757294 36.000000 9.234500
v 184.871796 36.000000 -0.183400
v 184.859894 36.000000 -9.788100
v 186.722000 36.000000 -19.210600
v 190.386505 36.000000 -28.088800
v 195.712708 36.000000 -36.081402
v 202.495804 36.000000 -42.881401
v 210.475296 36.000000 -48.227501
v 220.515793 32.000000 -48.069199
v 229.161102 32.000000 -49.799999
v 237.977905 32.000000 -49.811001
v 246.627396 32.000000 -48.101700
v 254.777206 32.000000 -44.737701
v 262.114197 32.000000 -39.848499
v 268.356415 32.000000 -33.621799
v 273.263794 32.000000 -26.297001
v 276.648010 32.000000 -18.155500
v 278.378815 32.000000 -9.510300
v 278.389709 32.000000 -0.693500
v 276.680389 32.000000 7.956000
v 273.316498 32.000000 16.105900
v 268.427185 32.000000 23.442801
v 262.200592 32.000000 29.684999
v 254.875793 32.000000 34.592499
v 246.734299 32.000000 37.976601
v 238.089096 32.000000 39.707401
v 229.272293 32.000000 39.718399
v 220.622696 32.000000 38.008999
v 212.472900 32.000000 34.645100
v 205.135895 32.000000 29.755899
v 198.893799 32.000000 23.529200
v 193.986298 32.000000 16.204399
v 190.602097 32.000000 8.062900
v 188.871307 32.000000 -0.582300
v 188.860397 32.000000 -9.399100
v 190.569702 32.000000 -18.048599
v 193.933594 32.000000 -26.198500
v 198.822906 32.000000 -33.535500
v 205.049606 32.000000 -39.777599
v 212.374405 32.000000 -44.685101
vt 0.671000 0.977200
vt 0.759400 0.945300
vt 0.759400 0.719800
vt 0.671000 0.751700
vt 0.803800 0.587600
vt 0.862700 0.538300
vt 0.907600 0.481300
vt 0.936800 0.418700
vt 0.949300 0.353100
vt 0.944500 0.286900
vt 0.922600 0.222700
vt 0.884500 0.163000
vt 0.831600 0.110000
vt 0.765900 0.065700
vt 0.690100 0.032000
vt 0.606900 0.010000
vt 0.519600 0.000600
vt 0.431600 0.004200
vt 0.346200 0.020700
vt 0.266700 0.049300
vt 0.196200 0.089100
vt 0.137300 0.138500
vt 0.092400 0.195500
vt 0.063200 0.258000
vt 0.050700 0.323600
vt 0.055500 0.389800
vt 0.077400 0.454000
vt 0.115500 0.513800
vt 0.168400 0.566800
vt 0.234100 0.611000
vt 0.309900 0.644800
vt 0.393100 0.666800
vt 0.480400 0.676100
vt 0.568400 0.672500
vt 0.653800 0.656100
vt 0.733300 0.627400
vt 0.571500 0.973200
vt 0.479500 0.977000
vt 0.479500 0.864200
vt 0.571500 0.860400
vt 0.388300 0.967200
vt 0.301400 0.944200
vt 0.301400 0.831500
vt 0.388300 0.854400
vt 0.222100 0.908900
vt 0.153500 0.862700
vt 0.153500 0.749900
vt 0.222100 0.796200
vt 0.098200 0.807300
vt 0.058400 0.744800
vt 0.058400 0.632100
vt 0.098200 0.694500
vt 0.035500 0.677800
vt 0.030500 0.608600
vt 0.030500 0.495900
vt 0.035500 0.565000
vt 0.043500 0.540000
vt 0.074100 0.474700
vt 0.074100 0.362000
vt 0.043500 0.427300
vt 0.121000 0.415100
vt 0.182500 0.363500
vt 0.182500 0.250800
vt 0.121000 0.302400
vt 0.256200 0.322000
vt 0.339300 0.292000
vt 0.339300 0.179300
vt 0.256200 0.209200
vt 0.428500 0.274800
vt 0.520500 0.271100
vt 0.520500 0.158300
vt 0.428500 0.162100
vt 0.611700 0.280800
vt 0.698600 0.303800
vt 0.698600 0.191100
vt 0.611700 0.168100
vt 0.777900 0.339100
vt 0.846500 0.385300
vt 0.846500 0.272600
vt 0.777900 0.226300
vt 0.901800 0.440700
vt 0.941600 0.503200
vt 0.941600 0.390400
vt 0.901800 0.328000
vt 0.964500 0.570300
vt 0.969500 0.639400
vt 0.969500 0.526700
vt 0.964500 0.457500
vt 0.956500 0.708000
vt 0.925900 0.773300
vt 0.925900 0.660600
vt 0.956500 0.595200
vt 0.879000 0.832900
vt 0.817500 0.884500
vt 0.817500 0.771700
vt 0.879000 0.720200
vt 0.660700 0.956000
vt 0.660700 0.843200
vt 0.743800 0.813300
vt 0.743800 0.926000
vt 0.576100 0.770000
vt 0.576100 0.995500
vt 0.478200 0.774000
vt 0.478200 0.999500
vt 0.381200 0.763600
vt 0.381200 0.989100
vt 0.288700 0.739100
vt 0.288700 0.964600
vt 0.204400 0.701600
vt 0.204400 0.927100
vt 0.131400 0.652400
vt 0.131400 0.877900
vt 0.072600 0.593500
vt 0.072600 0.819000
vt 0.030200 0.527100
vt 0.030200 0.752600
vt 0.005800 0.455700
vt 0.005800 0.681200
vt 0.000500 0.382100
vt 0.000500 0.607600
vt 0.014400 0.309200
vt 0.014400 0.534700
vt 0.046900 0.239700
vt 0.046900 0.465200
vt 0.096800 0.176300
vt 0.096800 0.401800
vt 0.162200 0.121400
vt 0.162200 0.346900
vt 0.240600 0.077200
vt 0.240600 0.302700
vt 0.329000 0.045300
vt 0.329000 0.270800
vt 0.423900 0.027000
vt 0.423900 0.252500
vt 0.521800 0.023000
vt 0.521800 0.248500
vt 0.618800 0.033400
vt 0.618800 0.258900
vt 0.711300 0.057900
vt 0.711300 0.283400
vt 0.795600 0.095400
vt 0.795600 0.320900
vt 0.868600 0.144600
vt 0.868600 0.370100
vt 0.927400 0.203500
vt 0.927400 0.429000
vt 0.969800 0.270000
vt 0.969800 0.495500
vt 0.994200 0.341300
vt 0.994200 0.566800
vt 0.999500 0.414900
vt 0.999500 0.640400
vt 0.985600 0.487800
vt 0.985600 0.713300
vt 0.953100 0.557300
vt 0.953100 0.782900
vt 0.903200 0.620700
vt 0.903200 0.846300
vt 0.837800 0.675600
vt 0.837800 0.901100
vt 0.745600 0.925200
vt 0.667600 0.714500
vt 0.574500 0.732400
vt 0.754200 0.683300
vt 0.831000 0.640000
vt 0.895100 0.586200
vt 0.944000 0.524100
vt 0.975900 0.456000
vt 0.989500 0.384500
vt 0.984200 0.312400
vt 0.960400 0.242500
vt 0.918800 0.177400
vt 0.861200 0.119600
vt 0.789700 0.071400
vt 0.707100 0.034700
vt 0.616400 0.010700
vt 0.521400 0.000500
vt 0.425500 0.004400
vt 0.332400 0.022400
vt 0.245800 0.053600
vt 0.169000 0.096900
vt 0.104900 0.150700
vt 0.056000 0.212800
vt 0.024100 0.280900
vt 0.010500 0.352400
vt 0.015800 0.424500
vt 0.039600 0.494400
vt 0.081200 0.559500
vt 0.138800 0.617300
vt 0.210300 0.665400
vt 0.292900 0.702200
vt 0.383600 0.726200
vt 0.478600 0.736400
vn -0.066549 0.000000 -0.997783
vn 0.096781 0.000000 -0.995306
vn 0.109920 -0.105200 -0.988358
vn -0.098993 -0.122766 -0.987486
vn 0.098193 -0.924458 -0.368424
vn 0.247210 -0.828189 -0.502980
vn 0.172806 -0.958717 -0.225831
vn 0.420876 -0.828188 -0.370092
vn 0.329949 -0.924457 -0.191084
vn 0.530467 -0.828187 -0.180861
vn 0.223633 -0.974219 -0.029745
vn 0.559298 -0.828189 0.035910
vn 0.368425 -0.924458 0.098191
vn 0.502983 -0.828188 0.247209
vn 0.225831 -0.958717 0.172808
vn 0.370094 -0.828189 0.420872
vn 0.191085 -0.924456 0.329952
vn 0.180859 -0.828187 0.530469
vn 0.026936 -0.978910 0.202508
vn -0.035907 -0.828190 0.559296
vn -0.098192 -0.924458 0.368423
vn -0.247208 -0.828190 0.502981
vn -0.172809 -0.958716 0.225833
vn -0.420872 -0.828190 0.370091
vn -0.329946 -0.924458 0.191084
vn -0.530464 -0.828190 0.180860
vn -0.223632 -0.974220 0.029745
vn -0.559296 -0.828190 -0.035909
vn -0.368425 -0.924457 -0.098191
vn -0.502982 -0.828189 -0.247208
vn -0.225831 -0.958716 -0.172810
vn -0.370091 -0.828190 -0.420872
vn -0.191083 -0.924458 -0.329946
vn -0.180857 -0.828192 -0.530461
vn -0.026935 -0.978910 -0.202507
vn 0.035905 -0.828190 -0.559297
vn 0.322701 0.000000 0.946501
vn 0.501159 0.000000 0.865355
vn 0.443318 0.000000 0.896364
vn 0.259925 0.000000 0.965629
vn 0.660352 0.000000 0.750956
vn 0.794163 0.000000 0.607705
vn 0.752595 0.000000 0.658483
vn 0.609676 0.000000 0.792651
vn 0.897463 0.000000 0.441089
vn 0.966271 0.000000 0.257529
vn 0.947299 0.000000 0.320350
vn 0.866597 0.000000 0.499008
vn 0.997945 0.000000 0.064075
vn 0.991270 0.000000 -0.131849
vn 0.997783 0.000000 -0.066546
vn 0.991594 0.000000 0.129392
vn 0.946499 0.000000 -0.322706
vn 0.865358 0.000000 -0.501155
vn 0.896364 0.000000 -0.443319
vn 0.965628 0.000000 -0.259929
vn 0.750959 0.000000 -0.660349
vn 0.607701 0.000000 -0.794166
vn 0.658481 0.000000 -0.752597
vn 0.792655 0.000000 -0.609670
vn 0.441088 0.000000 -0.897464
vn 0.257530 0.000000 -0.966270
vn 0.320351 0.000000 -0.947299
vn 0.499004 0.000000 -0.866600
vn 0.064067 0.000000 -0.997946
vn -0.131852 0.000000 -0.991269
vn -0.066553 0.000000 -0.997783
vn 0.129388 0.000000 -0.991594
vn -0.322705 0.000000 -0.946499
vn -0.501159 0.000000 -0.865356
vn -0.443320 0.000000 -0.896363
vn -0.259929 0.000000 -0.965628
vn -0.660347 0.000000 -0.750960
vn -0.794167 0.000000 -0.607699
vn -0.752595 0.000000 -0.658483
vn -0.609672 0.000000 -0.792654
vn -0.897462 0.000000 -0.441093
vn -0.966271 0.000000 -0.257526
vn -0.947298 0.000000 -0.320354
vn -0.866600 0.000000 -0.499004
vn -0.997945 0.000000 -0.064072
vn -0.991270 0.000000 0.131849
vn -0.997783 0.000000 0.066545
vn -0.991594 0.000000 -0.129385
vn -0.946499 0.000000 0.322706
vn -0.865358 0.000000 0.501155
vn -0.896364 0.000000 0.443319
vn -0.965628 0.000000 0.259930
vn -0.750959 0.000000 0.660349
vn -0.607701 0.000000 0.794166
vn -0.658482 0.000000 0.752597
vn -0.792655 0.000000 0.609671
vn -0.441090 0.000000 0.897463
vn -0.258278 0.000476 0.966071
vn -0.320353 0.000000 0.947298
vn -0.499006 0.000000 0.866599
vn 0.099255 0.000000 0.995062
vn 0.099255 0.000000 0.995062
vn -0.097105 0.000285 0.995274
vn -0.047486 0.000000 0.998872
vn 0.000000 1.000000 -0.000000
vn 0.000000 1.000000 0.000000
vn 0.000000 1.000000 0.000000
vn 0.000000 1.000000 0.000000
vn 0.000000 1.000000 0.000000
vn 0.000000 1.000000 0.000000
vn 0.000000 1.000000 0.000000
vn 0.000000 1.000000 0.000000
vn 0.000000 1.000000 -0.000000
vn 0.000000 1.000000 0.000000
vn 0.000000 1.000000 0.000000
vn 0.000000 1.000000 0.000000
vn 0.000000 1.000000 0.000000
vn 0.000000 1.000000 0.000000
vn 0.000000 1.000000 0.000002
vn 0.000000 1.000000 0.000007
vn 0.000000 1.000000 0.000001
vn 0.000000 1.000000 0.000000
vn 0.000000 1.000000 0.000000
vn 0.000000 1.000000 0.000000
vn 0.000000 1.000000 0.000000
vn 0.000000 1.000000 0.000000
vn 0.000000 1.000000 0.000000
vn 0.000000 1.000000 0.000000
vn 0.000000 1.000000 0.000000
vn 0.000000 1.000000 0.000000
vn 0.000000 1.000000 0.000000
vn 0.000000 1.000000 0.000000
vn 0.000000 1.000000 0.000000
vn 0.000000 1.000000 0.000000
vn 0.000000 1.000000 -0.000001
vn 0.000000 1.000000 -0.000004
vn -0.269831 -0.147242 -0.951583
vn -0.291471 0.000000 -0.956580
vn -0.439970 -0.122701 -0.889590
vn -0.501158 0.000000 -0.865356
vn -0.605067 -0.122701 -0.786663
vn -0.660352 0.000000 -0.750956
vn -0.746911 -0.122698 -0.653505
vn -0.794166 0.000000 -0.607701
vn -0.860050 -0.122695 -0.495237
vn -0.897463 0.000000 -0.441090
vn -0.940141 -0.122697 -0.317931
vn -0.966270 0.000000 -0.257530
vn -0.984101 -0.122700 -0.128414
vn -0.997945 0.000000 -0.064076
vn -0.990244 -0.122702 0.066043
vn -0.991270 0.000000 0.131850
vn -0.958331 -0.122699 0.257965
vn -0.946500 0.000000 0.322704
vn -0.889591 -0.122698 0.439970
vn -0.865355 0.000000 0.501160
vn -0.786665 -0.122695 0.605066
vn -0.750961 0.000000 0.660347
vn -0.653509 -0.122701 0.746907
vn -0.607702 0.000000 0.794165
vn -0.495233 -0.122705 0.860051
vn -0.441088 0.000000 0.897464
vn -0.317932 -0.122699 0.940140
vn -0.257530 0.000000 0.966270
vn -0.128411 -0.122699 0.984101
vn -0.064069 0.000000 0.997945
vn 0.066050 -0.122701 0.990243
vn 0.131854 0.000000 0.991269
vn 0.257966 -0.122701 0.958331
vn 0.322704 0.000000 0.946500
vn 0.439967 -0.122701 0.889592
vn 0.501155 0.000000 0.865358
vn 0.605065 -0.122703 0.786664
vn 0.660352 0.000000 0.750956
vn 0.746911 -0.122698 0.653506
vn 0.794165 0.000000 0.607703
vn 0.860049 -0.122698 0.495238
vn 0.897461 0.000000 0.441094
vn 0.940140 -0.122704 0.317932
vn 0.966270 0.000000 0.257530
vn 0.984101 -0.122708 0.128409
vn 0.997946 0.000000 0.064068
vn 0.990243 -0.122708 -0.066048
vn 0.991269 0.000000 -0.131854
vn 0.958331 -0.122702 -0.257966
vn 0.946499 0.000000 -0.322707
vn 0.889591 -0.122698 -0.439970
vn 0.865356 0.000000 -0.501157
vn 0.786664 -0.122701 -0.605065
vn 0.750958 0.000000 -0.660350
vn 0.653506 -0.122700 -0.746910
vn 0.607700 0.000000 -0.794166
vn 0.495233 -0.122701 -0.860052
vn 0.441089 0.000000 -0.897464
vn 0.317932 -0.122698 -0.940141
vn 0.257530 0.000000 -0.966270
vn -0.146314 0.000712 0.989238
vn 0.000000 1.000000 -0.000000
vn 0.000000 1.000000 0.000000
vn 0.000000 1.000000 0.000000
vn 0.000000 1.000000 0.000000
vn 0.000000 1.000000 0.000000
vn 0.000000 1.000000 0.000000
vn 0.000000 1.000000 0.000000
vn 0.000000 1.000000 0.000000
vn 0.000000 1.000000 0.000001
vn 0.000000 1.000000 0.000000
vn 0.000000 1.000000 0.000001
vn 0.000000 1.000000 0.000000
vn 0.000000 1.000000 0.000001
vn 0.000000 1.000000 0.000001
vn 0.000000 1.000000 0.000000
vn 0.000000 1.000000 0.000000
vn 0.000000 1.000000 -0.000001
vn 0.000000 1.000000 0.000000
vn 0.000000 1.000000 -0.000001
vn 0.000000 1.000000 -0.000001
vn 0.000000 1.000000 0.000000
vn 0.000000 1.000000 0.000000
vn 0.000000 1.000000 -0.000001
vn 0.000000 1.000000 -0.000001
vn 0.000000 1.000000 -0.000001
vn 0.000000 1.000000 0.000000
vn 0.000000 1.000000 0.000000
vn 0.000000 1.000000 0.000000
vn 0.000000 1.000000 0.000000
vn 0.000000 1.000000 0.000000
vn 0.000000 1.000000 0.000000
vn 0.000000 1.000000 0.000000
vn 0.000000 1.000000 0.000000
vn 0.000000 1.000000 0.000000
vn 0.000000 1.000000 0.000000
vn 0.000000 1.000000 0.000000
vn 0.000000 1.000000 0.000000
vn 0.000000 1.000000 0.000000
vn 0.000000 1.000000 0.000000
vn 0.000000 1.000000 0.000000
vn 0.000000 1.000000 0.000000
vn 0.000000 1.000000 0.000000
vn 0.000000 1.000000 -0.000001
vn 0.000000 1.000000 -0.000002
vn 0.000000 1.000000 -0.000001
vn 0.000000 1.000000 -0.000001
vn 0.000000 1.000000 0.000006
vn 0.000000 1.000000 0.000000
vn 0.000000 1.000000 0.000000
vn 0.000000 1.000000 0.000003
vn 0.000000 1.000000 0.000013
vn 0.000000 1.000000 -0.000000
vn 0.000000 1.000000 0.000000
vn 0.000000 1.000000 -0.000001
vn 0.000000 1.000000 0.000000
vn 0.000000 1.000000 0.000000
vn 0.000000 1.000000 0.000000
vn 0.000000 1.000000 -0.000001
vn 0.000000 1.000000 0.000000
vn 0.000000 1.000000 -0.000001
vn 0.000000 1.000000 -0.000001
vn 0.000000 1.000000 0.000001
vn 0.000000 1.000000 0.000000
vn 0.000000 1.000000 0.000001
vn 0.000000 1.000000 0.000000
vn -0.090720 -0.494497 -0.864432
vn -0.257618 -0.494498 -0.830123
vn 0.079663 -0.494495 -0.865522
vn 0.246994 -0.494490 -0.833351
vn 0.404820 -0.494497 -0.769151
vn 0.547096 -0.494496 -0.675396
vn 0.668349 -0.494495 -0.555683
vn 0.763915 -0.494493 -0.414620
vn 0.830125 -0.494494 -0.257621
vn 0.864431 -0.494499 -0.090719
vn 0.865517 -0.494503 0.079665
vn 0.833346 -0.494502 0.246987
vn 0.769149 -0.494498 0.404822
vn 0.675396 -0.494495 0.547098
vn 0.555687 -0.494493 0.668348
vn 0.414618 -0.494493 0.763917
vn 0.257620 -0.494495 0.830125
vn 0.090725 -0.494497 0.864432
vn -0.079663 -0.494497 0.865521
vn -0.246991 -0.494495 0.833349
vn -0.404822 -0.494497 0.769151
vn -0.547096 -0.494499 0.675394
vn -0.668348 -0.494495 0.555684
vn -0.763915 -0.494493 0.414622
vn -0.830125 -0.494493 0.257621
vn -0.864433 -0.494496 0.090720
vn -0.865521 -0.494496 -0.079667
vn -0.833350 -0.494494 -0.246988
vn -0.769153 -0.494491 -0.404823
vn -0.675396 -0.494492 -0.547100
vn -0.555686 -0.494496 -0.668346
vn -0.414620 -0.494498 -0.763913
s 1
g Toasters040_Jaw01
f 837/773/1161 868/774/1162 804/775/1163
f 804/775/1163 773/776/1164 837/773/1161
f 937/777/1165 938/778/1166 939/779/1167
f 939/779/1167 940/780/1168 941/781/1169
f 941/781/1169 942/782/1170 943/783/1171
f 939/779/1167 941/781/1169 943/783/1171
f 943/783/1171 944/784/1172 945/785/1173
f 945/785/1173 946/786/1174 947/787/1175
f 943/783/1171 945/785/1173 947/787/1175
f 947/787/1175 948/788/1176 949/789/1177
f 949/789/1177 950/790/1178 951/791/1179
f 947/787/1175 949/789/1177 951/791/1179
f 943/783/1171 947/787/1175 951/791/1179
f 951/791/1179 952/792/1180 953/793/1181
f 953/793/1181 954/794/1182 955/795/1183
f 951/791/1179 953/793/1181 955/795/1183
f 955/795/1183 956/796/1184 957/797/1185
f 957/797/1185 958/798/1186 959/799/1187
f 955/795/1183 957/797/1185 959/799/1187
f 951/791/1179 955/795/1183 959/799/1187
f 959/799/1187 960/800/1188 961/801/1189
f 961/801/1189 962/802/1190 963/803/1191
f 959/799/1187 961/801/1189 963/803/1191
f 963/803/1191 964/804/1192 965/805/1193
f 965/805/1193 934/806/1194 935/807/1195
f 963/803/1191 965/805/1193 935/807/1195
f 959/799/1187 963/803/1191 935/807/1195
f 951/791/1179 959/799/1187 935/807/1195
f 943/783/1171 951/791/1179 935/807/1195
f 939/779/1167 943/783/1171 935/807/1195
f 937/777/1165 939/779/1167 935/807/1195
f 936/808/1196 937/777/1165 935/807/1195
s 17
f 869/809/1197 872/810/1198 807/811/1199
f 807/811/1199 806/812/1200 869/809/1197
f 871/813/1201 874/814/1202 809/815/1203
f 809/815/1203 808/816/1204 871/813/1201
f 873/817/1205 876/818/1206 811/819/1207
f 811/819/1207 810/820/1208 873/817/1205
f 875/821/1209 878/822/1210 813/823/1211
f 813/823/1211 812/824/1212 875/821/1209
f 877/825/1213 880/826/1214 815/827/1215
f 815/827/1215 814/828/1216 877/825/1213
f 879/829/1217 882/830/1218 817/831/1219
f 817/831/1219 816/832/1220 879/829/1217
f 881/833/1221 884/834/1222 819/835/1223
f 819/835/1223 818/836/1224 881/833/1221
f 883/837/1225 886/838/1226 821/839/1227
f 821/839/1227 820/840/1228 883/837/1225
f 885/841/1229 888/842/1230 823/843/1231
f 823/843/1231 822/844/1232 885/841/1229
f 887/845/1233 890/846/1234 825/847/1235
f 825/847/1235 824/848/1236 887/845/1233
f 889/849/1237 892/850/1238 827/851/1239
f 827/851/1239 826/852/1240 889/849/1237
f 891/853/1241 894/854/1242 829/855/1243
f 829/855/1243 828/856/1244 891/853/1241
f 893/857/1245 896/858/1246 831/859/1247
f 831/859/1247 830/860/1248 893/857/1245
f 895/861/1249 898/862/1250 833/863/1251
f 833/863/1251 832/864/1252 895/861/1249
f 897/865/1253 900/866/1254 835/867/1255
f 835/867/1255 834/868/1256 897/865/1253
f 870/869/1257 805/870/1258 836/871/1259
f 836/871/1259 899/872/1260 870/869/1257
s 33
f 805/870/1261 806/812/1262 807/811/1263
f 807/811/1263 808/816/1264 809/815/1265
f 805/870/1261 807/811/1263 809/815/1265
f 809/815/1265 810/820/1266 811/819/1267
f 811/819/1267 812/824/1268 813/823/1269
f 809/815/1265 811/819/1267 813/823/1269
f 805/870/1261 809/815/1265 813/823/1269
f 813/823/1269 814/828/1270 815/827/1271
f 815/827/1271 816/832/1272 817/831/1273
f 813/823/1269 815/827/1271 817/831/1273
f 817/831/1273 818/836/1274 819/835/1275
f 819/835/1275 820/840/1276 821/839/1277
f 817/831/1273 819/835/1275 821/839/1277
f 813/823/1269 817/831/1273 821/839/1277
f 805/870/1261 813/823/1269 821/839/1277
f 821/839/1277 822/844/1278 823/843/1279
f 823/843/1279 824/848/1280 825/847/1281
f 821/839/1277 823/843/1279 825/847/1281
f 825/847/1281 826/852/1282 827/851/1283
f 827/851/1283 828/856/1284 829/855/1285
f 825/847/1281 827/851/1283 829/855/1285
f 821/839/1277 825/847/1281 829/855/1285
f 805/870/1261 821/839/1277 829/855/1285
f 829/855/1285 830/860/1286 831/859/1287
f 831/859/1287 832/864/1288 833/863/1289
f 829/855/1285 831/859/1287 833/863/1289
f 805/870/1261 829/855/1285 833/863/1289
f 833/863/1289 834/868/1290 835/867/1291
f 805/870/1261 833/863/1289 835/867/1291
f 836/871/1292 805/870/1261 835/867/1291
s 1
f 773/776/1164 774/873/1293 838/874/1294
f 838/874/1294 837/773/1161 773/776/1164
f 838/874/1294 774/873/1293 775/875/1295
f 775/875/1295 839/876/1296 838/874/1294
f 839/876/1296 775/875/1295 776/877/1297
f 776/877/1297 840/878/1298 839/876/1296
f 840/878/1298 776/877/1297 777/879/1299
f 777/879/1299 841/880/1300 840/878/1298
f 841/880/1300 777/879/1299 778/881/1301
f 778/881/1301 842/882/1302 841/880/1300
f 842/882/1302 778/881/1301 779/883/1303
f 779/883/1303 843/884/1304 842/882/1302
f 843/884/1304 779/883/1303 780/885/1305
f 780/885/1305 844/886/1306 843/884/1304
f 844/886/1306 780/885/1305 781/887/1307
f 781/887/1307 845/888/1308 844/886/1306
f 845/888/1308 781/887/1307 782/889/1309
f 782/889/1309 846/890/1310 845/888/1308
f 846/890/1310 782/889/1309 783/891/1311
f 783/891/1311 847/892/1312 846/890/1310
f 847/892/1312 783/891/1311 784/893/1313
f 784/893/1313 848/894/1314 847/892/1312
f 848/894/1314 784/893/1313 785/895/1315
f 785/895/1315 849/896/1316 848/894/1314
f 849/896/1316 785/895/1315 786/897/1317
f 786/897/1317 850/898/1318 849/896/1316
f 850/898/1318 786/897/1317 787/899/1319
f 787/899/1319 851/900/1320 850/898/1318
f 851/900/1320 787/899/1319 788/901/1321
f 788/901/1321 852/902/1322 851/900/1320
f 852/902/1322 788/901/1321 789/903/1323
f 789/903/1323 853/904/1324 852/902/1322
f 853/904/1324 789/903/1323 790/905/1325
f 790/905/1325 854/906/1326 853/904/1324
f 854/906/1326 790/905/1325 791/907/1327
f 791/907/1327 855/908/1328 854/906/1326
f 855/908/1328 791/907/1327 792/909/1329
f 792/909/1329 856/910/1330 855/908/1328
f 856/910/1330 792/909/1329 793/911/1331
f 793/911/1331 857/912/1332 856/910/1330
f 857/912/1332 793/911/1331 794/913/1333
f 794/913/1333 858/914/1334 857/912/1332
f 858/914/1334 794/913/1333 795/915/1335
f 795/915/1335 859/916/1336 858/914/1334
f 859/916/1336 795/915/1335 796/917/1337
f 796/917/1337 860/918/1338 859/916/1336
f 860/918/1338 796/917/1337 797/919/1339
f 797/919/1339 861/920/1340 860/918/1338
f 861/920/1340 797/919/1339 798/921/1341
f 798/921/1341 862/922/1342 861/920/1340
f 862/922/1342 798/921/1341 799/923/1343
f 799/923/1343 863/924/1344 862/922/1342
f 863/924/1344 799/923/1343 800/925/1345
f 800/925/1345 864/926/1346 863/924/1344
f 864/926/1346 800/925/1345 801/927/1347
f 801/927/1347 865/928/1348 864/926/1346
f 865/928/1348 801/927/1347 802/929/1349
f 802/929/1349 866/930/1350 865/928/1348
f 866/930/1350 802/929/1349 803/931/1351
f 803/931/1351 867/932/1352 866/930/1350
f 867/932/1352 803/931/1351 804/775/1163
f 804/775/1163 868/774/1162 867/932/1352
s 17
f 806/812/1200 805/870/1258 870/869/1257
f 870/869/1257 869/809/1197 806/812/1200
f 808/816/1204 807/811/1199 872/810/1198
f 872/810/1198 871/813/1201 808/816/1204
f 810/820/1208 809/815/1203 874/814/1202
f 874/814/1202 873/817/1205 810/820/1208
f 812/824/1212 811/819/1207 876/818/1206
f 876/818/1206 875/821/1209 812/824/1212
f 814/828/1216 813/823/1211 878/822/1210
f 878/822/1210 877/825/1213 814/828/1216
f 816/832/1220 815/827/1215 880/826/1214
f 880/826/1214 879/829/1217 816/832/1220
f 818/836/1224 817/831/1219 882/830/1218
f 882/830/1218 881/833/1221 818/836/1224
f 820/840/1228 819/835/1223 884/834/1222
f 884/834/1222 883/837/1225 820/840/1228
f 822/844/1232 821/839/1227 886/838/1226
f 886/838/1226 885/841/1229 822/844/1232
f 824/848/1236 823/843/1231 888/842/1230
f 888/842/1230 887/845/1233 824/848/1236
f 826/852/1240 825/847/1235 890/846/1234
f 890/846/1234 889/849/1237 826/852/1240
f 828/856/1244 827/851/1239 892/850/1238
f 892/850/1238 891/853/1241 828/856/1244
f 830/860/1248 829/855/1243 894/854/1242
f 894/854/1242 893/857/1245 830/860/1248
f 832/864/1252 831/859/1247 896/858/1246
f 896/858/1246 895/861/1249 832/864/1252
f 834/868/1256 833/863/1251 898/862/1250
f 898/862/1250 897/865/1253 834/868/1256
f 836/871/1259 835/867/1255 900/866/1254
f 836/871/1259 900/866/1254 901/933/1353
f 899/872/1260 836/871/1259 901/933/1353
s 41
f 844/886/1354 845/888/1355 878/822/1356
f 878/822/1356 875/821/1357 844/886/1354
f 850/898/1358 851/900/1359 852/902/1360
f 850/898/1358 852/902/1360 853/904/1361
f 854/906/1362 885/841/1363 886/838/1364
f 853/904/1361 854/906/1362 886/838/1364
f 853/904/1361 886/838/1364 883/837/1365
f 853/904/1361 883/837/1365 884/834/1366
f 850/898/1358 853/904/1361 884/834/1366
f 850/898/1358 884/834/1366 881/833/1367
f 849/896/1368 850/898/1358 881/833/1367
f 849/896/1368 881/833/1367 882/830/1369
f 849/896/1368 882/830/1369 879/829/1370
f 848/894/1371 849/896/1368 879/829/1370
f 847/892/1372 848/894/1371 879/829/1370
f 847/892/1372 879/829/1370 880/826/1373
f 847/892/1372 880/826/1373 877/825/1374
f 846/890/1375 847/892/1372 877/825/1374
f 845/888/1355 846/890/1375 877/825/1374
f 878/822/1356 845/888/1355 877/825/1374
f 854/906/1362 855/908/1376 888/842/1377
f 888/842/1377 885/841/1363 854/906/1362
f 887/845/1378 888/842/1377 855/908/1376
f 887/845/1378 855/908/1376 856/910/1379
f 887/845/1378 856/910/1379 857/912/1380
f 890/846/1381 887/845/1378 857/912/1380
f 890/846/1381 857/912/1380 858/914/1382
f 889/849/1383 890/846/1381 858/914/1382
f 889/849/1383 858/914/1382 859/916/1384
f 892/850/1385 889/849/1383 859/916/1384
f 891/853/1386 892/850/1385 859/916/1384
f 891/853/1386 859/916/1384 860/918/1387
f 891/853/1386 860/918/1387 861/920/1388
f 894/854/1389 891/853/1386 861/920/1388
f 894/854/1389 861/920/1388 862/922/1390
f 893/857/1391 894/854/1389 862/922/1390
f 893/857/1391 862/922/1390 863/924/1392
f 896/858/1393 893/857/1391 863/924/1392
f 896/858/1393 863/924/1392 864/926/1394
f 895/861/1395 896/858/1393 864/926/1394
f 895/861/1395 864/926/1394 865/928/1396
f 898/862/1397 895/861/1395 865/928/1396
f 897/865/1398 898/862/1397 865/928/1396
f 897/865/1398 865/928/1396 866/930/1399
f 900/866/1400 897/865/1398 866/930/1399
f 867/932/1401 868/774/1402 837/773/1403
f 866/930/1399 867/932/1401 837/773/1403
f 900/866/1400 866/930/1399 837/773/1403
f 901/933/1404 900/866/1400 837/773/1403
f 841/880/1405 842/882/1406 843/884/1407
f 841/880/1405 843/884/1407 844/886/1354
f 844/886/1354 876/818/1408 873/817/1409
f 841/880/1405 844/886/1354 873/817/1409
f 841/880/1405 873/817/1409 874/814/1410
f 841/880/1405 874/814/1410 871/813/1411
f 840/878/1412 841/880/1405 871/813/1411
f 839/876/1413 840/878/1412 871/813/1411
f 839/876/1413 871/813/1411 872/810/1414
f 839/876/1413 872/810/1414 869/809/1415
f 838/874/1416 839/876/1413 869/809/1415
f 837/773/1403 838/874/1416 869/809/1415
f 837/773/1403 869/809/1415 870/869/1417
f 837/773/1403 870/869/1417 899/872/1418
f 901/933/1404 837/773/1403 899/872/1418
f 875/821/1357 876/818/1408 844/886/1354
s 1
f 774/873/1293 773/776/1164 903/934/1419
f 903/934/1419 902/935/1420 774/873/1293
f 773/776/1164 804/775/1163 904/936/1421
f 904/936/1421 903/934/1419 773/776/1164
f 804/775/1163 803/931/1351 905/937/1422
f 905/937/1422 904/936/1421 804/775/1163
f 803/931/1351 802/929/1349 906/938/1423
f 906/938/1423 905/937/1422 803/931/1351
f 802/929/1349 801/927/1347 907/939/1424
f 907/939/1424 906/938/1423 802/929/1349
f 801/927/1347 800/925/1345 908/940/1425
f 908/940/1425 907/939/1424 801/927/1347
f 800/925/1345 799/923/1343 909/941/1426
f 909/941/1426 908/940/1425 800/925/1345
f 799/923/1343 798/921/1341 910/942/1427
f 910/942/1427 909/941/1426 799/923/1343
f 798/921/1341 797/919/1339 911/943/1428
f 911/943/1428 910/942/1427 798/921/1341
f 797/919/1339 796/917/1337 912/944/1429
f 912/944/1429 911/943/1428 797/919/1339
f 796/917/1337 795/915/1335 913/945/1430
f 913/945/1430 912/944/1429 796/917/1337
f 795/915/1335 794/913/1333 914/946/1431
f 914/946/1431 913/945/1430 795/915/1335
f 794/913/1333 793/911/1331 915/947/1432
f 915/947/1432 914/946/1431 794/913/1333
f 793/911/1331 792/909/1329 916/948/1433
f 916/948/1433 915/947/1432 793/911/1331
f 792/909/1329 791/907/1327 917/949/1434
f 917/949/1434 916/948/1433 792/909/1329
f 791/907/1327 790/905/1325 918/950/1435
f 918/950/1435 917/949/1434 791/907/1327
f 790/905/1325 789/903/1323 919/951/1436
f 919/951/1436 918/950/1435 790/905/1325
f 789/903/1323 788/901/1321 920/952/1437
f 920/952/1437 919/951/1436 789/903/1323
f 788/901/1321 787/899/1319 921/953/1438
f 921/953/1438 920/952/1437 788/901/1321
f 787/899/1319 786/897/1317 922/954/1439
f 922/954/1439 921/953/1438 787/899/1319
f 786/897/1317 785/895/1315 923/955/1440
f 923/955/1440 922/954/1439 786/897/1317
f 785/895/1315 784/893/1313 924/956/1441
f 924/956/1441 923/955/1440 785/895/1315
f 784/893/1313 783/891/1311 925/957/1442
f 925/957/1442 924/956/1441 784/893/1313
f 783/891/1311 782/889/1309 926/958/1443
f 926/958/1443 925/957/1442 783/891/1311
f 782/889/1309 781/887/1307 927/959/1444
f 927/959/1444 926/958/1443 782/889/1309
f 781/887/1307 780/885/1305 928/960/1445
f 928/960/1445 927/959/1444 781/887/1307
f 780/885/1305 779/883/1303 929/961/1446
f 929/961/1446 928/960/1445 780/885/1305
f 779/883/1303 778/881/1301 930/962/1447
f 930/962/1447 929/961/1446 779/883/1303
f 778/881/1301 777/879/1299 931/963/1448
f 931/963/1448 930/962/1447 778/881/1301
f 777/879/1299 776/877/1297 932/964/1449
f 932/964/1449 931/963/1448 777/879/1299
f 776/877/1297 775/875/1295 933/965/1450
f 933/965/1450 932/964/1449 776/877/1297
f 775/875/1295 774/873/1293 902/935/1420
f 902/935/1420 933/965/1450 775/875/1295
f 902/935/1420 903/934/1419 935/807/1195
f 935/807/1195 934/806/1194 902/935/1420
f 903/934/1419 904/936/1421 936/808/1196
f 936/808/1196 935/807/1195 903/934/1419
f 904/936/1421 905/937/1422 937/777/1165
f 937/777/1165 936/808/1196 904/936/1421
f 905/937/1422 906/938/1423 938/778/1166
f 938/778/1166 937/777/1165 905/937/1422
f 906/938/1423 907/939/1424 939/779/1167
f 939/779/1167 938/778/1166 906/938/1423
f 907/939/1424 908/940/1425 940/780/1168
f 940/780/1168 939/779/1167 907/939/1424
f 908/940/1425 909/941/1426 941/781/1169
f 941/781/1169 940/780/1168 908/940/1425
f 909/941/1426 910/942/1427 942/782/1170
f 942/782/1170 941/781/1169 909/941/1426
f 910/942/1427 911/943/1428 943/783/1171
f 943/783/1171 942/782/1170 910/942/1427
f 911/943/1428 912/944/1429 944/784/1172
f 944/784/1172 943/783/1171 911/943/1428
f 912/944/1429 913/945/1430 945/785/1173
f 945/785/1173 944/784/1172 912/944/1429
f 913/945/1430 914/946/1431 946/786/1174
f 946/786/1174 945/785/1173 913/945/1430
f 914/946/1431 915/947/1432 947/787/1175
f 947/787/1175 946/786/1174 914/946/1431
f 915/947/1432 916/948/1433 948/788/1176
f 948/788/1176 947/787/1175 915/947/1432
f 916/948/1433 917/949/1434 949/789/1177
f 949/789/1177 948/788/1176 916/948/1433
f 917/949/1434 918/950/1435 950/790/1178
f 950/790/1178 949/789/1177 917/949/1434
f 918/950/1435 919/951/1436 951/791/1179
f 951/791/1179 950/790/1178 918/950/1435
f 919/951/1436 920/952/1437 952/792/1180
f 952/792/1180 951/791/1179 919/951/1436
f 920/952/1437 921/953/1438 953/793/1181
f 953/793/1181 952/792/1180 920/952/1437
f 921/953/1438 922/954/1439 954/794/1182
f 954/794/1182 953/793/1181 921/953/1438
f 922/954/1439 923/955/1440 955/795/1183
f 955/795/1183 954/794/1182 922/954/1439
f 923/955/1440 924/956/1441 956/796/1184
f 956/796/1184 955/795/1183 923/955/1440
f 924/956/1441 925/957/1442 957/797/1185
f 957/797/1185 956/796/1184 924/956/1441
f 925/957/1442 926/958/1443 958/798/1186
f 958/798/1186 957/797/1185 925/957/1442
f 926/958/1443 927/959/1444 959/799/1187
f 959/799/1187 958/798/1186 926/958/1443
f 927/959/1444 928/960/1445 960/800/1188
f 960/800/1188 959/799/1187 927/959/1444
f 928/960/1445 929/961/1446 961/801/1189
f 961/801/1189 960/800/1188 928/960/1445
f 929/961/1446 930/962/1447 962/802/1190
f 962/802/1190 961/801/1189 929/961/1446
f 930/962/1447 931/963/1448 963/803/1191
f 963/803/1191 962/802/1190 930/962/1447
f 931/963/1448 932/964/1449 964/804/1192
f 964/804/1192 963/803/1191 931/963/1448
f 932/964/1449 933/965/1450 965/805/1193
f 965/805/1193 964/804/1192 932/964/1449
f 933/965/1450 902/935/1420 934/806/1194
f 934/806/1194 965/805/1193 933/965/1450
