# This file uses centimeters as units for non-parametric coordinates.

g default
v -400.000000 -14.000000 400.000000
v 400.000000 -14.000000 400.000000
v -400.000000 -14.000000 -400.000000
v 400.000000 -14.000000 -400.000000
v -400.000000 61.000000 400.000000
v 400.000000 61.000000 400.000000
v -400.000000 61.000000 -400.000000
v 400.000000 61.000000 -400.000000
v 390.000000 61.000000 390.000000
v -390.000000 61.000000 390.000000
v 390.000000 61.000000 -390.000000
v -390.000000 61.000000 -390.000000
v 390.000000 -4.000000 390.000000
v -390.000000 -4.000000 -390.000000
v -390.000000 -4.000000 225.166595
v 390.000000 -4.000000 -225.166595
v 390.000000 -4.000000 327.022003
v -103.868698 -4.000000 390.000000
v -390.000000 -4.000000 -291.526001
v 390.000000 -4.000000 -7.629500
v 104.073898 -4.000000 390.000000
v 39.926399 -4.000000 -23.051500
v 174.554596 -4.000000 111.576599
v -101.875702 -4.000000 58.818001
v 158.902100 -4.000000 -91.742203
v -22.981501 -4.000000 -157.942307
v 192.431305 -4.000000 -111.100304
v 148.589005 -4.000000 137.542206
v -27.819901 -4.000000 313.951202
v -176.356293 -4.000000 101.819397
v -390.000000 -4.000000 390.000000
v 390.000000 -4.000000 -390.000000
v 61.480499 -4.000000 -390.000000
v 241.608795 -4.000000 -390.000000
v -390.000000 -4.000000 -33.179699
v -164.259705 -4.000000 -390.000000
v -206.490799 -4.000000 -224.734207
v -191.423492 -4.000000 -61.457401
v -93.620598 -4.000000 -273.971191
v -114.736099 -4.000000 -191.338196
v 390.000000 -4.000000 159.696198
v -246.934296 -4.000000 307.583313
v -64.847801 -4.000000 186.384598
v 269.294495 -4.000000 232.282104
v 126.955902 -4.000000 -250.550095
v 126.331497 -4.000000 263.771088
v -390.000000 -4.000000 95.993500
v -298.245392 -4.000000 -128.956894
v -246.934402 -4.000000 390.000000
v 247.037003 -4.000000 390.000000
v 258.477997 -4.000000 -237.858398
v -390.000000 -4.000000 -162.352798
v -12.460700 -4.000000 81.666496
v 94.257698 -4.000000 57.245399
v 67.960297 -4.000000 -124.842201
v -62.428600 -4.000000 -49.562199
v 282.277313 -4.000000 51.973598
v 166.728302 -4.000000 9.917200
v 291.215698 -4.000000 -168.133499
v 0.102600 -4.000000 390.000000
v -277.129913 -4.000000 -340.763000
v -283.178192 -4.000000 34.319801
v -51.389599 -4.000000 -390.000000
v -283.178192 -4.000000 163.492996
v -137.377106 -4.000000 310.767212
v 16.667700 -4.000000 -262.260712
v 41.870602 -4.000000 161.963394
v -298.245392 -4.000000 -258.130096
v 324.239014 -4.000000 -313.929199
v 286.746490 -4.000000 -58.079899
v 226.737396 -4.000000 -24.081400
v 390.000000 -4.000000 -116.398102
v -277.129913 -4.000000 -390.000000
v -156.866699 -4.000000 206.293304
v -164.695602 0.000000 120.702904
v -150.512100 0.000000 196.733398
v -83.545799 0.000000 182.244904
v -229.561295 0.000000 300.084808
v -147.060699 0.000000 302.482513
v -161.737000 0.000000 223.809692
v -360.086395 0.000000 382.000000
v -254.934402 0.000000 382.000000
v -254.934296 0.000000 321.424408
v 264.409790 0.000000 -256.953003
v 313.116089 0.000000 -313.295197
v 251.915604 0.000000 -369.637512
v 235.746994 0.000000 -370.273712
v 142.673706 0.000000 -257.070587
v 249.441101 0.000000 -246.767593
v 96.472900 0.000000 46.243801
v 147.210800 0.000000 13.108600
v 58.434700 0.000000 -9.973300
v 173.738403 0.000000 -3.249100
v 213.633804 0.000000 -25.852100
v 168.535294 0.000000 -70.834503
v 160.625397 0.000000 136.819504
v 222.017899 0.000000 185.005493
v 173.831894 0.000000 123.612999
v -31.014999 0.000000 328.459991
v -84.555000 0.000000 382.000000
v -11.356900 0.000000 382.000000
v 98.178200 0.000000 377.365997
v 116.139603 0.000000 275.502014
v -8.257300 0.000000 315.996185
v -176.062805 0.000000 -376.123108
v -265.530701 0.000000 -337.094788
v -209.537704 0.000000 -245.123199
v -82.604797 0.000000 -280.846497
v 2.516300 0.000000 -271.808197
v -50.010700 0.000000 -370.398102
v 295.322906 0.000000 -72.111801
v 373.263092 0.000000 -116.132797
v 298.696411 0.000000 -155.184906
v 275.214294 0.000000 28.736601
v 278.169098 0.000000 -44.025700
v 238.493896 0.000000 -21.547400
v -104.319000 0.000000 42.140202
v -73.494698 0.000000 -42.548698
v -174.292099 0.000000 -51.843700
v -74.324501 0.000000 -58.693100
v -116.411301 0.000000 -172.766495
v -178.114197 0.000000 -68.264000
v -203.971893 0.000000 -59.923302
v -288.786591 0.000000 -113.516701
v -276.823486 0.000000 16.122200
v 164.548294 0.000000 -104.239601
v 182.065903 0.000000 -114.353401
v 147.857803 0.000000 -187.210098
v -22.069201 0.000000 -137.058304
v -51.899899 0.000000 -55.099098
v 25.502899 0.000000 -35.051300
v 140.044495 0.000000 -90.092300
v 73.371101 0.000000 -114.359398
v 52.818199 0.000000 -39.732201
v 68.801697 0.000000 -145.465302
v 114.941902 0.000000 -243.780807
v 28.686001 0.000000 -252.939606
v 224.674606 0.000000 -382.000000
v 74.074699 0.000000 -382.000000
v 128.816696 0.000000 -265.410095
v 288.999390 0.000000 70.009300
v 278.380798 0.000000 217.483002
v 377.105408 0.000000 158.115295
v 275.276001 0.000000 247.146805
v 256.967194 0.000000 376.883698
v 374.566986 0.000000 325.078705
v 141.945099 0.000000 268.523804
v 241.420197 0.000000 372.550812
v 259.762909 0.000000 242.573303
v 108.707703 0.000000 57.363400
v 165.305496 0.000000 95.659203
v 159.789093 0.000000 24.003901
v -90.289497 0.000000 70.035698
v -62.860699 0.000000 164.531601
v -24.054600 0.000000 86.960999
v 0.711900 0.000000 86.858902
v 40.833599 0.000000 146.155304
v 79.519600 0.000000 68.824799
v -271.837708 0.000000 175.782501
v -242.864700 0.000000 290.967285
v -170.865204 0.000000 209.996796
v -291.178192 0.000000 48.176201
v -374.535004 0.000000 96.302299
v -291.178192 0.000000 148.974594
v -382.000000 0.000000 -303.743896
v -297.137909 0.000000 -340.763000
v -382.000000 0.000000 -377.782104
v -105.423698 0.000000 -260.094299
v -184.944199 0.000000 -225.405304
v -120.300201 0.000000 -201.876801
v -306.245392 0.000000 -238.214996
v -375.738312 0.000000 -165.675400
v -306.245392 0.000000 -140.382095
v -212.845505 0.000000 -206.536499
v -285.696991 0.000000 -130.490997
v -200.882294 0.000000 -76.897598
v -113.661201 0.000000 56.384701
v -180.841797 0.000000 -33.848400
v -169.537994 0.000000 88.645203
v -12.620700 0.000000 -162.684692
v 54.401402 0.000000 -138.290695
v 16.599899 0.000000 -239.565002
v -161.212799 0.000000 -369.610992
v -194.687698 0.000000 -238.610992
v -105.219803 0.000000 -277.639313
v -90.573601 0.000000 -253.582199
v -105.191299 0.000000 -196.377594
v -41.672100 0.000000 -173.258499
v -126.520699 0.000000 -187.113998
v -197.364594 0.000000 -212.899094
v -185.731201 0.000000 -86.832802
v 382.000000 0.000000 140.382507
v 382.000000 0.000000 5.939800
v 295.447113 0.000000 53.829601
v -101.126900 0.000000 375.944489
v -46.591499 0.000000 321.408997
v -125.156197 0.000000 319.125793
v -382.000000 0.000000 376.158905
v -262.960907 0.000000 307.583313
v -382.000000 0.000000 239.007797
v -12.940400 0.000000 300.694305
v 112.651497 0.000000 259.811096
v 43.838600 0.000000 176.865204
v -79.266296 0.000000 165.409698
v -106.713799 0.000000 70.848900
v -161.923706 0.000000 102.724297
v 283.364990 0.000000 233.155899
v 382.000000 0.000000 310.572998
v 382.000000 0.000000 173.842102
v 136.285904 0.000000 253.386795
v 251.026794 0.000000 228.113998
v 154.149597 0.000000 152.076599
v 15.154600 0.000000 -282.114288
v 50.195999 0.000000 -382.000000
v -38.062698 0.000000 -382.000000
v 280.850311 0.000000 -171.386597
v 258.105011 0.000000 -219.829605
v 212.217499 0.000000 -131.761505
v 113.608002 0.000000 382.000000
v 228.318100 0.000000 382.000000
v 131.466904 0.000000 280.717010
v 121.454002 0.000000 245.362396
v 138.616104 0.000000 148.031204
v 56.328800 0.000000 166.861603
v -382.000000 0.000000 110.511902
v -382.000000 0.000000 211.310196
v -298.643188 0.000000 163.184097
v -304.600098 0.000000 -110.759201
v -377.451599 0.000000 -34.713799
v -292.636993 0.000000 18.879601
v -290.245392 0.000000 -246.704895
v -290.245392 0.000000 -148.871994
v -220.752502 0.000000 -221.411606
v -222.220993 0.000000 382.000000
v -115.938004 0.000000 382.000000
v -140.831299 0.000000 323.138214
v 285.041687 0.000000 382.000000
v 382.000000 0.000000 382.000000
v 382.000000 0.000000 339.287994
v 382.000000 0.000000 -368.513000
v 334.480804 0.000000 -313.543915
v 382.000000 0.000000 -249.403595
v 245.901794 0.000000 -231.034805
v 140.166107 0.000000 -241.238205
v 192.804306 0.000000 -129.128998
v -382.000000 0.000000 -150.927704
v -382.000000 0.000000 -53.094799
v -312.507111 0.000000 -125.634300
v -49.440701 0.000000 -37.934200
v -11.466000 0.000000 61.797298
v 28.347300 0.000000 -17.786600
v -50.109798 0.000000 174.805206
v 28.698000 0.000000 156.770996
v -11.423800 0.000000 97.474602
v 2.277300 0.000000 70.087097
v 81.085098 0.000000 52.052898
v 40.963299 0.000000 -7.243500
v 149.784302 0.000000 125.033203
v 162.045593 0.000000 112.771896
v 124.128304 0.000000 87.115997
v 148.249298 0.000000 -104.132896
v 123.895401 0.000000 -225.198593
v 78.920700 0.000000 -129.366394
v 58.287399 0.000000 -119.849503
v -7.567600 0.000000 -143.818695
v 37.986801 0.000000 -46.138302
v -62.479599 0.000000 -72.812500
v -33.235199 0.000000 -153.160904
v -101.258102 0.000000 -177.919205
v -62.259499 0.000000 -26.636400
v -91.337196 0.000000 53.253899
v -25.426701 0.000000 70.096199
v 262.802307 0.000000 211.053406
v 273.238098 0.000000 66.117897
v 186.648499 0.000000 114.028000
v 382.000000 0.000000 -20.442200
v 382.000000 0.000000 -102.691803
v 303.920898 0.000000 -58.592300
v 60.829899 0.000000 -25.882500
v 157.891403 0.000000 -0.646400
v 151.900803 0.000000 -78.462303
v 263.028503 0.000000 53.480999
v 175.657593 0.000000 21.680599
v 181.575302 0.000000 98.549103
v 364.364014 0.000000 -219.603302
v 271.688110 0.000000 -228.546402
v 294.756500 0.000000 -179.415298
v 171.943100 0.000000 -90.033798
v 205.224106 0.000000 -56.838501
v 188.393005 0.000000 -99.531197
v -12.707800 0.000000 331.899292
v 5.687500 0.000000 382.000000
v 74.183502 0.000000 382.000000
v -288.933014 0.000000 -326.886108
v -368.453491 0.000000 -292.197113
v -303.809387 0.000000 -268.668610
v -269.129913 0.000000 -352.980896
v -202.606796 0.000000 -382.000000
v -269.129913 0.000000 -382.000000
v -382.000000 0.000000 -18.661301
v -382.000000 0.000000 82.137100
v -298.643188 0.000000 34.011002
v -197.778198 0.000000 -43.259701
v -270.629791 0.000000 32.785702
v -185.815094 0.000000 86.379097
v -95.444397 0.000000 -292.350891
v -62.814800 0.000000 -382.000000
v -150.023300 0.000000 -382.000000
v -275.178192 0.000000 48.838200
v -275.178192 0.000000 149.636597
v -191.821304 0.000000 101.510498
v -259.297302 0.000000 291.228790
v -288.352386 0.000000 175.717896
v -373.986786 0.000000 225.158997
v -123.681602 0.000000 303.161896
v -38.563801 0.000000 305.635590
v -67.331802 0.000000 206.525894
v -238.934402 0.000000 374.341400
v -161.140198 0.000000 318.079987
v -238.934296 0.000000 315.819214
v -24.650600 0.000000 -176.068100
v 5.502200 0.000000 -255.401199
v -78.371002 0.000000 -264.307007
v 113.678703 0.000000 -260.004913
v 62.553501 0.000000 -368.891815
v 27.562099 0.000000 -269.148804
v 56.608601 0.000000 150.384003
v 135.416397 0.000000 132.349792
v 95.294601 0.000000 73.053398
v -26.130501 0.000000 291.072815
v 27.833799 0.000000 173.382401
v -54.802700 0.000000 192.292694
v -274.082886 0.000000 -320.373993
v -288.700592 0.000000 -263.169495
v -225.181305 0.000000 -240.050400
v -382.000000 0.000000 -280.100800
v -382.000000 0.000000 -182.267899
v -312.507111 0.000000 -254.807495
v 323.584900 0.000000 -325.405304
v 372.509399 0.000000 -382.000000
v 262.110199 0.000000 -382.000000
v 323.757813 0.000000 -301.139893
v 274.651489 0.000000 -244.334793
v 372.864105 0.000000 -234.857407
v 372.679108 0.000000 -7.188700
v 294.242706 0.000000 -45.513302
v 290.847687 0.000000 38.088600
v 279.282898 0.000000 -71.453102
v 282.632690 0.000000 -153.940506
v 208.591797 0.000000 -111.192902
v 230.803497 0.000000 -35.579800
v 270.469391 0.000000 -58.052799
v 208.127304 0.000000 -93.099197
v 260.317413 0.000000 35.467400
v 224.479904 0.000000 -13.607600
v 185.758606 0.000000 8.330200
v 382.000000 0.000000 -129.618607
v 382.000000 0.000000 -211.310196
v 307.807098 0.000000 -168.474899
v -285.129913 0.000000 -352.980896
v -285.129913 0.000000 -382.000000
v -351.652893 0.000000 -382.000000
v -263.876190 0.000000 161.586594
v -167.235901 0.000000 194.332901
v -182.147293 0.000000 114.400398
v -147.576706 0.000000 212.468506
v -133.456207 0.000000 288.161591
v -80.907501 0.000000 198.044296
vt 0.970600 0.029400
vt 0.970600 0.970600
vt 0.029400 0.970600
vt 0.029400 0.029400
vt 0.029400 0.455900
vt 0.970600 0.455900
vt 0.970600 0.544100
vt 0.029400 0.544100
vt 0.029400 0.455900
vt 0.970600 0.455900
vt 0.970600 0.544100
vt 0.029400 0.544100
vt 0.029400 0.455900
vt 0.970600 0.455900
vt 0.970600 0.544100
vt 0.029400 0.544100
vt 0.029400 0.455900
vt 0.970600 0.455900
vt 0.970600 0.544100
vt 0.029400 0.544100
vt 0.041200 0.041200
vt 0.041200 0.958800
vt 0.029400 0.970600
vt 0.029400 0.029400
vt 0.970600 0.029400
vt 0.958800 0.041200
vt 0.970600 0.970600
vt 0.958800 0.958800
vt 0.029400 0.970600
vt 0.041200 0.544100
vt 0.041200 0.467600
vt 0.235100 0.467600
vt 0.491000 0.467600
vt 0.884700 0.467600
vt 0.958800 0.467600
vt 0.958800 0.544100
vt 0.041200 0.544100
vt 0.041200 0.467600
vt 0.377600 0.467600
vt 0.622200 0.467600
vt 0.958800 0.467600
vt 0.958800 0.544100
vt 0.041200 0.544100
vt 0.041200 0.467600
vt 0.235100 0.467600
vt 0.843000 0.467600
vt 0.958800 0.467600
vt 0.958800 0.544100
vt 0.041200 0.544100
vt 0.041200 0.467600
vt 0.572300 0.467600
vt 0.784200 0.467600
vt 0.958800 0.467600
vt 0.958800 0.544100
vt 0.292500 0.380200
vt 0.315500 0.257300
vt 0.423700 0.280700
vt 0.209500 0.138100
vt 0.338400 0.134400
vt 0.315500 0.257300
vt 0.041200 0.041200
vt 0.209500 0.041200
vt 0.209500 0.138100
vt 0.804100 0.779800
vt 0.881500 0.869300
vt 0.784200 0.958800
vt 0.784200 0.958800
vt 0.649400 0.794800
vt 0.804100 0.779800
vt 0.610900 0.432700
vt 0.696200 0.488300
vt 0.547000 0.527100
vt 0.696200 0.488300
vt 0.766700 0.528300
vt 0.686900 0.607900
vt 0.674800 0.338200
vt 0.816800 0.226700
vt 0.705400 0.368700
vt 0.467300 0.130600
vt 0.377800 0.041200
vt 0.500100 0.041200
vt 0.622400 0.041200
vt 0.648600 0.189700
vt 0.467300 0.130600
vt 0.306800 0.958800
vt 0.174000 0.900900
vt 0.257100 0.764400
vt 0.389900 0.822300
vt 0.519600 0.808500
vt 0.439500 0.958800
vt 0.837300 0.568300
vt 0.958800 0.636900
vt 0.842600 0.697800
vt 0.832100 0.438900
vt 0.837300 0.568300
vt 0.766700 0.528300
vt 0.380100 0.430800
vt 0.426600 0.558300
vt 0.274800 0.572300
vt 0.426600 0.558300
vt 0.365000 0.725100
vt 0.274800 0.572300
vt 0.274800 0.572300
vt 0.149100 0.651700
vt 0.166800 0.459600
vt 0.686900 0.607900
vt 0.726400 0.630700
vt 0.649400 0.794800
vt 0.473000 0.685800
vt 0.426600 0.558300
vt 0.547000 0.527100
vt 0.686900 0.607900
vt 0.580000 0.646900
vt 0.547000 0.527100
vt 0.580000 0.646900
vt 0.649400 0.794800
vt 0.519600 0.808500
vt 0.784200 0.958800
vt 0.572300 0.958800
vt 0.649400 0.794800
vt 0.832100 0.438900
vt 0.816800 0.226700
vt 0.958800 0.312100
vt 0.816800 0.226700
vt 0.790600 0.041200
vt 0.958800 0.115300
vt 0.648600 0.189700
vt 0.790600 0.041200
vt 0.816800 0.226700
vt 0.610900 0.432700
vt 0.705400 0.368700
vt 0.696200 0.488300
vt 0.380100 0.430800
vt 0.423700 0.280700
vt 0.485300 0.403900
vt 0.485300 0.403900
vt 0.549300 0.309500
vt 0.610900 0.432700
vt 0.166800 0.307700
vt 0.209500 0.138100
vt 0.315500 0.257300
vt 0.166800 0.459600
vt 0.041200 0.387100
vt 0.166800 0.307700
vt 0.041200 0.843000
vt 0.174000 0.900900
vt 0.041200 0.958800
vt 0.389900 0.822300
vt 0.257100 0.764400
vt 0.365000 0.725100
vt 0.149100 0.803700
vt 0.041200 0.691000
vt 0.149100 0.651700
vt 0.257100 0.764400
vt 0.149100 0.651700
vt 0.274800 0.572300
vt 0.380100 0.430800
vt 0.274800 0.572300
vt 0.292500 0.380200
vt 0.473000 0.685800
vt 0.580000 0.646900
vt 0.519600 0.808500
vt 0.306800 0.958800
vt 0.257100 0.764400
vt 0.389900 0.822300
vt 0.389900 0.822300
vt 0.365000 0.725100
vt 0.473000 0.685800
vt 0.365000 0.725100
vt 0.257100 0.764400
vt 0.274800 0.572300
vt 0.958800 0.312100
vt 0.958800 0.509000
vt 0.832100 0.438900
vt 0.377800 0.041200
vt 0.467300 0.130600
vt 0.338400 0.134400
vt 0.041200 0.041200
vt 0.209500 0.138100
vt 0.041200 0.235100
vt 0.467300 0.130600
vt 0.648600 0.189700
vt 0.549300 0.309500
vt 0.423700 0.280700
vt 0.380100 0.430800
vt 0.292500 0.380200
vt 0.816800 0.226700
vt 0.958800 0.115300
vt 0.958800 0.312100
vt 0.648600 0.189700
vt 0.816800 0.226700
vt 0.674800 0.338200
vt 0.519600 0.808500
vt 0.572300 0.958800
vt 0.439500 0.958800
vt 0.842600 0.697800
vt 0.804100 0.779800
vt 0.726400 0.630700
vt 0.622400 0.041200
vt 0.790600 0.041200
vt 0.648600 0.189700
vt 0.648600 0.189700
vt 0.674800 0.338200
vt 0.549300 0.309500
vt 0.041200 0.387100
vt 0.041200 0.235100
vt 0.166800 0.307700
vt 0.149100 0.651700
vt 0.041200 0.539000
vt 0.166800 0.459600
vt 0.149100 0.803700
vt 0.149100 0.651700
vt 0.257100 0.764400
vt 0.209500 0.041200
vt 0.377800 0.041200
vt 0.338400 0.134400
vt 0.790600 0.041200
vt 0.958800 0.041200
vt 0.958800 0.115300
vt 0.958800 0.958800
vt 0.881500 0.869300
vt 0.958800 0.764900
vt 0.804100 0.779800
vt 0.649400 0.794800
vt 0.726400 0.630700
vt 0.041200 0.691000
vt 0.041200 0.539000
vt 0.149100 0.651700
vt 0.426600 0.558300
vt 0.485300 0.403900
vt 0.547000 0.527100
vt 0.423700 0.280700
vt 0.549300 0.309500
vt 0.485300 0.403900
vt 0.485300 0.403900
vt 0.610900 0.432700
vt 0.547000 0.527100
vt 0.674800 0.338200
vt 0.705400 0.368700
vt 0.610900 0.432700
vt 0.686900 0.607900
vt 0.649400 0.794800
vt 0.580000 0.646900
vt 0.580000 0.646900
vt 0.473000 0.685800
vt 0.547000 0.527100
vt 0.426600 0.558300
vt 0.473000 0.685800
vt 0.365000 0.725100
vt 0.426600 0.558300
vt 0.380100 0.430800
vt 0.485300 0.403900
vt 0.816800 0.226700
vt 0.832100 0.438900
vt 0.705400 0.368700
vt 0.958800 0.509000
vt 0.958800 0.636900
vt 0.837300 0.568300
vt 0.547000 0.527100
vt 0.696200 0.488300
vt 0.686900 0.607900
vt 0.832100 0.438900
vt 0.696200 0.488300
vt 0.705400 0.368700
vt 0.958800 0.764900
vt 0.804100 0.779800
vt 0.842600 0.697800
vt 0.686900 0.607900
vt 0.766700 0.528300
vt 0.726400 0.630700
vt 0.467300 0.130600
vt 0.500100 0.041200
vt 0.622400 0.041200
vt 0.174000 0.900900
vt 0.041200 0.843000
vt 0.149100 0.803700
vt 0.174000 0.900900
vt 0.306800 0.958800
vt 0.174000 0.958800
vt 0.041200 0.539000
vt 0.041200 0.387100
vt 0.166800 0.459600
vt 0.274800 0.572300
vt 0.166800 0.459600
vt 0.292500 0.380200
vt 0.389900 0.822300
vt 0.439500 0.958800
vt 0.306800 0.958800
vt 0.166800 0.459600
vt 0.166800 0.307700
vt 0.292500 0.380200
vt 0.209500 0.138100
vt 0.166800 0.307700
vt 0.041200 0.235100
vt 0.338400 0.134400
vt 0.467300 0.130600
vt 0.423700 0.280700
vt 0.209500 0.041200
vt 0.338400 0.134400
vt 0.209500 0.138100
vt 0.473000 0.685800
vt 0.519600 0.808500
vt 0.389900 0.822300
vt 0.649400 0.794800
vt 0.572300 0.958800
vt 0.519600 0.808500
vt 0.549300 0.309500
vt 0.674800 0.338200
vt 0.610900 0.432700
vt 0.467300 0.130600
vt 0.549300 0.309500
vt 0.423700 0.280700
vt 0.174000 0.900900
vt 0.149100 0.803700
vt 0.257100 0.764400
vt 0.041200 0.843000
vt 0.041200 0.691000
vt 0.149100 0.803700
vt 0.881500 0.869300
vt 0.958800 0.958800
vt 0.784200 0.958800
vt 0.881500 0.869300
vt 0.804100 0.779800
vt 0.958800 0.764900
vt 0.958800 0.509000
vt 0.837300 0.568300
vt 0.832100 0.438900
vt 0.837300 0.568300
vt 0.842600 0.697800
vt 0.726400 0.630700
vt 0.766700 0.528300
vt 0.837300 0.568300
vt 0.726400 0.630700
vt 0.832100 0.438900
vt 0.766700 0.528300
vt 0.696200 0.488300
vt 0.958800 0.636900
vt 0.958800 0.764900
vt 0.842600 0.697800
vt 0.174000 0.900900
vt 0.174000 0.958800
vt 0.041200 0.958800
vt 0.166800 0.307700
vt 0.315500 0.257300
vt 0.292500 0.380200
vt 0.315500 0.257300
vt 0.338400 0.134400
vt 0.423700 0.280700
vt 0.292500 0.380200
vt 0.315500 0.257300
vt 0.423700 0.280700
vt 0.209500 0.138100
vt 0.338400 0.134400
vt 0.041200 0.041200
vt 0.209500 0.041200
vt 0.804100 0.779800
vt 0.881500 0.869300
vt 0.784200 0.958800
vt 0.649400 0.794800
vt 0.610900 0.432700
vt 0.696200 0.488300
vt 0.547000 0.527100
vt 0.766700 0.528300
vt 0.686900 0.607900
vt 0.674800 0.338200
vt 0.816800 0.226700
vt 0.705400 0.368700
vt 0.467300 0.130600
vt 0.377800 0.041200
vt 0.500100 0.041200
vt 0.622400 0.041200
vt 0.648600 0.189700
vt 0.306800 0.958800
vt 0.174000 0.900900
vt 0.257100 0.764400
vt 0.389900 0.822300
vt 0.519600 0.808500
vt 0.439500 0.958800
vt 0.837300 0.568300
vt 0.958800 0.636900
vt 0.842600 0.697800
vt 0.832100 0.438900
vt 0.380100 0.430800
vt 0.426600 0.558300
vt 0.274800 0.572300
vt 0.365000 0.725100
vt 0.149100 0.651700
vt 0.166800 0.459600
vt 0.726400 0.630700
vt 0.473000 0.685800
vt 0.580000 0.646900
vt 0.572300 0.958800
vt 0.958800 0.312100
vt 0.790600 0.041200
vt 0.958800 0.115300
vt 0.485300 0.403900
vt 0.549300 0.309500
vt 0.166800 0.307700
vt 0.041200 0.387100
vt 0.041200 0.843000
vt 0.041200 0.958800
vt 0.149100 0.803700
vt 0.041200 0.691000
vt 0.958800 0.509000
vt 0.041200 0.235100
vt 0.041200 0.539000
vt 0.958800 0.041200
vt 0.958800 0.958800
vt 0.958800 0.764900
vt 0.174000 0.958800
vn 0.000000 -1.000000 0.000000
vn 0.000000 -1.000000 0.000000
vn 0.000000 -1.000000 0.000000
vn 0.000000 -1.000000 0.000000
vn 0.000000 -1.000000 0.000000
vn 0.000000 -1.000000 0.000000
vn 0.000000 0.000000 1.000000
vn 0.000000 0.000000 1.000000
vn 0.000000 0.000000 1.000000
vn 0.000000 0.000000 1.000000
vn 0.000000 0.000000 1.000000
vn 0.000000 0.000000 1.000000
vn 1.000000 0.000000 0.000000
vn 1.000000 0.000000 0.000000
vn 1.000000 0.000000 0.000000
vn 1.000000 0.000000 0.000000
vn 1.000000 0.000000 0.000000
vn 1.000000 0.000000 0.000000
vn 0.000000 0.000000 -1.000000
vn 0.000000 0.000000 -1.000000
vn 0.000000 0.000000 -1.000000
vn 0.000000 0.000000 -1.000000
vn 0.000000 0.000000 -1.000000
vn 0.000000 0.000000 -1.000000
vn -1.000000 0.000000 0.000000
vn -1.000000 0.000000 0.000000
vn -1.000000 0.000000 0.000000
vn -1.000000 0.000000 0.000000
vn -1.000000 0.000000 0.000000
vn -1.000000 0.000000 0.000000
vn 0.000000 1.000000 0.000000
vn 0.000000 1.000000 0.000000
vn 0.000000 1.000000 0.000000
vn 0.000000 1.000000 0.000000
vn 0.000000 1.000000 0.000000
vn 0.000000 1.000000 0.000000
vn 0.000000 1.000000 0.000000
vn 0.000000 1.000000 0.000000
vn 0.000000 1.000000 0.000000
vn 0.000000 1.000000 0.000000
vn 0.000000 1.000000 0.000000
vn 0.000000 1.000000 0.000000
vn 0.000000 1.000000 0.000000
vn 0.000000 1.000000 0.000000
vn 0.000000 1.000000 0.000000
vn 0.000000 1.000000 0.000000
vn 0.000000 1.000000 0.000000
vn 0.000000 1.000000 0.000000
vn 0.000000 1.000000 0.000000
vn 0.000000 1.000000 0.000000
vn 0.000000 1.000000 0.000000
vn 0.000000 1.000000 0.000000
vn 0.000000 1.000000 0.000000
vn 0.000000 1.000000 0.000000
vn -1.000000 0.000003 0.000000
vn -1.000000 0.000000 0.000000
vn -1.000000 0.000000 0.000000
vn -1.000000 0.000003 0.000000
vn -1.000000 0.000000 0.000000
vn -1.000000 0.000000 0.000000
vn -1.000000 0.000003 0.000000
vn -1.000000 0.000000 0.000000
vn -1.000000 0.000008 0.000000
vn -1.000000 0.000003 0.000000
vn -1.000000 0.000008 0.000000
vn -1.000000 0.000008 0.000000
vn -1.000000 0.000000 0.000000
vn -1.000000 0.000003 0.000000
vn -1.000000 0.000008 0.000000
vn 0.000000 0.000000 -1.000000
vn 0.000000 0.000000 -1.000000
vn 0.000000 0.000000 -1.000000
vn 0.000000 0.000000 -1.000000
vn 0.000000 0.000000 -1.000000
vn 0.000000 0.000000 -1.000000
vn 0.000000 0.000000 -1.000000
vn 0.000000 0.000000 -1.000000
vn 0.000000 0.000000 -1.000000
vn 0.000000 0.000000 -1.000000
vn 0.000000 0.000000 -1.000000
vn 0.000000 0.000000 -1.000000
vn 1.000000 -0.000000 0.000000
vn 1.000000 0.000000 0.000000
vn 1.000000 -0.000001 0.000000
vn 1.000000 -0.000000 0.000000
vn 1.000000 -0.000001 0.000000
vn 1.000000 -0.000001 0.000000
vn 1.000000 -0.000000 0.000000
vn 1.000000 -0.000001 0.000000
vn 1.000000 0.000000 0.000000
vn 1.000000 0.000000 0.000000
vn 1.000000 -0.000000 0.000000
vn 1.000000 0.000000 0.000000
vn 0.000000 0.000000 1.000000
vn 0.000000 0.000000 1.000000
vn 0.000000 0.000000 1.000000
vn 0.000000 0.000000 1.000000
vn 0.000000 0.000000 1.000000
vn 0.000000 0.000000 1.000000
vn 0.000000 0.000000 1.000000
vn 0.000000 0.000000 1.000000
vn 0.000000 0.000000 1.000000
vn 0.000000 0.000000 1.000000
vn 0.000000 0.000000 1.000000
vn 0.000000 0.000000 1.000000
vn 0.000000 1.000000 0.000000
vn 0.000000 1.000000 0.000000
vn 0.000000 1.000000 0.000000
vn 0.000000 1.000000 0.000000
vn 0.000000 1.000000 0.000000
vn 0.000000 1.000000 0.000000
vn 0.000000 1.000000 0.000000
vn 0.000000 1.000000 0.000000
vn 0.000000 1.000000 0.000000
vn 0.000000 1.000000 0.000000
vn 0.000000 1.000000 0.000000
vn 0.000000 1.000000 0.000000
vn 0.000000 1.000000 0.000000
vn 0.000000 1.000000 0.000000
vn 0.000000 1.000000 0.000000
vn 0.000000 1.000000 0.000000
vn 0.000000 1.000000 0.000000
vn 0.000000 1.000000 0.000000
vn 0.000000 1.000000 0.000000
vn 0.000000 1.000000 0.000000
vn 0.000000 1.000000 0.000000
vn 0.000000 1.000000 0.000000
vn 0.000000 1.000000 0.000000
vn 0.000000 1.000000 0.000000
vn 0.000000 1.000000 0.000000
vn 0.000000 1.000000 0.000000
vn 0.000000 1.000000 0.000000
vn 0.000000 1.000000 0.000000
vn 0.000000 1.000000 0.000000
vn 0.000000 1.000000 0.000000
vn 0.000000 1.000000 0.000000
vn 0.000000 1.000000 0.000000
vn 0.000000 1.000000 0.000000
vn 0.000000 1.000000 0.000000
vn 0.000000 1.000000 0.000000
vn 0.000000 1.000000 0.000000
vn 0.000000 1.000000 0.000000
vn 0.000000 1.000000 0.000000
vn 0.000000 1.000000 0.000000
vn 0.000000 1.000000 0.000000
vn 0.000000 1.000000 0.000000
vn 0.000000 1.000000 0.000000
vn 0.000000 1.000000 0.000000
vn 0.000000 1.000000 0.000000
vn 0.000000 1.000000 0.000000
vn 0.000000 1.000000 0.000000
vn 0.000000 1.000000 0.000000
vn 0.000000 1.000000 0.000000
vn 0.000000 1.000000 0.000000
vn 0.000000 1.000000 0.000000
vn 0.000000 1.000000 0.000000
vn 0.000000 1.000000 0.000000
vn 0.000000 1.000000 0.000000
vn 0.000000 1.000000 0.000000
vn 0.000000 1.000000 0.000000
vn 0.000000 1.000000 0.000000
vn 0.000000 1.000000 0.000000
vn 0.000000 1.000000 0.000000
vn 0.000000 1.000000 0.000000
vn 0.000000 1.000000 0.000000
vn 0.000000 1.000000 0.000000
vn 0.000000 1.000000 0.000000
vn 0.000000 1.000000 0.000000
vn 0.000000 1.000000 0.000000
vn 0.000000 1.000000 0.000000
vn 0.000000 1.000000 0.000000
vn 0.000000 1.000000 0.000000
vn 0.000000 1.000000 0.000000
vn 0.000000 1.000000 0.000000
vn 0.000000 1.000000 0.000000
vn 0.000000 1.000000 0.000000
vn 0.000000 1.000000 0.000000
vn 0.000000 1.000000 0.000000
vn 0.000000 1.000000 0.000000
vn 0.000000 1.000000 0.000000
vn 0.000000 1.000000 0.000000
vn 0.000000 1.000000 0.000000
vn 0.000000 1.000000 0.000000
vn 0.000000 1.000000 0.000000
vn 0.000000 1.000000 0.000000
vn 0.000000 1.000000 0.000000
vn 0.000000 1.000000 0.000000
vn 0.000000 1.000000 0.000000
vn 0.000000 1.000000 0.000000
vn 0.000000 1.000000 0.000000
vn 0.000000 1.000000 0.000000
vn 0.000000 1.000000 0.000000
vn 0.000000 1.000000 0.000000
vn 0.000000 1.000000 0.000000
vn 0.000000 1.000000 0.000000
vn 0.000000 1.000000 0.000000
vn 0.000000 1.000000 0.000000
vn 0.000000 1.000000 0.000000
vn 0.000000 1.000000 0.000000
vn 0.000000 1.000000 0.000000
vn 0.000000 1.000000 0.000000
vn 0.000000 1.000000 0.000000
vn 0.000000 1.000000 0.000000
vn 0.000000 1.000000 0.000000
vn 0.000000 1.000000 0.000000
vn 0.000000 1.000000 0.000000
vn 0.000000 1.000000 0.000000
vn 0.000000 1.000000 0.000000
vn 0.000000 1.000000 0.000000
vn 0.000000 1.000000 0.000000
vn 0.000000 1.000000 0.000000
vn 0.000000 1.000000 0.000000
vn 0.000000 1.000000 0.000000
vn 0.000000 1.000000 0.000000
vn 0.000000 1.000000 0.000000
vn 0.000000 1.000000 0.000000
vn 0.000000 1.000000 0.000000
vn 0.000000 1.000000 0.000000
vn 0.000000 1.000000 0.000000
vn 0.000000 1.000000 0.000000
vn 0.000000 1.000000 0.000000
vn 0.000000 1.000000 0.000000
vn 0.000000 1.000000 0.000000
vn 0.000000 1.000000 0.000000
vn 0.000000 1.000000 0.000000
vn 0.000000 1.000000 0.000000
vn 0.000000 1.000000 0.000000
vn 0.000000 1.000000 0.000000
vn 0.000000 1.000000 0.000000
vn 0.000000 1.000000 0.000000
vn 0.000000 1.000000 0.000000
vn 0.000000 1.000000 0.000000
vn 0.000000 1.000000 0.000000
vn 0.000000 1.000000 0.000000
vn 0.000000 1.000000 0.000000
vn 0.000000 1.000000 0.000000
vn 0.000000 1.000000 0.000000
vn 0.000000 1.000000 0.000000
vn 0.000000 1.000000 0.000000
vn 0.000000 1.000000 0.000000
vn 0.000000 1.000000 0.000000
vn 0.000000 1.000000 0.000000
vn 0.000000 1.000000 0.000000
vn 0.000000 1.000000 0.000000
vn 0.000000 1.000000 0.000000
vn 0.000000 1.000000 0.000000
vn 0.000000 1.000000 0.000000
vn 0.000000 1.000000 0.000000
vn 0.000000 1.000000 0.000000
vn 0.000000 1.000000 0.000000
vn 0.000000 1.000000 0.000000
vn 0.000000 1.000000 0.000000
vn 0.000000 1.000000 0.000000
vn 0.000000 1.000000 0.000000
vn 0.000000 1.000000 0.000000
vn 0.000000 1.000000 0.000000
vn 0.000000 1.000000 0.000000
vn 0.000000 1.000000 0.000000
vn 0.000000 1.000000 0.000000
vn 0.000000 1.000000 0.000000
vn 0.000000 1.000000 0.000000
vn 0.000000 1.000000 0.000000
vn 0.000000 1.000000 0.000000
vn 0.000000 1.000000 0.000000
vn 0.000000 1.000000 0.000000
vn 0.000000 1.000000 0.000000
vn 0.000000 1.000000 0.000000
vn 0.000000 1.000000 0.000000
vn 0.000000 1.000000 0.000000
vn 0.000000 1.000000 0.000000
vn 0.000000 1.000000 0.000000
vn 0.000000 1.000000 0.000000
vn 0.000000 1.000000 0.000000
vn 0.000000 1.000000 0.000000
vn 0.000000 1.000000 0.000000
vn 0.000000 1.000000 0.000000
vn 0.000000 1.000000 0.000000
vn 0.000000 1.000000 0.000000
vn 0.000000 1.000000 0.000000
vn 0.000000 1.000000 0.000000
vn 0.000000 1.000000 0.000000
vn 0.000000 1.000000 0.000000
vn 0.000000 1.000000 0.000000
vn 0.000000 1.000000 0.000000
vn 0.000000 1.000000 0.000000
vn 0.000000 1.000000 0.000000
vn 0.000000 1.000000 0.000000
vn 0.000000 1.000000 0.000000
vn 0.000000 1.000000 0.000000
vn 0.000000 1.000000 0.000000
vn 0.000000 1.000000 0.000000
vn 0.000000 1.000000 0.000000
vn 0.000000 1.000000 0.000000
vn 0.000000 1.000000 0.000000
vn 0.000000 1.000000 0.000000
vn 0.000000 1.000000 0.000000
vn 0.000000 1.000000 0.000000
vn 0.000000 1.000000 0.000000
vn 0.000000 1.000000 0.000000
vn 0.000000 1.000000 0.000000
vn 0.000000 1.000000 0.000000
vn 0.000000 1.000000 0.000000
vn 0.000000 1.000000 0.000000
vn 0.000000 1.000000 0.000000
vn 0.000000 1.000000 0.000000
vn 0.000000 1.000000 0.000000
vn 0.000000 1.000000 0.000000
vn 0.000000 1.000000 0.000000
vn 0.000000 1.000000 0.000000
vn 0.000000 1.000000 0.000000
vn 0.000000 1.000000 0.000000
vn 0.000000 1.000000 0.000000
vn 0.000000 1.000000 0.000000
vn 0.000000 1.000000 0.000000
vn 0.000000 1.000000 0.000000
vn 0.000000 1.000000 0.000000
vn 0.000000 1.000000 0.000000
vn 0.000000 1.000000 0.000000
vn 0.000000 1.000000 0.000000
vn 0.000000 1.000000 0.000000
vn 0.000000 1.000000 0.000000
vn 0.000000 1.000000 0.000000
vn 0.000000 1.000000 0.000000
vn 0.000000 1.000000 0.000000
vn 0.000000 1.000000 0.000000
vn 0.000000 1.000000 0.000000
vn 0.000000 1.000000 0.000000
vn 0.000000 1.000000 0.000000
vn 0.000000 1.000000 0.000000
vn 0.000000 1.000000 0.000000
vn 0.000000 1.000000 0.000000
vn 0.000000 1.000000 0.000000
vn 0.000000 1.000000 0.000000
vn 0.000000 1.000000 0.000000
vn 0.000000 1.000000 0.000000
vn 0.000000 1.000000 0.000000
vn 0.000000 1.000000 0.000000
vn 0.000000 1.000000 0.000000
vn 0.000000 1.000000 0.000000
vn 0.000000 1.000000 0.000000
vn 0.000000 1.000000 0.000000
vn 0.000000 1.000000 0.000000
vn 0.000000 1.000000 0.000000
vn 0.000000 1.000000 0.000000
vn 0.000000 1.000000 0.000000
vn 0.000000 1.000000 0.000000
vn 0.000000 1.000000 0.000000
vn 0.000000 1.000000 0.000000
vn 0.000000 1.000000 0.000000
vn 0.000000 1.000000 0.000000
vn 0.000000 1.000000 0.000000
vn 0.000000 1.000000 0.000000
vn 0.000000 1.000000 0.000000
vn 0.000000 1.000000 0.000000
vn 0.000000 1.000000 0.000000
vn 0.000000 1.000000 0.000000
vn 0.000000 1.000000 0.000000
vn 0.000000 1.000000 0.000000
vn 0.000000 1.000000 0.000000
vn 0.000000 1.000000 0.000000
vn 0.000000 1.000000 0.000000
vn 0.000000 1.000000 0.000000
vn 0.000000 1.000000 0.000000
vn 0.000000 1.000000 0.000000
vn 0.000000 1.000000 0.000000
vn 0.000000 1.000000 0.000000
vn 0.000000 1.000000 0.000000
vn 0.000000 1.000000 0.000000
vn 0.000000 1.000000 0.000000
vn 0.000000 1.000000 0.000000
vn 0.000000 1.000000 0.000000
vn 0.000000 1.000000 0.000000
vn 0.000000 1.000000 0.000000
vn 0.000000 1.000000 0.000000
vn 0.000000 1.000000 0.000000
vn 0.000000 1.000000 0.000000
vn 0.000000 1.000000 0.000000
vn 0.000000 1.000000 0.000000
vn 0.000000 1.000000 0.000000
vn 0.000000 1.000000 0.000000
vn 0.000000 1.000000 0.000000
vn 0.000000 1.000000 0.000000
vn 0.000000 1.000000 0.000000
vn 0.000000 1.000000 0.000000
vn 0.000000 1.000000 0.000000
vn 0.000000 1.000000 0.000000
vn 0.000000 1.000000 0.000000
vn 0.000000 1.000000 0.000000
vn 0.000000 1.000000 0.000000
vn 0.000000 1.000000 0.000000
vn 0.000000 1.000000 0.000000
vn 0.000000 1.000000 0.000000
vn 0.000000 1.000000 0.000000
vn 0.000000 1.000000 0.000000
vn 0.000000 1.000000 0.000000
vn 0.000000 1.000000 0.000000
vn 0.000000 1.000000 0.000000
vn 0.000000 1.000000 0.000000
vn 0.000000 1.000000 0.000000
vn -0.439630 0.894427 0.082013
vn -0.439630 0.894427 0.082013
vn -0.439630 0.894427 0.082013
vn -0.439631 0.894426 0.082013
vn -0.439631 0.894426 0.082013
vn -0.439631 0.894426 0.082013
vn 0.094569 0.894427 0.437101
vn 0.094569 0.894427 0.437101
vn 0.094569 0.894427 0.437101
vn 0.094569 0.894426 0.437102
vn 0.094569 0.894426 0.437102
vn 0.094569 0.894426 0.437102
vn 0.270234 0.894427 -0.356334
vn 0.270234 0.894427 -0.356334
vn 0.270234 0.894427 -0.356334
vn 0.270233 0.894428 -0.356332
vn 0.270233 0.894428 -0.356332
vn 0.270233 0.894428 -0.356332
vn -0.012992 0.894425 0.447029
vn -0.012992 0.894425 0.447029
vn -0.012992 0.894425 0.447029
vn -0.012992 0.894428 0.447023
vn -0.012992 0.894428 0.447023
vn -0.012992 0.894428 0.447023
vn 0.439631 0.894426 -0.082013
vn 0.439631 0.894426 -0.082013
vn 0.439631 0.894426 -0.082013
vn 0.439625 0.894429 -0.082011
vn 0.439625 0.894429 -0.082011
vn 0.439625 0.894429 -0.082011
vn -0.334199 0.894427 -0.297171
vn -0.334199 0.894427 -0.297171
vn -0.334199 0.894427 -0.297171
vn -0.334199 0.894427 -0.297172
vn -0.334199 0.894427 -0.297172
vn -0.334199 0.894427 -0.297172
vn 0.000000 0.894427 0.447214
vn 0.000000 0.894427 0.447214
vn 0.000000 0.894427 0.447214
vn 0.000000 0.894427 0.447213
vn 0.000000 0.894427 0.447213
vn 0.000000 0.894427 0.447213
vn 0.447215 0.894427 0.000001
vn 0.447215 0.894427 0.000001
vn 0.447215 0.894427 0.000001
vn 0.447213 0.894428 0.000001
vn 0.447213 0.894428 0.000001
vn 0.447213 0.894428 0.000001
vn -0.223236 0.894427 -0.387512
vn -0.223236 0.894427 -0.387512
vn -0.223236 0.894427 -0.387512
vn -0.223237 0.894427 -0.387512
vn -0.223237 0.894427 -0.387512
vn -0.223237 0.894427 -0.387512
vn 0.338324 0.894426 0.292471
vn 0.338324 0.894426 0.292471
vn 0.338324 0.894426 0.292471
vn 0.338317 0.894430 0.292466
vn 0.338317 0.894430 0.292466
vn 0.338317 0.894430 0.292466
vn 0.302901 0.894426 -0.329019
vn 0.302901 0.894426 -0.329019
vn 0.302901 0.894426 -0.329019
vn 0.302899 0.894428 -0.329016
vn 0.302899 0.894428 -0.329016
vn 0.302899 0.894428 -0.329016
vn -0.444494 0.894425 0.049285
vn -0.444494 0.894425 0.049285
vn -0.444494 0.894425 0.049285
vn -0.444487 0.894429 0.049284
vn -0.444487 0.894429 0.049284
vn -0.444487 0.894429 0.049284
vn -0.345446 0.894427 -0.284019
vn -0.345446 0.894427 -0.284019
vn -0.345446 0.894427 -0.284019
vn -0.345447 0.894427 -0.284019
vn -0.345447 0.894427 -0.284019
vn -0.345447 0.894427 -0.284019
vn -0.042956 0.894427 0.445146
vn -0.042956 0.894427 0.445146
vn -0.042956 0.894427 0.445146
vn -0.042956 0.894429 0.445142
vn -0.042956 0.894429 0.445142
vn -0.042956 0.894429 0.445142
vn 0.444490 0.894427 -0.049284
vn 0.444490 0.894427 -0.049284
vn 0.444490 0.894427 -0.049284
vn 0.444489 0.894427 -0.049284
vn 0.444489 0.894427 -0.049284
vn 0.444489 0.894427 -0.049284
vn 0.244534 0.894426 0.374439
vn 0.244534 0.894426 0.374439
vn 0.244534 0.894426 0.374439
vn 0.244532 0.894428 0.374436
vn 0.244532 0.894428 0.374436
vn 0.244532 0.894428 0.374436
vn 0.112534 0.894428 -0.432822
vn 0.112534 0.894428 -0.432822
vn 0.112534 0.894428 -0.432822
vn 0.112535 0.894427 -0.432824
vn 0.112535 0.894427 -0.432824
vn 0.112535 0.894427 -0.432824
vn -0.370393 0.894427 0.250619
vn -0.370393 0.894427 0.250619
vn -0.370393 0.894427 0.250619
vn -0.370394 0.894426 0.250620
vn -0.370394 0.894426 0.250620
vn -0.370394 0.894426 0.250620
vn 0.220452 0.894425 0.389108
vn 0.220452 0.894425 0.389108
vn 0.220452 0.894425 0.389108
vn 0.220449 0.894427 0.389104
vn 0.220449 0.894427 0.389104
vn 0.220449 0.894427 0.389104
vn 0.315818 0.894429 -0.316633
vn 0.315818 0.894429 -0.316633
vn 0.315818 0.894429 -0.316633
vn 0.315819 0.894428 -0.316635
vn 0.315819 0.894428 -0.316635
vn 0.315819 0.894428 -0.316635
vn -0.445892 0.894428 0.034327
vn -0.445892 0.894428 0.034327
vn -0.445892 0.894428 0.034327
vn -0.445898 0.894425 0.034328
vn -0.445898 0.894425 0.034328
vn -0.445898 0.894425 0.034328
vn -0.276117 0.894428 0.351793
vn -0.276117 0.894428 0.351793
vn -0.276117 0.894428 0.351793
vn -0.276118 0.894427 0.351795
vn -0.276118 0.894427 0.351795
vn -0.276118 0.894427 0.351795
vn 0.351795 0.894427 -0.276118
vn 0.351795 0.894427 -0.276118
vn 0.351795 0.894427 -0.276118
vn 0.351792 0.894428 -0.276116
vn 0.351792 0.894428 -0.276116
vn 0.351792 0.894428 -0.276116
vn -0.316228 0.894427 -0.316228
vn -0.316228 0.894427 -0.316228
vn -0.316228 0.894427 -0.316228
vn -0.316230 0.894426 -0.316230
vn -0.316230 0.894426 -0.316230
vn -0.316230 0.894426 -0.316230
vn -0.316228 0.894427 -0.316228
vn -0.316228 0.894427 -0.316228
vn -0.316228 0.894427 -0.316228
vn -0.316228 0.894427 -0.316228
vn -0.316228 0.894427 -0.316228
vn -0.316228 0.894427 -0.316228
vn 0.000000 0.894427 0.447214
vn 0.000000 0.894427 0.447214
vn 0.000000 0.894427 0.447214
vn 0.000000 0.894427 0.447214
vn 0.000000 0.894427 0.447214
vn 0.000000 0.894427 0.447214
vn 0.419809 0.894428 -0.154140
vn 0.419809 0.894428 -0.154140
vn 0.419809 0.894428 -0.154140
vn 0.419812 0.894426 -0.154141
vn 0.419812 0.894426 -0.154141
vn 0.419812 0.894426 -0.154141
vn 0.440419 0.894427 0.077658
vn 0.440419 0.894427 0.077658
vn 0.440419 0.894427 0.077658
vn 0.440420 0.894427 0.077658
vn 0.440420 0.894427 0.077658
vn 0.440420 0.894427 0.077658
vn -0.138431 0.894425 -0.425254
vn -0.138431 0.894425 -0.425254
vn -0.138431 0.894425 -0.425254
vn -0.138429 0.894428 -0.425249
vn -0.138429 0.894428 -0.425249
vn -0.138429 0.894428 -0.425249
vn -0.223386 0.894428 0.387425
vn -0.223386 0.894428 0.387425
vn -0.223386 0.894428 0.387425
vn -0.223385 0.894429 0.387423
vn -0.223385 0.894429 0.387423
vn -0.223385 0.894429 0.387423
vn -0.178812 0.894429 -0.409907
vn -0.178812 0.894429 -0.409907
vn -0.178812 0.894429 -0.409907
vn -0.178813 0.894427 -0.409909
vn -0.178813 0.894427 -0.409909
vn -0.178813 0.894427 -0.409909
vn -0.381987 0.894429 0.232556
vn -0.381987 0.894429 0.232556
vn -0.381987 0.894429 0.232556
vn -0.381990 0.894427 0.232559
vn -0.381990 0.894427 0.232559
vn -0.381990 0.894427 0.232559
vn 0.433291 0.894427 0.110721
vn 0.433291 0.894427 0.110721
vn 0.433291 0.894427 0.110721
vn 0.433293 0.894426 0.110721
vn 0.433293 0.894426 0.110721
vn 0.433293 0.894426 0.110721
vn -0.047221 0.894425 0.444718
vn -0.047221 0.894425 0.444718
vn -0.047221 0.894425 0.444718
vn -0.047220 0.894427 0.444713
vn -0.047220 0.894427 0.444713
vn -0.047220 0.894427 0.444713
vn 0.394688 0.894429 -0.210283
vn 0.394688 0.894429 -0.210283
vn 0.394688 0.894429 -0.210283
vn 0.394688 0.894429 -0.210283
vn 0.394688 0.894429 -0.210283
vn 0.394688 0.894429 -0.210283
vn -0.420245 0.894426 -0.152956
vn -0.420245 0.894426 -0.152956
vn -0.420245 0.894426 -0.152956
vn -0.420244 0.894427 -0.152956
vn -0.420244 0.894427 -0.152956
vn -0.420244 0.894427 -0.152956
vn 0.219934 0.894426 0.389398
vn 0.219934 0.894426 0.389398
vn 0.219934 0.894426 0.389398
vn 0.219932 0.894428 0.389395
vn 0.219932 0.894428 0.389395
vn 0.219932 0.894428 0.389395
vn 0.207481 0.894429 -0.396168
vn 0.207481 0.894429 -0.396168
vn 0.207481 0.894429 -0.396168
vn 0.207481 0.894429 -0.396168
vn 0.207481 0.894429 -0.396168
vn 0.207481 0.894429 -0.396168
vn -0.446848 0.894426 -0.018146
vn -0.446848 0.894426 -0.018146
vn -0.446848 0.894426 -0.018146
vn -0.446847 0.894426 -0.018146
vn -0.446847 0.894426 -0.018146
vn -0.446847 0.894426 -0.018146
vn 0.446843 0.894428 0.018146
vn 0.446843 0.894428 0.018146
vn 0.446843 0.894428 0.018146
vn 0.446843 0.894428 0.018146
vn 0.446843 0.894428 0.018146
vn 0.446843 0.894428 0.018146
vn -0.220449 0.894427 -0.389104
vn -0.220449 0.894427 -0.389104
vn -0.220449 0.894427 -0.389104
vn -0.220453 0.894424 -0.389109
vn -0.220453 0.894424 -0.389109
vn -0.220453 0.894424 -0.389109
vn -0.361166 0.894426 0.263745
vn -0.361166 0.894426 0.263745
vn -0.361166 0.894426 0.263745
vn -0.361164 0.894427 0.263744
vn -0.361164 0.894427 0.263744
vn -0.361164 0.894427 0.263744
vn 0.420245 0.894426 0.152956
vn 0.420245 0.894426 0.152956
vn 0.420245 0.894426 0.152956
vn 0.420238 0.894430 0.152954
vn 0.420238 0.894430 0.152954
vn 0.420238 0.894430 0.152954
vn 0.041065 0.894427 -0.445324
vn 0.041065 0.894427 -0.445324
vn 0.041065 0.894427 -0.445324
vn 0.041065 0.894428 -0.445323
vn 0.041065 0.894428 -0.445323
vn 0.041065 0.894428 -0.445323
vn -0.358713 0.894426 0.267070
vn -0.358713 0.894426 0.267070
vn -0.358713 0.894426 0.267070
vn -0.358711 0.894427 0.267069
vn -0.358711 0.894427 0.267069
vn -0.358711 0.894427 0.267069
vn 0.419568 0.894428 -0.154797
vn 0.419568 0.894428 -0.154797
vn 0.419568 0.894428 -0.154797
vn 0.419569 0.894427 -0.154798
vn 0.419569 0.894427 -0.154798
vn 0.419569 0.894427 -0.154798
vn -0.385096 0.894427 -0.227378
vn -0.385096 0.894427 -0.227378
vn -0.385096 0.894427 -0.227378
vn -0.385099 0.894426 -0.227380
vn -0.385099 0.894426 -0.227380
vn -0.385099 0.894426 -0.227380
vn -0.041065 0.894427 0.445325
vn -0.041065 0.894427 0.445325
vn -0.041065 0.894427 0.445325
vn -0.041065 0.894426 0.445326
vn -0.041065 0.894426 0.445326
vn -0.041065 0.894426 0.445326
vn 0.238893 0.894427 -0.378062
vn 0.238893 0.894427 -0.378062
vn 0.238893 0.894427 -0.378062
vn 0.238893 0.894427 -0.378062
vn 0.238893 0.894427 -0.378062
vn 0.238893 0.894427 -0.378062
vn -0.445321 0.894427 0.041094
vn -0.445321 0.894427 0.041094
vn -0.445321 0.894427 0.041094
vn -0.445325 0.894425 0.041095
vn -0.445325 0.894425 0.041095
vn -0.445325 0.894425 0.041095
vn 0.322936 0.894428 0.309373
vn 0.322936 0.894428 0.309373
vn 0.322936 0.894428 0.309373
vn 0.322939 0.894426 0.309375
vn 0.322939 0.894426 0.309375
vn 0.322939 0.894426 0.309375
vn 0.223608 0.894426 0.387300
vn 0.223608 0.894426 0.387300
vn 0.223608 0.894426 0.387300
vn 0.223607 0.894427 0.387299
vn 0.223607 0.894427 0.387299
vn 0.223607 0.894427 0.387299
vn 0.404813 0.894427 -0.190071
vn 0.404813 0.894427 -0.190071
vn 0.404813 0.894427 -0.190071
vn 0.404810 0.894429 -0.190069
vn 0.404810 0.894429 -0.190069
vn 0.404810 0.894429 -0.190069
vn -0.438434 0.894426 0.088196
vn -0.438434 0.894426 0.088196
vn -0.438434 0.894426 0.088196
vn -0.438428 0.894429 0.088195
vn -0.438428 0.894429 0.088195
vn -0.438428 0.894429 0.088195
vn -0.420242 0.894428 -0.152956
vn -0.420242 0.894428 -0.152956
vn -0.420242 0.894428 -0.152956
vn -0.420242 0.894428 -0.152956
vn -0.420242 0.894428 -0.152956
vn -0.420242 0.894428 -0.152956
vn -0.112131 0.894428 0.432927
vn -0.112131 0.894428 0.432927
vn -0.112131 0.894428 0.432927
vn -0.112132 0.894426 0.432931
vn -0.112132 0.894426 0.432931
vn -0.112132 0.894426 0.432931
vn 0.405305 0.894427 -0.189019
vn 0.405305 0.894427 -0.189019
vn 0.405305 0.894427 -0.189019
vn 0.405303 0.894428 -0.189017
vn 0.405303 0.894428 -0.189017
vn 0.405303 0.894428 -0.189017
vn 0.152955 0.894428 -0.420243
vn 0.152955 0.894428 -0.420243
vn 0.152955 0.894428 -0.420243
vn 0.152955 0.894429 -0.420240
vn 0.152955 0.894429 -0.420240
vn 0.152955 0.894429 -0.420240
vn -0.431162 0.894427 -0.118745
vn -0.431162 0.894427 -0.118745
vn -0.431162 0.894427 -0.118745
vn -0.431161 0.894427 -0.118745
vn -0.431161 0.894427 -0.118745
vn -0.431161 0.894427 -0.118745
vn 0.223608 0.894426 0.387300
vn 0.223608 0.894426 0.387300
vn 0.223608 0.894426 0.387300
vn 0.223607 0.894427 0.387298
vn 0.223607 0.894427 0.387298
vn 0.223607 0.894427 0.387298
vn 0.404849 0.894426 0.189999
vn 0.404849 0.894426 0.189999
vn 0.404849 0.894426 0.189999
vn 0.404848 0.894427 0.189998
vn 0.404848 0.894427 0.189998
vn 0.404848 0.894427 0.189998
vn 0.047221 0.894427 -0.444713
vn 0.047221 0.894427 -0.444713
vn 0.047221 0.894427 -0.444713
vn 0.047220 0.894427 -0.444714
vn 0.047220 0.894427 -0.444714
vn 0.047220 0.894427 -0.444714
vn -0.418978 0.894428 0.156387
vn -0.418978 0.894428 0.156387
vn -0.418978 0.894428 0.156387
vn -0.418978 0.894427 0.156387
vn -0.418978 0.894427 0.156387
vn -0.418978 0.894427 0.156387
vn 0.000000 0.894427 -0.447214
vn 0.000000 0.894427 -0.447214
vn 0.000000 0.894427 -0.447214
vn 0.000000 0.894427 -0.447214
vn 0.000000 0.894427 -0.447214
vn 0.000000 0.894427 -0.447214
vn -0.404812 0.894428 0.190070
vn -0.404812 0.894428 0.190070
vn -0.404812 0.894428 0.190070
vn -0.404811 0.894428 0.190069
vn -0.404811 0.894428 0.190069
vn -0.404811 0.894428 0.190069
vn 0.345446 0.894427 0.284019
vn 0.345446 0.894427 0.284019
vn 0.345446 0.894427 0.284019
vn 0.345445 0.894428 0.284018
vn 0.345445 0.894428 0.284018
vn 0.345445 0.894428 0.284018
vn -0.446059 0.894427 -0.032118
vn -0.446059 0.894427 -0.032118
vn -0.446059 0.894427 -0.032118
vn -0.446059 0.894427 -0.032118
vn -0.446059 0.894427 -0.032118
vn -0.446059 0.894427 -0.032118
vn 0.230470 0.894426 0.383256
vn 0.230470 0.894426 0.383256
vn 0.230470 0.894426 0.383256
vn 0.230468 0.894428 0.383253
vn 0.230468 0.894428 0.383253
vn 0.230468 0.894428 0.383253
vn 0.316229 0.894426 -0.316229
vn 0.316229 0.894426 -0.316229
vn 0.316229 0.894426 -0.316229
vn 0.316228 0.894427 -0.316228
vn 0.316228 0.894427 -0.316228
vn 0.316228 0.894427 -0.316228
vn -0.442827 0.894427 -0.062493
vn -0.442827 0.894427 -0.062493
vn -0.442827 0.894427 -0.062493
vn -0.442828 0.894426 -0.062493
vn -0.442828 0.894426 -0.062493
vn -0.442828 0.894426 -0.062493
vn 0.180289 0.894427 0.409263
vn 0.180289 0.894427 0.409263
vn 0.180289 0.894427 0.409263
vn 0.180288 0.894427 0.409263
vn 0.180288 0.894427 0.409263
vn 0.180288 0.894427 0.409263
vn 0.276118 0.894427 -0.351794
vn 0.276118 0.894427 -0.351794
vn 0.276118 0.894427 -0.351794
vn 0.276120 0.894425 -0.351797
vn 0.276120 0.894425 -0.351797
vn 0.276120 0.894425 -0.351797
vn -0.323222 0.894426 0.309079
vn -0.323222 0.894426 0.309079
vn -0.323222 0.894426 0.309079
vn -0.323223 0.894425 0.309080
vn -0.323223 0.894425 0.309080
vn -0.323223 0.894425 0.309080
vn 0.442827 0.894427 0.062493
vn 0.442827 0.894427 0.062493
vn 0.442827 0.894427 0.062493
vn 0.442825 0.894428 0.062492
vn 0.442825 0.894428 0.062492
vn 0.442825 0.894428 0.062492
vn -0.096197 0.894427 -0.436745
vn -0.096197 0.894427 -0.436745
vn -0.096197 0.894427 -0.436745
vn -0.096197 0.894428 -0.436744
vn -0.096197 0.894428 -0.436744
vn -0.096197 0.894428 -0.436744
vn -0.250619 0.894427 0.370393
vn -0.250619 0.894427 0.370393
vn -0.250619 0.894427 0.370393
vn -0.250618 0.894428 0.370390
vn -0.250618 0.894428 0.370390
vn -0.250618 0.894428 0.370390
vn 0.445894 0.894427 -0.034327
vn 0.445894 0.894427 -0.034327
vn 0.445894 0.894427 -0.034327
vn 0.445894 0.894427 -0.034327
vn 0.445894 0.894427 -0.034327
vn 0.445894 0.894427 -0.034327
vn -0.244535 0.894426 -0.374440
vn -0.244535 0.894426 -0.374440
vn -0.244535 0.894426 -0.374440
vn -0.244531 0.894429 -0.374436
vn -0.244531 0.894429 -0.374436
vn -0.244531 0.894429 -0.374436
vn -0.429485 0.894428 0.124664
vn -0.429485 0.894428 0.124664
vn -0.429485 0.894428 0.124664
vn -0.429490 0.894426 0.124666
vn -0.429490 0.894426 0.124666
vn -0.429490 0.894426 0.124666
vn 0.399957 0.894427 0.200086
vn 0.399957 0.894427 0.200086
vn 0.399957 0.894427 0.200086
vn 0.399956 0.894428 0.200085
vn 0.399956 0.894428 0.200085
vn 0.399956 0.894428 0.200085
vn 0.110720 0.894427 -0.433292
vn 0.110720 0.894427 -0.433292
vn 0.110720 0.894427 -0.433292
vn 0.110720 0.894429 -0.433287
vn 0.110720 0.894429 -0.433287
vn 0.110720 0.894429 -0.433287
vn -0.370393 0.894427 0.250619
vn -0.370393 0.894427 0.250619
vn -0.370393 0.894427 0.250619
vn -0.370392 0.894428 0.250618
vn -0.370392 0.894428 0.250618
vn -0.370392 0.894428 0.250618
vn 0.399955 0.894428 0.200085
vn 0.399955 0.894428 0.200085
vn 0.399955 0.894428 0.200085
vn 0.399955 0.894428 0.200085
vn 0.399955 0.894428 0.200085
vn 0.399955 0.894428 0.200085
vn -0.099760 0.894427 -0.435945
vn -0.099760 0.894427 -0.435945
vn -0.099760 0.894427 -0.435945
vn -0.099760 0.894427 -0.435945
vn -0.099760 0.894427 -0.435945
vn -0.099760 0.894427 -0.435945
vn -0.433707 0.894425 0.109093
vn -0.433707 0.894425 0.109093
vn -0.433707 0.894425 0.109093
vn -0.433699 0.894430 0.109090
vn -0.433699 0.894430 0.109090
vn -0.433699 0.894430 0.109090
vn 0.334199 0.894427 0.297171
vn 0.334199 0.894427 0.297171
vn 0.334199 0.894427 0.297171
vn 0.334194 0.894431 0.297167
vn 0.334194 0.894431 0.297167
vn 0.334194 0.894431 0.297167
vn 0.143521 0.894428 -0.423557
vn 0.143521 0.894428 -0.423557
vn 0.143521 0.894428 -0.423557
vn 0.143521 0.894428 -0.423556
vn 0.143521 0.894428 -0.423556
vn 0.143521 0.894428 -0.423556
vn -0.223608 0.894426 -0.387300
vn -0.223608 0.894426 -0.387300
vn -0.223608 0.894426 -0.387300
vn -0.223607 0.894427 -0.387299
vn -0.223607 0.894427 -0.387299
vn -0.223607 0.894427 -0.387299
vn -0.238893 0.894427 0.378061
vn -0.238893 0.894427 0.378061
vn -0.238893 0.894427 0.378061
vn -0.238892 0.894428 0.378059
vn -0.238892 0.894428 0.378059
vn -0.238892 0.894428 0.378059
vn 0.447213 0.894427 0.000000
vn 0.447213 0.894427 0.000000
vn 0.447213 0.894427 0.000000
vn 0.447216 0.894426 0.000000
vn 0.447216 0.894426 0.000000
vn 0.447216 0.894426 0.000000
vn 0.178813 0.894427 0.409909
vn 0.178813 0.894427 0.409909
vn 0.178813 0.894427 0.409909
vn 0.178813 0.894428 0.409908
vn 0.178813 0.894428 0.409908
vn 0.178813 0.894428 0.409908
vn 0.178813 0.894428 -0.409908
vn 0.178813 0.894428 -0.409908
vn 0.178813 0.894428 -0.409908
vn 0.178814 0.894427 -0.409910
vn 0.178814 0.894427 -0.409910
vn 0.178814 0.894427 -0.409910
vn -0.447215 0.894427 0.000000
vn -0.447215 0.894427 0.000000
vn -0.447215 0.894427 0.000000
vn -0.447214 0.894427 0.000000
vn -0.447214 0.894427 0.000000
vn -0.447214 0.894427 0.000000
vn -0.178812 0.894428 -0.409907
vn -0.178812 0.894428 -0.409907
vn -0.178812 0.894428 -0.409907
vn -0.178813 0.894427 -0.409909
vn -0.178813 0.894427 -0.409909
vn -0.178813 0.894427 -0.409909
vn -0.152956 0.894427 0.420243
vn -0.152956 0.894427 0.420243
vn -0.152956 0.894427 0.420243
vn -0.152956 0.894428 0.420243
vn -0.152956 0.894428 0.420243
vn -0.152956 0.894428 0.420243
vn 0.433289 0.894428 0.110720
vn 0.433289 0.894428 0.110720
vn 0.433289 0.894428 0.110720
vn 0.433290 0.894428 0.110720
vn 0.433290 0.894428 0.110720
vn 0.433290 0.894428 0.110720
vn -0.322937 0.894427 -0.309374
vn -0.322937 0.894427 -0.309374
vn -0.322937 0.894427 -0.309374
vn -0.322939 0.894426 -0.309375
vn -0.322939 0.894426 -0.309375
vn -0.322939 0.894426 -0.309375
vn -0.152956 0.894427 0.420243
vn -0.152956 0.894427 0.420243
vn -0.152956 0.894427 0.420243
vn -0.152956 0.894427 0.420244
vn -0.152956 0.894427 0.420244
vn -0.152956 0.894427 0.420244
vn 0.447215 0.894427 0.000000
vn 0.447215 0.894427 0.000000
vn 0.447215 0.894427 0.000000
vn 0.447213 0.894427 0.000000
vn 0.447213 0.894427 0.000000
vn 0.447213 0.894427 0.000000
vn -0.322936 0.894428 -0.309372
vn -0.322936 0.894428 -0.309372
vn -0.322936 0.894428 -0.309372
vn -0.322936 0.894428 -0.309373
vn -0.322936 0.894428 -0.309373
vn -0.322936 0.894428 -0.309373
vn -0.238893 0.894427 0.378062
vn -0.238893 0.894427 0.378062
vn -0.238893 0.894427 0.378062
vn -0.238892 0.894427 0.378061
vn -0.238892 0.894427 0.378061
vn -0.238892 0.894427 0.378061
vn 0.445322 0.894427 -0.041095
vn 0.445322 0.894427 -0.041095
vn 0.445322 0.894427 -0.041095
vn 0.445324 0.894426 -0.041095
vn 0.445324 0.894426 -0.041095
vn 0.445324 0.894426 -0.041095
vn 0.358710 0.894428 -0.267068
vn 0.358710 0.894428 -0.267068
vn 0.358710 0.894428 -0.267068
vn 0.358709 0.894429 -0.267067
vn 0.358709 0.894429 -0.267067
vn 0.358709 0.894429 -0.267067
vn -0.445320 0.894428 0.041094
vn -0.445320 0.894428 0.041094
vn -0.445320 0.894428 0.041094
vn -0.445325 0.894425 0.041095
vn -0.445325 0.894425 0.041095
vn -0.445325 0.894425 0.041095
vn 0.223606 0.894428 0.387296
vn 0.223606 0.894428 0.387296
vn 0.223606 0.894428 0.387296
vn 0.223606 0.894428 0.387298
vn 0.223606 0.894428 0.387298
vn 0.223606 0.894428 0.387298
vn -0.152955 0.894428 0.420242
vn -0.152955 0.894428 0.420242
vn -0.152955 0.894428 0.420242
vn -0.152956 0.894427 0.420244
vn -0.152956 0.894427 0.420244
vn -0.152956 0.894427 0.420244
vn 0.418977 0.894428 -0.156387
vn 0.418977 0.894428 -0.156387
vn 0.418977 0.894428 -0.156387
vn 0.418978 0.894427 -0.156387
vn 0.418978 0.894427 -0.156387
vn 0.418978 0.894427 -0.156387
vn -0.418038 0.894427 -0.158887
vn -0.418038 0.894427 -0.158887
vn -0.418038 0.894427 -0.158887
vn -0.418037 0.894427 -0.158887
vn -0.418037 0.894427 -0.158887
vn -0.418037 0.894427 -0.158887
vn -0.433288 0.894429 -0.110720
vn -0.433288 0.894429 -0.110720
vn -0.433288 0.894429 -0.110720
vn -0.433297 0.894424 -0.110722
vn -0.433297 0.894424 -0.110722
vn -0.433297 0.894424 -0.110722
vn 0.178814 0.894426 0.409911
vn 0.178814 0.894426 0.409911
vn 0.178814 0.894426 0.409911
vn 0.178815 0.894425 0.409913
vn 0.178815 0.894425 0.409913
vn 0.178815 0.894425 0.409913
vn 0.381987 0.894429 -0.232556
vn 0.381987 0.894429 -0.232556
vn 0.381987 0.894429 -0.232556
vn 0.381988 0.894429 -0.232557
vn 0.381988 0.894429 -0.232557
vn 0.381988 0.894429 -0.232557
vn -0.433291 0.894427 -0.110720
vn -0.433291 0.894427 -0.110720
vn -0.433291 0.894427 -0.110720
vn -0.433291 0.894427 -0.110720
vn -0.433291 0.894427 -0.110720
vn -0.433291 0.894427 -0.110720
vn -0.152956 0.894426 0.420245
vn -0.152956 0.894426 0.420245
vn -0.152956 0.894426 0.420245
vn -0.152956 0.894427 0.420243
vn -0.152956 0.894427 0.420243
vn -0.152956 0.894427 0.420243
vn 0.381991 0.894427 -0.232558
vn 0.381991 0.894427 -0.232558
vn 0.381991 0.894427 -0.232558
vn 0.381989 0.894428 -0.232557
vn 0.381989 0.894428 -0.232557
vn 0.381989 0.894428 -0.232557
vn 0.152956 0.894428 -0.420242
vn 0.152956 0.894428 -0.420242
vn 0.152956 0.894428 -0.420242
vn 0.152956 0.894428 -0.420242
vn 0.152956 0.894428 -0.420242
vn 0.152956 0.894428 -0.420242
vn -0.445321 0.894427 0.041095
vn -0.445321 0.894427 0.041095
vn -0.445321 0.894427 0.041095
vn -0.445320 0.894428 0.041094
vn -0.445320 0.894428 0.041094
vn -0.445320 0.894428 0.041094
vn 0.385096 0.894427 0.227378
vn 0.385096 0.894427 0.227378
vn 0.385096 0.894427 0.227378
vn 0.385095 0.894428 0.227377
vn 0.385095 0.894428 0.227377
vn 0.385095 0.894428 0.227377
vn 0.447213 0.894428 0.000000
vn 0.447213 0.894428 0.000000
vn 0.447213 0.894428 0.000000
vn 0.447214 0.894427 0.000000
vn 0.447214 0.894427 0.000000
vn 0.447214 0.894427 0.000000
vn -0.216513 0.894426 -0.391311
vn -0.216513 0.894426 -0.391311
vn -0.216513 0.894426 -0.391311
vn -0.216512 0.894427 -0.391310
vn -0.216512 0.894427 -0.391310
vn -0.216512 0.894427 -0.391310
vn -0.316229 0.894426 0.316229
vn -0.316229 0.894426 0.316229
vn -0.316229 0.894426 0.316229
vn -0.316226 0.894429 0.316226
vn -0.316226 0.894429 0.316226
vn -0.316226 0.894429 0.316226
vn 0.316225 0.894429 0.316225
vn 0.316225 0.894429 0.316225
vn 0.316225 0.894429 0.316225
vn 0.316228 0.894427 0.316228
vn 0.316228 0.894427 0.316228
vn 0.316228 0.894427 0.316228
vn 0.012992 0.894428 -0.447023
vn 0.012992 0.894428 -0.447023
vn 0.012992 0.894428 -0.447023
vn 0.012991 0.894426 -0.447027
vn 0.012991 0.894426 -0.447027
vn 0.012991 0.894426 -0.447027
vn -0.411892 0.894428 0.174194
vn -0.411892 0.894428 0.174194
vn -0.411892 0.894428 0.174194
vn -0.411895 0.894426 0.174195
vn -0.411895 0.894426 0.174195
vn -0.411895 0.894426 0.174195
vn 0.223235 0.894428 0.387510
vn 0.223235 0.894428 0.387510
vn 0.223235 0.894428 0.387510
vn 0.223238 0.894426 0.387514
vn 0.223238 0.894426 0.387514
vn 0.223238 0.894426 0.387514
vn 0.223234 0.894429 -0.387508
vn 0.223234 0.894429 -0.387508
vn 0.223234 0.894429 -0.387508
vn 0.223236 0.894427 -0.387512
vn 0.223236 0.894427 -0.387512
vn 0.223236 0.894427 -0.387512
vn -0.447215 0.894427 0.000000
vn -0.447215 0.894427 0.000000
vn -0.447215 0.894427 0.000000
vn -0.447213 0.894427 0.000000
vn -0.447213 0.894427 0.000000
vn -0.447213 0.894427 0.000000
vn 0.138430 0.894427 0.425251
vn 0.138430 0.894427 0.425251
vn 0.138430 0.894427 0.425251
vn 0.138428 0.894429 0.425247
vn 0.138428 0.894429 0.425247
vn 0.138428 0.894429 0.425247
vn 0.344186 0.894429 -0.285541
vn 0.344186 0.894429 -0.285541
vn 0.344186 0.894429 -0.285541
vn 0.344185 0.894429 -0.285540
vn 0.344185 0.894429 -0.285540
vn 0.344185 0.894429 -0.285540
vn -0.406518 0.894426 -0.186399
vn -0.406518 0.894426 -0.186399
vn -0.406518 0.894426 -0.186399
vn -0.406517 0.894427 -0.186399
vn -0.406517 0.894427 -0.186399
vn -0.406517 0.894427 -0.186399
vn 0.429486 0.894428 -0.124664
vn 0.429486 0.894428 -0.124664
vn 0.429486 0.894428 -0.124664
vn 0.429483 0.894429 -0.124663
vn 0.429483 0.894429 -0.124663
vn 0.429483 0.894429 -0.124663
vn -0.223608 0.894426 -0.387300
vn -0.223608 0.894426 -0.387300
vn -0.223608 0.894426 -0.387300
vn -0.223606 0.894428 -0.387298
vn -0.223606 0.894428 -0.387298
vn -0.223606 0.894428 -0.387298
vn -0.270236 0.894426 0.356335
vn -0.270236 0.894426 0.356335
vn -0.270236 0.894426 0.356335
vn -0.270233 0.894429 0.356331
vn -0.270233 0.894429 0.356331
vn -0.270233 0.894429 0.356331
vn -0.276116 0.894428 0.351792
vn -0.276116 0.894428 0.351792
vn -0.276116 0.894428 0.351792
vn -0.276117 0.894427 0.351794
vn -0.276117 0.894427 0.351794
vn -0.276117 0.894427 0.351794
vn 0.447215 0.894427 0.000000
vn 0.447215 0.894427 0.000000
vn 0.447215 0.894427 0.000000
vn 0.447215 0.894427 0.000000
vn 0.447215 0.894427 0.000000
vn 0.447215 0.894427 0.000000
vn -0.230469 0.894427 -0.383255
vn -0.230469 0.894427 -0.383255
vn -0.230469 0.894427 -0.383255
vn -0.230468 0.894428 -0.383253
vn -0.230468 0.894428 -0.383253
vn -0.230468 0.894428 -0.383253
vn 0.096197 0.894427 0.436746
vn 0.096197 0.894427 0.436746
vn 0.096197 0.894427 0.436746
vn 0.096198 0.894427 0.436746
vn 0.096198 0.894427 0.436746
vn 0.096198 0.894427 0.436746
vn 0.276116 0.894428 -0.351792
vn 0.276116 0.894428 -0.351792
vn 0.276116 0.894428 -0.351792
vn 0.276117 0.894428 -0.351793
vn 0.276117 0.894428 -0.351793
vn 0.276117 0.894428 -0.351793
vn -0.440421 0.894426 -0.077658
vn -0.440421 0.894426 -0.077658
vn -0.440421 0.894426 -0.077658
vn -0.440420 0.894427 -0.077658
vn -0.440420 0.894427 -0.077658
vn -0.440420 0.894427 -0.077658
vn 0.422000 0.894427 0.148044
vn 0.422000 0.894427 0.148044
vn 0.422000 0.894427 0.148044
vn 0.421998 0.894428 0.148043
vn 0.421998 0.894428 0.148043
vn 0.421998 0.894428 0.148043
vn 0.000000 0.894427 -0.447214
vn 0.000000 0.894427 -0.447214
vn 0.000000 0.894427 -0.447214
vn 0.000000 0.894427 -0.447214
vn 0.000000 0.894427 -0.447214
vn 0.000000 0.894427 -0.447214
vn -0.394692 0.894426 0.210285
vn -0.394692 0.894426 0.210285
vn -0.394692 0.894426 0.210285
vn -0.394689 0.894428 0.210283
vn -0.394689 0.894428 0.210283
vn -0.394689 0.894428 0.210283
vn 0.404808 0.894430 -0.190068
vn 0.404808 0.894430 -0.190068
vn 0.404808 0.894430 -0.190068
vn 0.404812 0.894428 -0.190070
vn 0.404812 0.894428 -0.190070
vn 0.404812 0.894428 -0.190070
vn -0.396607 0.894426 -0.206650
vn -0.396607 0.894426 -0.206650
vn -0.396607 0.894426 -0.206650
vn -0.396605 0.894428 -0.206649
vn -0.396605 0.894428 -0.206649
vn -0.396605 0.894428 -0.206649
vn 0.223608 0.894426 0.387300
vn 0.223608 0.894426 0.387300
vn 0.223608 0.894426 0.387300
vn 0.223605 0.894429 0.387296
vn 0.223605 0.894429 0.387296
vn 0.223605 0.894429 0.387296
vn 0.000000 0.894427 0.447214
vn 0.000000 0.894427 0.447214
vn 0.000000 0.894427 0.447214
vn 0.000000 0.894427 0.447214
vn 0.000000 0.894427 0.447214
vn 0.000000 0.894427 0.447214
vn 0.323219 0.894428 -0.309076
vn 0.323219 0.894428 -0.309076
vn 0.323219 0.894428 -0.309076
vn 0.323220 0.894427 -0.309077
vn 0.323220 0.894427 -0.309077
vn 0.323220 0.894427 -0.309077
vn -0.440416 0.894429 -0.077657
vn -0.440416 0.894429 -0.077657
vn -0.440416 0.894429 -0.077657
vn -0.440419 0.894428 -0.077658
vn -0.440419 0.894428 -0.077658
vn -0.440419 0.894428 -0.077658
vn 0.440420 0.894427 0.077658
vn 0.440420 0.894427 0.077658
vn 0.440420 0.894427 0.077658
vn 0.440418 0.894428 0.077658
vn 0.440418 0.894428 0.077658
vn 0.440418 0.894428 0.077658
vn -0.099761 0.894427 -0.435945
vn -0.099761 0.894427 -0.435945
vn -0.099761 0.894427 -0.435945
vn -0.099760 0.894428 -0.435944
vn -0.099760 0.894428 -0.435944
vn -0.099760 0.894428 -0.435944
vn -0.344190 0.894426 0.285544
vn -0.344190 0.894426 0.285544
vn -0.344190 0.894426 0.285544
vn -0.344189 0.894427 0.285543
vn -0.344189 0.894427 0.285543
vn -0.344189 0.894427 0.285543
vn -0.447214 0.894427 0.000000
vn -0.447214 0.894427 0.000000
vn -0.447214 0.894427 0.000000
vn -0.447212 0.894428 0.000000
vn -0.447212 0.894428 0.000000
vn -0.447212 0.894428 0.000000
vn 0.223607 0.894427 0.387298
vn 0.223607 0.894427 0.387298
vn 0.223607 0.894427 0.387298
vn 0.223606 0.894428 0.387297
vn 0.223606 0.894428 0.387297
vn 0.223606 0.894428 0.387297
vn 0.238893 0.894427 -0.378061
vn 0.238893 0.894427 -0.378061
vn 0.238893 0.894427 -0.378061
vn 0.238894 0.894426 -0.378064
vn 0.238894 0.894426 -0.378064
vn 0.238894 0.894426 -0.378064
vn -0.322936 0.894428 -0.309373
vn -0.322936 0.894428 -0.309373
vn -0.322936 0.894428 -0.309373
vn -0.322935 0.894428 -0.309372
vn -0.322935 0.894428 -0.309372
vn -0.322935 0.894428 -0.309372
vn -0.238893 0.894427 0.378061
vn -0.238893 0.894427 0.378061
vn -0.238893 0.894427 0.378061
vn -0.238894 0.894426 0.378063
vn -0.238894 0.894426 0.378063
vn -0.238894 0.894426 0.378063
vn 0.445319 0.894429 -0.041094
vn 0.445319 0.894429 -0.041094
vn 0.445319 0.894429 -0.041094
vn 0.445327 0.894424 -0.041095
vn 0.445327 0.894424 -0.041095
vn 0.445327 0.894424 -0.041095
vn -0.447213 0.894427 0.000000
vn -0.447213 0.894427 0.000000
vn -0.447213 0.894427 0.000000
vn -0.447213 0.894427 0.000000
vn -0.447213 0.894427 0.000000
vn -0.447213 0.894427 0.000000
vn 0.322937 0.894427 0.309373
vn 0.322937 0.894427 0.309373
vn 0.322937 0.894427 0.309373
vn 0.322939 0.894426 0.309375
vn 0.322939 0.894426 0.309375
vn 0.322939 0.894426 0.309375
vn 0.152956 0.894427 -0.420243
vn 0.152956 0.894427 -0.420243
vn 0.152956 0.894427 -0.420243
vn 0.152956 0.894427 -0.420244
vn 0.152956 0.894427 -0.420244
vn 0.152956 0.894427 -0.420244
vn 0.000000 0.894427 0.447214
vn 0.000000 0.894427 0.447214
vn 0.000000 0.894427 0.447214
vn 0.000000 0.894427 0.447214
vn 0.000000 0.894427 0.447214
vn 0.000000 0.894427 0.447214
vn 0.411893 0.894428 -0.174194
vn 0.411893 0.894428 -0.174194
vn 0.411893 0.894428 -0.174194
vn 0.411895 0.894427 -0.174195
vn 0.411895 0.894427 -0.174195
vn 0.411895 0.894427 -0.174195
vn -0.262072 0.894429 -0.362374
vn -0.262072 0.894429 -0.362374
vn -0.262072 0.894429 -0.362374
vn -0.262075 0.894427 -0.362377
vn -0.262075 0.894427 -0.362377
vn -0.262075 0.894427 -0.362377
vn 0.000000 0.894427 0.447214
vn 0.000000 0.894427 0.447214
vn 0.000000 0.894427 0.447214
vn 0.000000 0.894427 0.447214
vn 0.000000 0.894427 0.447214
vn 0.000000 0.894427 0.447214
vn 0.447213 0.894427 0.000000
vn 0.447213 0.894427 0.000000
vn 0.447213 0.894427 0.000000
vn 0.447215 0.894427 0.000000
vn 0.447215 0.894427 0.000000
vn 0.447215 0.894427 0.000000
vn -0.180289 0.894427 -0.409263
vn -0.180289 0.894427 -0.409263
vn -0.180289 0.894427 -0.409263
vn -0.180289 0.894427 -0.409264
vn -0.180289 0.894427 -0.409264
vn -0.180289 0.894427 -0.409264
vn -0.338321 0.894428 -0.292469
vn -0.338321 0.894428 -0.292469
vn -0.338321 0.894428 -0.292469
vn -0.338322 0.894427 -0.292470
vn -0.338322 0.894427 -0.292470
vn -0.338322 0.894427 -0.292470
vn -0.359340 0.894428 0.266222
vn -0.359340 0.894428 0.266222
vn -0.359340 0.894428 0.266222
vn -0.359341 0.894427 0.266222
vn -0.359341 0.894427 0.266222
vn -0.359341 0.894427 0.266222
vn 0.447212 0.894428 0.000000
vn 0.447212 0.894428 0.000000
vn 0.447212 0.894428 0.000000
vn 0.447214 0.894427 0.000000
vn 0.447214 0.894427 0.000000
vn 0.447214 0.894427 0.000000
vn 0.042956 0.894427 -0.445147
vn 0.042956 0.894427 -0.445147
vn 0.042956 0.894427 -0.445147
vn 0.042956 0.894428 -0.445145
vn 0.042956 0.894428 -0.445145
vn 0.042956 0.894428 -0.445145
vn -0.404813 0.894427 0.190071
vn -0.404813 0.894427 0.190071
vn -0.404813 0.894427 0.190071
vn -0.404809 0.894429 0.190069
vn -0.404809 0.894429 0.190069
vn -0.404809 0.894429 0.190069
vn 0.396607 0.894426 0.206650
vn 0.396607 0.894426 0.206650
vn 0.396607 0.894426 0.206650
vn 0.396607 0.894426 0.206650
vn 0.396607 0.894426 0.206650
vn 0.396607 0.894426 0.206650
vn -0.447212 0.894428 0.000000
vn -0.447212 0.894428 0.000000
vn -0.447212 0.894428 0.000000
vn -0.447213 0.894427 0.000000
vn -0.447213 0.894427 0.000000
vn -0.447213 0.894427 0.000000
vn 0.322936 0.894428 0.309373
vn 0.322936 0.894428 0.309373
vn 0.322936 0.894428 0.309373
vn 0.322937 0.894427 0.309374
vn 0.322937 0.894427 0.309374
vn 0.322937 0.894427 0.309374
vn 0.152957 0.894426 -0.420246
vn 0.152957 0.894426 -0.420246
vn 0.152957 0.894426 -0.420246
vn 0.152956 0.894427 -0.420243
vn 0.152956 0.894427 -0.420243
vn 0.152956 0.894427 -0.420243
vn -0.417942 0.894427 0.159140
vn -0.417942 0.894427 0.159140
vn -0.417942 0.894427 0.159140
vn -0.417941 0.894427 0.159139
vn -0.417941 0.894427 0.159139
vn -0.417941 0.894427 0.159139
vn 0.399957 0.894427 0.200086
vn 0.399957 0.894427 0.200086
vn 0.399957 0.894427 0.200086
vn 0.399957 0.894427 0.200086
vn 0.399957 0.894427 0.200086
vn 0.399957 0.894427 0.200086
vn 0.112131 0.894428 -0.432926
vn 0.112131 0.894428 -0.432926
vn 0.112131 0.894428 -0.432926
vn 0.112131 0.894427 -0.432929
vn 0.112131 0.894427 -0.432929
vn 0.112131 0.894427 -0.432929
vn 0.099761 0.894427 0.435945
vn 0.099761 0.894427 0.435945
vn 0.099761 0.894427 0.435945
vn 0.099761 0.894427 0.435945
vn 0.099761 0.894427 0.435945
vn 0.099761 0.894427 0.435945
vn 0.370389 0.894429 -0.250617
vn 0.370389 0.894429 -0.250617
vn 0.370389 0.894429 -0.250617
vn 0.370392 0.894427 -0.250619
vn 0.370392 0.894427 -0.250619
vn 0.370392 0.894427 -0.250619
vn -0.399958 0.894427 -0.200086
vn -0.399958 0.894427 -0.200086
vn -0.399958 0.894427 -0.200086
vn -0.399959 0.894426 -0.200086
vn -0.399959 0.894426 -0.200086
vn -0.399959 0.894426 -0.200086
vn 0.099759 0.894429 0.435941
vn 0.099759 0.894429 0.435941
vn 0.099759 0.894429 0.435941
vn 0.099761 0.894427 0.435945
vn 0.099761 0.894427 0.435945
vn 0.099761 0.894427 0.435945
vn 0.370391 0.894428 -0.250618
vn 0.370391 0.894428 -0.250618
vn 0.370391 0.894428 -0.250618
vn 0.370394 0.894426 -0.250620
vn 0.370394 0.894426 -0.250620
vn 0.370394 0.894426 -0.250620
vn -0.399959 0.894426 -0.200087
vn -0.399959 0.894426 -0.200087
vn -0.399959 0.894426 -0.200087
vn -0.399960 0.894426 -0.200087
vn -0.399960 0.894426 -0.200087
vn -0.399960 0.894426 -0.200087
vn 0.316227 0.894428 0.316227
vn 0.316227 0.894428 0.316227
vn 0.316227 0.894428 0.316227
vn 0.316228 0.894427 0.316228
vn 0.316228 0.894427 0.316228
vn 0.316228 0.894427 0.316228
vn 0.250617 0.894428 -0.370391
vn 0.250617 0.894428 -0.370391
vn 0.250617 0.894428 -0.370391
vn 0.250618 0.894427 -0.370392
vn 0.250618 0.894427 -0.370392
vn 0.250618 0.894427 -0.370392
vn -0.370391 0.894428 0.250618
vn -0.370391 0.894428 0.250618
vn -0.370391 0.894428 0.250618
vn -0.370393 0.894426 0.250620
vn -0.370393 0.894426 0.250620
vn -0.370393 0.894426 0.250620
vn 0.438430 0.894428 -0.088196
vn 0.438430 0.894428 -0.088196
vn 0.438430 0.894428 -0.088196
vn 0.438433 0.894426 -0.088196
vn 0.438433 0.894426 -0.088196
vn 0.438433 0.894426 -0.088196
vn -0.404848 0.894427 -0.189998
vn -0.404848 0.894427 -0.189998
vn -0.404848 0.894427 -0.189998
vn -0.404849 0.894426 -0.189999
vn -0.404849 0.894426 -0.189999
vn -0.404849 0.894426 -0.189999
vn -0.152956 0.894427 0.420244
vn -0.152956 0.894427 0.420244
vn -0.152956 0.894427 0.420244
vn -0.152955 0.894428 0.420242
vn -0.152955 0.894428 0.420242
vn -0.152955 0.894428 0.420242
vn 0.152956 0.894427 -0.420244
vn 0.152956 0.894427 -0.420244
vn 0.152956 0.894427 -0.420244
vn 0.152957 0.894425 -0.420247
vn 0.152957 0.894425 -0.420247
vn 0.152957 0.894425 -0.420247
vn -0.405305 0.894427 0.189019
vn -0.405305 0.894427 0.189019
vn -0.405305 0.894427 0.189019
vn -0.405305 0.894427 0.189019
vn -0.405305 0.894427 0.189019
vn -0.405305 0.894427 0.189019
vn 0.431160 0.894428 0.118745
vn 0.431160 0.894428 0.118745
vn 0.431160 0.894428 0.118745
vn 0.431160 0.894428 0.118745
vn 0.431160 0.894428 0.118745
vn 0.431160 0.894428 0.118745
vn 0.420244 0.894427 0.152956
vn 0.420244 0.894427 0.152956
vn 0.420244 0.894427 0.152956
vn 0.420244 0.894427 0.152956
vn 0.420244 0.894427 0.152956
vn 0.420244 0.894427 0.152956
vn 0.152956 0.894427 -0.420244
vn 0.152956 0.894427 -0.420244
vn 0.152956 0.894427 -0.420244
vn 0.152956 0.894428 -0.420243
vn 0.152956 0.894428 -0.420243
vn 0.152956 0.894428 -0.420243
vn -0.419569 0.894427 0.154798
vn -0.419569 0.894427 0.154798
vn -0.419569 0.894427 0.154798
vn -0.419567 0.894428 0.154797
vn -0.419567 0.894428 0.154797
vn -0.419567 0.894428 0.154797
vn -0.420247 0.894425 -0.152957
vn -0.420247 0.894425 -0.152957
vn -0.420247 0.894425 -0.152957
vn -0.420243 0.894427 -0.152956
vn -0.420243 0.894427 -0.152956
vn -0.420243 0.894427 -0.152956
vn -0.110720 0.894427 0.433291
vn -0.110720 0.894427 0.433291
vn -0.110720 0.894427 0.433291
vn -0.110720 0.894427 0.433292
vn -0.110720 0.894427 0.433292
vn -0.110720 0.894427 0.433292
vn 0.417940 0.894428 -0.159139
vn 0.417940 0.894428 -0.159139
vn 0.417940 0.894428 -0.159139
vn 0.417938 0.894429 -0.159138
vn 0.417938 0.894429 -0.159138
vn 0.417938 0.894429 -0.159138
vn 0.446059 0.894427 0.032118
vn 0.446059 0.894427 0.032118
vn 0.446059 0.894427 0.032118
vn 0.446059 0.894427 0.032118
vn 0.446059 0.894427 0.032118
vn 0.446059 0.894427 0.032118
vn -0.216511 0.894428 -0.391308
vn -0.216511 0.894428 -0.391308
vn -0.216511 0.894428 -0.391308
vn -0.216512 0.894427 -0.391310
vn -0.216512 0.894427 -0.391310
vn -0.216512 0.894427 -0.391310
vn -0.351794 0.894427 0.276118
vn -0.351794 0.894427 0.276118
vn -0.351794 0.894427 0.276118
vn -0.351795 0.894426 0.276119
vn -0.351795 0.894426 0.276119
vn -0.351795 0.894426 0.276119
vn 0.447214 0.894427 0.000000
vn 0.447214 0.894427 0.000000
vn 0.447214 0.894427 0.000000
vn 0.447216 0.894426 0.000000
vn 0.447216 0.894426 0.000000
vn 0.447216 0.894426 0.000000
vn -0.219933 0.894427 -0.389396
vn -0.219933 0.894427 -0.389396
vn -0.219933 0.894427 -0.389396
vn -0.219933 0.894427 -0.389396
vn -0.219933 0.894427 -0.389396
vn -0.219933 0.894427 -0.389396
vn -0.196330 0.894426 0.401816
vn -0.196330 0.894426 0.401816
vn -0.196330 0.894426 0.401816
vn -0.196328 0.894429 0.401811
vn -0.196328 0.894429 0.401811
vn -0.196328 0.894429 0.401811
vn -0.112535 0.894427 0.432823
vn -0.112535 0.894427 0.432823
vn -0.112535 0.894427 0.432823
vn -0.112535 0.894426 0.432826
vn -0.112535 0.894426 0.432826
vn -0.112535 0.894426 0.432826
vn 0.445895 0.894427 -0.034327
vn 0.445895 0.894427 -0.034327
vn 0.445895 0.894427 -0.034327
vn 0.445895 0.894427 -0.034327
vn 0.445895 0.894427 -0.034327
vn 0.445895 0.894427 -0.034327
vn -0.223606 0.894428 -0.387297
vn -0.223606 0.894428 -0.387297
vn -0.223606 0.894428 -0.387297
vn -0.223605 0.894429 -0.387295
vn -0.223605 0.894429 -0.387295
vn -0.223605 0.894429 -0.387295
vn 0.152956 0.894427 -0.420244
vn 0.152956 0.894427 -0.420244
vn 0.152956 0.894427 -0.420244
vn 0.152957 0.894426 -0.420245
vn 0.152957 0.894426 -0.420245
vn 0.152957 0.894426 -0.420245
vn -0.445896 0.894426 0.034327
vn -0.445896 0.894426 0.034327
vn -0.445896 0.894426 0.034327
vn -0.445894 0.894427 0.034327
vn -0.445894 0.894427 0.034327
vn -0.445894 0.894427 0.034327
vn 0.216510 0.894428 0.391307
vn 0.216510 0.894428 0.391307
vn 0.216510 0.894428 0.391307
vn 0.216511 0.894427 0.391309
vn 0.216511 0.894427 0.391309
vn 0.216511 0.894427 0.391309
vn 0.042956 0.894429 -0.445143
vn 0.042956 0.894429 -0.445143
vn 0.042956 0.894429 -0.445143
vn 0.042956 0.894427 -0.445147
vn 0.042956 0.894427 -0.445147
vn 0.042956 0.894427 -0.445147
vn -0.404815 0.894426 0.190072
vn -0.404815 0.894426 0.190072
vn -0.404815 0.894426 0.190072
vn -0.404815 0.894426 0.190072
vn -0.404815 0.894426 0.190072
vn -0.404815 0.894426 0.190072
vn 0.223606 0.894427 0.387298
vn 0.223606 0.894427 0.387298
vn 0.223606 0.894427 0.387298
vn 0.223608 0.894426 0.387300
vn 0.223608 0.894426 0.387300
vn 0.223608 0.894426 0.387300
vn -0.315821 0.894427 0.316635
vn -0.315821 0.894427 0.316635
vn -0.315821 0.894427 0.316635
vn -0.315823 0.894425 0.316638
vn -0.315823 0.894425 0.316638
vn -0.315823 0.894425 0.316638
vn 0.416048 0.894428 -0.164022
vn 0.416048 0.894428 -0.164022
vn 0.416048 0.894428 -0.164022
vn 0.416051 0.894426 -0.164023
vn 0.416051 0.894426 -0.164023
vn 0.416051 0.894426 -0.164023
vn -0.223606 0.894428 -0.387297
vn -0.223606 0.894428 -0.387297
vn -0.223606 0.894428 -0.387297
vn -0.223608 0.894427 -0.387299
vn -0.223608 0.894427 -0.387299
vn -0.223608 0.894427 -0.387299
vn -0.419810 0.894428 0.154140
vn -0.419810 0.894428 0.154140
vn -0.419810 0.894428 0.154140
vn -0.419812 0.894426 0.154141
vn -0.419812 0.894426 0.154141
vn -0.419812 0.894426 0.154141
vn 0.000000 0.894427 0.447214
vn 0.000000 0.894427 0.447214
vn 0.000000 0.894427 0.447214
vn 0.000000 0.894427 0.447214
vn 0.000000 0.894427 0.447214
vn 0.000000 0.894427 0.447214
vn 0.223386 0.894428 -0.387425
vn 0.223386 0.894428 -0.387425
vn 0.223386 0.894428 -0.387425
vn 0.223387 0.894426 -0.387427
vn 0.223387 0.894426 -0.387427
vn 0.223387 0.894426 -0.387427
vn -0.178814 0.894427 -0.409910
vn -0.178814 0.894427 -0.409910
vn -0.178814 0.894427 -0.409910
vn -0.178813 0.894428 -0.409908
vn -0.178813 0.894428 -0.409908
vn -0.178813 0.894428 -0.409908
vn -0.152957 0.894426 0.420246
vn -0.152957 0.894426 0.420246
vn -0.152957 0.894426 0.420246
vn -0.152957 0.894426 0.420245
vn -0.152957 0.894426 0.420245
vn -0.152957 0.894426 0.420245
vn 0.433289 0.894428 0.110720
vn 0.433289 0.894428 0.110720
vn 0.433289 0.894428 0.110720
vn 0.433298 0.894424 0.110721
vn 0.433298 0.894424 0.110721
vn 0.433298 0.894424 0.110721
vn 0.178814 0.894426 0.409911
vn 0.178814 0.894426 0.409911
vn 0.178814 0.894426 0.409911
vn 0.178813 0.894428 0.409908
vn 0.178813 0.894428 0.409908
vn 0.178813 0.894428 0.409908
vn 0.000000 0.894427 -0.447214
vn 0.000000 0.894427 -0.447214
vn 0.000000 0.894427 -0.447214
vn 0.000000 0.894427 -0.447214
vn 0.000000 0.894427 -0.447214
vn 0.000000 0.894427 -0.447214
vn -0.447213 0.894427 0.000000
vn -0.447213 0.894427 0.000000
vn -0.447213 0.894427 0.000000
vn -0.447214 0.894427 0.000000
vn -0.447214 0.894427 0.000000
vn -0.447214 0.894427 0.000000
vn -0.447212 0.894428 0.000000
vn -0.447212 0.894428 0.000000
vn -0.447212 0.894428 0.000000
vn -0.447212 0.894428 0.000000
vn -0.447212 0.894428 0.000000
vn -0.447212 0.894428 0.000000
vn 0.223609 0.894425 0.387302
vn 0.223609 0.894425 0.387302
vn 0.223609 0.894425 0.387302
vn 0.223606 0.894428 0.387297
vn 0.223606 0.894428 0.387297
vn 0.223606 0.894428 0.387297
vn 0.238893 0.894427 -0.378061
vn 0.238893 0.894427 -0.378061
vn 0.238893 0.894427 -0.378061
vn 0.238892 0.894428 -0.378059
vn 0.238892 0.894428 -0.378059
vn 0.238892 0.894428 -0.378059
vn -0.322935 0.894428 -0.309372
vn -0.322935 0.894428 -0.309372
vn -0.322935 0.894428 -0.309372
vn -0.322935 0.894428 -0.309372
vn -0.322935 0.894428 -0.309372
vn -0.322935 0.894428 -0.309372
vn -0.238891 0.894429 0.378059
vn -0.238891 0.894429 0.378059
vn -0.238891 0.894429 0.378059
vn -0.238893 0.894427 0.378062
vn -0.238893 0.894427 0.378062
vn -0.238893 0.894427 0.378062
vn 0.445321 0.894427 -0.041094
vn 0.445321 0.894427 -0.041094
vn 0.445321 0.894427 -0.041094
vn 0.445325 0.894426 -0.041095
vn 0.445325 0.894426 -0.041095
vn 0.445325 0.894426 -0.041095
vn 0.420242 0.894428 0.152956
vn 0.420242 0.894428 0.152956
vn 0.420242 0.894428 0.152956
vn 0.420242 0.894428 0.152955
vn 0.420242 0.894428 0.152955
vn 0.420242 0.894428 0.152955
vn 0.000000 0.894427 -0.447214
vn 0.000000 0.894427 -0.447214
vn 0.000000 0.894427 -0.447214
vn 0.000000 0.894427 -0.447214
vn 0.000000 0.894427 -0.447214
vn 0.000000 0.894427 -0.447214
vn -0.381993 0.894426 0.232560
vn -0.381993 0.894426 0.232560
vn -0.381993 0.894426 0.232560
vn -0.381990 0.894427 0.232558
vn -0.381990 0.894427 0.232558
vn -0.381990 0.894427 0.232558
vn -0.447213 0.894427 0.000000
vn -0.447213 0.894427 0.000000
vn -0.447213 0.894427 0.000000
vn -0.447215 0.894426 0.000000
vn -0.447215 0.894426 0.000000
vn -0.447215 0.894426 0.000000
vn 0.223606 0.894427 0.387298
vn 0.223606 0.894427 0.387298
vn 0.223606 0.894427 0.387298
vn 0.223607 0.894427 0.387298
vn 0.223607 0.894427 0.387298
vn 0.223607 0.894427 0.387298
vn 0.238893 0.894427 -0.378062
vn 0.238893 0.894427 -0.378062
vn 0.238893 0.894427 -0.378062
vn 0.238893 0.894427 -0.378062
vn 0.238893 0.894427 -0.378062
vn 0.238893 0.894427 -0.378062
vn 0.433703 0.894428 -0.109092
vn 0.433703 0.894428 -0.109092
vn 0.433703 0.894428 -0.109092
vn 0.433703 0.894428 -0.109092
vn 0.433703 0.894428 -0.109092
vn 0.433703 0.894428 -0.109092
vn -0.223605 0.894429 -0.387296
vn -0.223605 0.894429 -0.387296
vn -0.223605 0.894429 -0.387296
vn -0.223608 0.894427 -0.387299
vn -0.223608 0.894427 -0.387299
vn -0.223608 0.894427 -0.387299
vn -0.223236 0.894427 0.387512
vn -0.223236 0.894427 0.387512
vn -0.223236 0.894427 0.387512
vn -0.223238 0.894426 0.387515
vn -0.223238 0.894426 0.387515
vn -0.223238 0.894426 0.387515
vn -0.012991 0.894427 0.447025
vn -0.012991 0.894427 0.447025
vn -0.012991 0.894427 0.447025
vn -0.012992 0.894426 0.447027
vn -0.012992 0.894426 0.447027
vn -0.012992 0.894426 0.447027
vn 0.429483 0.894429 -0.124663
vn 0.429483 0.894429 -0.124663
vn 0.429483 0.894429 -0.124663
vn 0.429488 0.894427 -0.124665
vn 0.429488 0.894427 -0.124665
vn 0.429488 0.894427 -0.124665
vn -0.386331 0.894427 -0.225275
vn -0.386331 0.894427 -0.225275
vn -0.386331 0.894427 -0.225275
vn -0.386332 0.894426 -0.225276
vn -0.386332 0.894426 -0.225276
vn -0.386332 0.894426 -0.225276
vn 0.262074 0.894427 0.362377
vn 0.262074 0.894427 0.362377
vn 0.262074 0.894427 0.362377
vn 0.262074 0.894428 0.362376
vn 0.262074 0.894428 0.362376
vn 0.262074 0.894428 0.362376
vn 0.012991 0.894428 -0.447023
vn 0.012991 0.894428 -0.447023
vn 0.012991 0.894428 -0.447023
vn 0.012991 0.894427 -0.447026
vn 0.012991 0.894427 -0.447026
vn 0.012991 0.894427 -0.447026
vn -0.447214 0.894427 -0.000001
vn -0.447214 0.894427 -0.000001
vn -0.447214 0.894427 -0.000001
vn -0.447213 0.894427 -0.000001
vn -0.447213 0.894427 -0.000001
vn -0.447213 0.894427 -0.000001
vn 0.418037 0.894427 0.158887
vn 0.418037 0.894427 0.158887
vn 0.418037 0.894427 0.158887
vn 0.418038 0.894427 0.158887
vn 0.418038 0.894427 0.158887
vn 0.418038 0.894427 0.158887
vn 0.047220 0.894427 -0.444714
vn 0.047220 0.894427 -0.444714
vn 0.047220 0.894427 -0.444714
vn 0.047220 0.894430 -0.444709
vn 0.047220 0.894430 -0.444709
vn 0.047220 0.894430 -0.444709
vn -0.381990 0.894428 0.232558
vn -0.381990 0.894428 0.232558
vn -0.381990 0.894428 0.232558
vn -0.381990 0.894427 0.232558
vn -0.381990 0.894427 0.232558
vn -0.381990 0.894427 0.232558
vn 0.404816 0.894425 -0.190072
vn 0.404816 0.894425 -0.190072
vn 0.404816 0.894425 -0.190072
vn 0.404813 0.894427 -0.190070
vn 0.404813 0.894427 -0.190070
vn 0.404813 0.894427 -0.190070
vn -0.422001 0.894426 -0.148044
vn -0.422001 0.894426 -0.148044
vn -0.422001 0.894426 -0.148044
vn -0.421996 0.894429 -0.148043
vn -0.421996 0.894429 -0.148043
vn -0.421996 0.894429 -0.148043
vn -0.047220 0.894428 0.444711
vn -0.047220 0.894428 0.444711
vn -0.047220 0.894428 0.444711
vn -0.047221 0.894425 0.444719
vn -0.047221 0.894425 0.444719
vn -0.047221 0.894425 0.444719
vn 0.099760 0.894428 0.435944
vn 0.099760 0.894428 0.435944
vn 0.099760 0.894428 0.435944
vn 0.099761 0.894427 0.435945
vn 0.099761 0.894427 0.435945
vn 0.099761 0.894427 0.435945
vn 0.370391 0.894428 -0.250618
vn 0.370391 0.894428 -0.250618
vn 0.370391 0.894428 -0.250618
vn 0.370392 0.894427 -0.250619
vn 0.370392 0.894427 -0.250619
vn 0.370392 0.894427 -0.250619
vn -0.399958 0.894427 -0.200086
vn -0.399958 0.894427 -0.200086
vn -0.399958 0.894427 -0.200086
vn -0.399961 0.894425 -0.200087
vn -0.399961 0.894425 -0.200087
vn -0.399961 0.894425 -0.200087
vn 0.406517 0.894427 0.186399
vn 0.406517 0.894427 0.186399
vn 0.406517 0.894427 0.186399
vn 0.406514 0.894429 0.186398
vn 0.406514 0.894429 0.186398
vn 0.406514 0.894429 0.186398
vn -0.099761 0.894427 -0.435945
vn -0.099761 0.894427 -0.435945
vn -0.099761 0.894427 -0.435945
vn -0.099760 0.894429 -0.435942
vn -0.099760 0.894429 -0.435942
vn -0.099760 0.894429 -0.435942
vn -0.429489 0.894426 0.124665
vn -0.429489 0.894426 0.124665
vn -0.429489 0.894426 0.124665
vn -0.429486 0.894428 0.124664
vn -0.429486 0.894428 0.124664
vn -0.429486 0.894428 0.124664
vn -0.433291 0.894427 -0.110720
vn -0.433291 0.894427 -0.110720
vn -0.433291 0.894427 -0.110720
vn -0.433286 0.894430 -0.110719
vn -0.433286 0.894430 -0.110719
vn -0.433286 0.894430 -0.110719
vn -0.152956 0.894427 0.420243
vn -0.152956 0.894427 0.420243
vn -0.152956 0.894427 0.420243
vn -0.152956 0.894427 0.420244
vn -0.152956 0.894427 0.420244
vn -0.152956 0.894427 0.420244
vn 0.381993 0.894426 -0.232560
vn 0.381993 0.894426 -0.232560
vn 0.381993 0.894426 -0.232560
vn 0.381990 0.894427 -0.232558
vn 0.381990 0.894427 -0.232558
vn 0.381990 0.894427 -0.232558
vn -0.447215 0.894427 0.000000
vn -0.447215 0.894427 0.000000
vn -0.447215 0.894427 0.000000
vn -0.447213 0.894427 0.000000
vn -0.447213 0.894427 0.000000
vn -0.447213 0.894427 0.000000
vn 0.322937 0.894427 0.309373
vn 0.322937 0.894427 0.309373
vn 0.322937 0.894427 0.309373
vn 0.322937 0.894427 0.309374
vn 0.322937 0.894427 0.309374
vn 0.322937 0.894427 0.309374
vn 0.152956 0.894428 -0.420242
vn 0.152956 0.894428 -0.420242
vn 0.152956 0.894428 -0.420242
vn 0.152956 0.894427 -0.420243
vn 0.152956 0.894427 -0.420243
vn 0.152956 0.894427 -0.420243
vn 0.338322 0.894427 0.292470
vn 0.338322 0.894427 0.292470
vn 0.338322 0.894427 0.292470
vn 0.338322 0.894427 0.292470
vn 0.338322 0.894427 0.292470
vn 0.338322 0.894427 0.292470
vn 0.000000 0.894427 -0.447214
vn 0.000000 0.894427 -0.447214
vn 0.000000 0.894427 -0.447214
vn 0.000000 0.894427 -0.447214
vn 0.000000 0.894427 -0.447214
vn 0.000000 0.894427 -0.447214
vn -0.302898 0.894428 0.329016
vn -0.302898 0.894428 0.329016
vn -0.302898 0.894428 0.329016
vn -0.302900 0.894426 0.329018
vn -0.302900 0.894426 0.329018
vn -0.302900 0.894426 0.329018
vn -0.338322 0.894427 -0.292470
vn -0.338322 0.894427 -0.292470
vn -0.338322 0.894427 -0.292470
vn -0.338325 0.894425 -0.292472
vn -0.338325 0.894425 -0.292472
vn -0.338325 0.894425 -0.292472
vn -0.042956 0.894428 0.445144
vn -0.042956 0.894428 0.445144
vn -0.042956 0.894428 0.445144
vn -0.042956 0.894426 0.445148
vn -0.042956 0.894426 0.445148
vn -0.042956 0.894426 0.445148
vn 0.359340 0.894428 -0.266222
vn 0.359340 0.894428 -0.266222
vn 0.359340 0.894428 -0.266222
vn 0.359342 0.894426 -0.266224
vn 0.359342 0.894426 -0.266224
vn 0.359342 0.894426 -0.266224
vn 0.196329 0.894428 -0.401814
vn 0.196329 0.894428 -0.401814
vn 0.196329 0.894428 -0.401814
vn 0.196329 0.894428 -0.401813
vn 0.196329 0.894428 -0.401813
vn 0.196329 0.894428 -0.401813
vn -0.446847 0.894426 -0.018146
vn -0.446847 0.894426 -0.018146
vn -0.446847 0.894426 -0.018146
vn -0.446849 0.894425 -0.018146
vn -0.446849 0.894425 -0.018146
vn -0.446849 0.894425 -0.018146
vn 0.216512 0.894427 0.391310
vn 0.216512 0.894427 0.391310
vn 0.216512 0.894427 0.391310
vn 0.216510 0.894428 0.391307
vn 0.216510 0.894428 0.391307
vn 0.216510 0.894428 0.391307
vn 0.446843 0.894428 0.018146
vn 0.446843 0.894428 0.018146
vn 0.446843 0.894428 0.018146
vn 0.446840 0.894430 0.018146
vn 0.446840 0.894430 0.018146
vn 0.446840 0.894430 0.018146
vn -0.223605 0.894429 -0.387296
vn -0.223605 0.894429 -0.387296
vn -0.223605 0.894429 -0.387296
vn -0.223607 0.894427 -0.387299
vn -0.223607 0.894427 -0.387299
vn -0.223607 0.894427 -0.387299
vn -0.219151 0.894428 0.389836
vn -0.219151 0.894428 0.389836
vn -0.219151 0.894428 0.389836
vn -0.219152 0.894426 0.389839
vn -0.219152 0.894426 0.389839
vn -0.219152 0.894426 0.389839
vn 0.220448 0.894428 0.389102
vn 0.220448 0.894428 0.389102
vn 0.220448 0.894428 0.389102
vn 0.220451 0.894426 0.389106
vn 0.220451 0.894426 0.389106
vn 0.220451 0.894426 0.389106
vn 0.219152 0.894427 -0.389838
vn 0.219152 0.894427 -0.389838
vn 0.219152 0.894427 -0.389838
vn 0.219151 0.894428 -0.389836
vn 0.219151 0.894428 -0.389836
vn 0.219151 0.894428 -0.389836
vn -0.416051 0.894426 0.164023
vn -0.416051 0.894426 0.164023
vn -0.416051 0.894426 0.164023
vn -0.416047 0.894429 0.164020
vn -0.416047 0.894429 0.164020
vn -0.416047 0.894429 0.164020
vn 0.361163 0.894428 -0.263743
vn 0.361163 0.894428 -0.263743
vn 0.361163 0.894428 -0.263743
vn 0.361163 0.894428 -0.263743
vn 0.361163 0.894428 -0.263743
vn 0.361163 0.894428 -0.263743
vn -0.220450 0.894427 -0.389104
vn -0.220450 0.894427 -0.389104
vn -0.220450 0.894427 -0.389104
vn -0.220447 0.894430 -0.389100
vn -0.220447 0.894430 -0.389100
vn -0.220447 0.894430 -0.389100
vn -0.152956 0.894428 0.420242
vn -0.152956 0.894428 0.420242
vn -0.152956 0.894428 0.420242
vn -0.152955 0.894428 0.420242
vn -0.152955 0.894428 0.420242
vn -0.152955 0.894428 0.420242
vn 0.447213 0.894427 0.000000
vn 0.447213 0.894427 0.000000
vn 0.447213 0.894427 0.000000
vn 0.447214 0.894427 0.000000
vn 0.447214 0.894427 0.000000
vn 0.447214 0.894427 0.000000
vn -0.223605 0.894429 -0.387295
vn -0.223605 0.894429 -0.387295
vn -0.223605 0.894429 -0.387295
vn -0.223607 0.894427 -0.387299
vn -0.223607 0.894427 -0.387299
vn -0.223607 0.894427 -0.387299
vn -0.207483 0.894427 0.396170
vn -0.207483 0.894427 0.396170
vn -0.207483 0.894427 0.396170
vn -0.207483 0.894426 0.396173
vn -0.207483 0.894426 0.396173
vn -0.207483 0.894426 0.396173
vn 0.447213 0.894427 0.000000
vn 0.447213 0.894427 0.000000
vn 0.447213 0.894427 0.000000
vn 0.447211 0.894428 0.000000
vn 0.447211 0.894428 0.000000
vn 0.447211 0.894428 0.000000
vn 0.000000 0.894427 -0.447214
vn 0.000000 0.894427 -0.447214
vn 0.000000 0.894427 -0.447214
vn 0.000000 0.894427 -0.447213
vn 0.000000 0.894427 -0.447213
vn 0.000000 0.894427 -0.447213
vn -0.178813 0.894427 0.409909
vn -0.178813 0.894427 0.409909
vn -0.178813 0.894427 0.409909
vn -0.178814 0.894426 0.409911
vn -0.178814 0.894426 0.409911
vn -0.178814 0.894426 0.409911
vn -0.143521 0.894428 0.423557
vn -0.143521 0.894428 0.423557
vn -0.143521 0.894428 0.423557
vn -0.143521 0.894428 0.423556
vn -0.143521 0.894428 0.423556
vn -0.143521 0.894428 0.423556
vn 0.439631 0.894426 -0.082013
vn 0.439631 0.894426 -0.082013
vn 0.439631 0.894426 -0.082013
vn 0.439630 0.894427 -0.082013
vn 0.439630 0.894427 -0.082013
vn 0.439630 0.894427 -0.082013
vn -0.223606 0.894427 -0.387298
vn -0.223606 0.894427 -0.387298
vn -0.223606 0.894427 -0.387298
vn -0.223608 0.894426 -0.387300
vn -0.223608 0.894426 -0.387300
vn -0.223608 0.894426 -0.387300
vn -0.439631 0.894426 0.082013
vn -0.439631 0.894426 0.082013
vn -0.439631 0.894426 0.082013
vn -0.439629 0.894427 0.082012
vn -0.439629 0.894427 0.082012
vn -0.439629 0.894427 0.082012
vn 0.386330 0.894427 0.225275
vn 0.386330 0.894427 0.225275
vn 0.386330 0.894427 0.225275
vn 0.386330 0.894427 0.225275
vn 0.386330 0.894427 0.225275
vn 0.386330 0.894427 0.225275
vn -0.094568 0.894428 -0.437099
vn -0.094568 0.894428 -0.437099
vn -0.094568 0.894428 -0.437099
vn -0.094569 0.894427 -0.437100
vn -0.094569 0.894427 -0.437100
vn -0.094569 0.894427 -0.437100
s off
g lei_test_box_Toasters040_Box01
f 1/1/1 3/2/2 4/3/3
f 4/3/4 2/4/5 1/1/6
f 1/5/7 2/6/8 6/7/9
f 6/7/10 5/8/11 1/5/12
f 2/9/13 4/10/14 8/11/15
f 8/11/16 6/12/17 2/9/18
f 4/13/19 3/14/20 7/15/21
f 7/15/22 8/16/23 4/13/24
f 3/17/25 1/18/26 5/19/27
f 5/19/28 7/20/29 3/17/30
f 10/21/31 12/22/32 7/23/33
f 10/21/34 7/23/35 5/24/36
f 10/21/37 5/24/38 6/25/39
f 9/26/40 10/21/41 6/25/42
f 9/26/43 6/25/44 8/27/45
f 11/28/46 9/26/47 8/27/48
f 11/28/49 8/27/50 7/29/51
f 11/28/52 7/29/53 12/22/54
f 11/30/55 32/31/56 16/32/57
f 11/30/58 16/32/59 20/33/60
f 11/30/61 20/33/62 17/34/63
f 11/30/64 17/34/65 13/35/66
f 9/36/67 11/30/68 13/35/69
f 9/37/70 13/38/71 21/39/72
f 9/37/73 21/39/74 18/40/75
f 9/37/76 18/40/77 31/41/78
f 10/42/79 9/37/80 31/41/81
f 10/43/82 31/44/83 15/45/84
f 10/43/85 15/45/86 19/46/87
f 10/43/88 19/46/89 14/47/90
f 12/48/91 10/43/92 14/47/93
f 12/49/94 14/50/95 33/51/96
f 12/49/97 33/51/98 34/52/99
f 12/49/100 34/52/101 32/53/102
f 11/54/103 12/49/104 32/53/105
f 75/55/106 76/56/107 77/57/108
f 78/58/109 79/59/110 80/60/111
f 81/61/112 82/62/113 83/63/114
f 84/64/115 85/65/116 86/66/117
f 87/67/118 88/68/119 89/69/120
f 90/70/121 91/71/122 92/72/123
f 93/73/124 94/74/125 95/75/126
f 96/76/127 97/77/128 98/78/129
f 99/79/130 100/80/131 101/81/132
f 102/82/133 103/83/134 104/84/135
f 105/85/136 106/86/137 107/87/138
f 108/88/139 109/89/140 110/90/141
f 111/91/142 112/92/143 113/93/144
f 114/94/145 115/95/146 116/96/147
f 117/97/148 118/98/149 119/99/150
f 120/100/151 121/101/152 122/102/153
f 123/103/154 124/104/155 125/105/156
f 126/106/157 127/107/158 128/108/159
f 129/109/160 130/110/161 131/111/162
f 132/112/163 133/113/164 134/114/165
f 135/115/166 136/116/167 137/117/168
f 138/118/169 139/119/170 140/120/171
f 141/121/172 142/122/173 143/123/174
f 144/124/175 145/125/176 146/126/177
f 147/127/178 148/128/179 149/129/180
f 150/130/181 151/131/182 152/132/183
f 153/133/184 154/134/185 155/135/186
f 156/136/187 157/137/188 158/138/189
f 159/139/190 160/140/191 161/141/192
f 162/142/193 163/143/194 164/144/195
f 165/145/196 166/146/197 167/147/198
f 168/148/199 169/149/200 170/150/201
f 171/151/202 172/152/203 173/153/204
f 174/154/205 175/155/206 176/156/207
f 177/157/208 178/158/209 179/159/210
f 180/160/211 181/161/212 182/162/213
f 183/163/214 184/164/215 185/165/216
f 186/166/217 187/167/218 188/168/219
f 189/169/220 190/170/221 191/171/222
f 192/172/223 193/173/224 194/174/225
f 195/175/226 196/176/227 197/177/228
f 198/178/229 199/179/230 200/180/231
f 201/181/232 202/182/233 203/183/234
f 204/184/235 205/185/236 206/186/237
f 207/187/238 208/188/239 209/189/240
f 210/190/241 211/191/242 212/192/243
f 213/193/244 214/194/245 215/195/246
f 216/196/247 217/197/248 218/198/249
f 219/199/250 220/200/251 221/201/252
f 222/202/253 223/203/254 224/204/255
f 225/205/256 226/206/257 227/207/258
f 228/208/259 229/209/260 230/210/261
f 231/211/262 232/212/263 233/213/264
f 234/214/265 235/215/266 236/216/267
f 237/217/268 238/218/269 239/219/270
f 240/220/271 241/221/272 242/222/273
f 243/223/274 244/224/275 245/225/276
f 246/226/277 247/227/278 248/228/279
f 249/229/280 250/230/281 251/231/282
f 252/232/283 253/233/284 254/234/285
f 255/235/286 256/236/287 257/237/288
f 258/238/289 259/239/290 260/240/291
f 261/241/292 262/242/293 263/243/294
f 264/244/295 265/245/296 266/246/297
f 267/247/298 268/248/299 269/249/300
f 270/250/301 271/251/302 272/252/303
f 273/253/304 274/254/305 275/255/306
f 276/256/307 277/257/308 278/258/309
f 279/259/310 280/260/311 281/261/312
f 282/262/313 283/263/314 284/264/315
f 285/265/316 286/266/317 287/267/318
f 288/268/319 289/269/320 290/270/321
f 291/271/322 292/272/323 293/273/324
f 294/274/325 295/275/326 296/276/327
f 297/277/328 298/278/329 299/279/330
f 300/280/331 301/281/332 302/282/333
f 303/283/334 304/284/335 305/285/336
f 306/286/337 307/287/338 308/288/339
f 309/289/340 310/290/341 311/291/342
f 312/292/343 313/293/344 314/294/345
f 315/295/346 316/296/347 317/297/348
f 318/298/349 319/299/350 320/300/351
f 321/301/352 322/302/353 323/303/354
f 324/304/355 325/305/356 326/306/357
f 327/307/358 328/308/359 329/309/360
f 330/310/361 331/311/362 332/312/363
f 333/313/364 334/314/365 335/315/366
f 336/316/367 337/317/368 338/318/369
f 339/319/370 340/320/371 341/321/372
f 342/322/373 343/323/374 344/324/375
f 345/325/376 346/326/377 347/327/378
f 348/328/379 349/329/380 350/330/381
f 351/331/382 352/332/383 353/333/384
f 354/334/385 355/335/386 356/336/387
f 357/337/388 358/338/389 359/339/390
f 360/340/391 361/341/392 362/342/393
f 363/343/394 364/344/395 365/345/396
f 366/346/397 367/347/398 368/348/399
f 30/349/400 74/350/401 76/56/402
f 76/56/403 75/55/404 30/349/405
f 74/350/406 43/351/407 77/57/408
f 77/57/409 76/56/410 74/350/411
f 43/351/412 30/349/413 75/55/414
f 75/55/415 77/57/416 43/351/417
f 42/352/418 65/353/419 79/59/420
f 79/59/421 78/58/422 42/352/423
f 65/353/424 74/350/425 80/60/426
f 80/60/427 79/59/428 65/353/429
f 74/350/430 42/352/431 78/58/432
f 78/58/433 80/60/434 74/350/435
f 31/354/436 49/355/437 82/62/438
f 82/62/439 81/61/440 31/354/441
f 49/355/442 42/352/443 83/63/444
f 83/63/445 82/62/446 49/355/447
f 42/352/448 31/354/449 81/61/450
f 81/61/451 83/63/452 42/352/453
f 51/356/454 69/357/455 85/65/456
f 85/65/457 84/64/458 51/356/459
f 69/357/460 34/358/461 86/66/462
f 86/66/463 85/65/464 69/357/465
f 34/358/466 51/356/467 84/64/468
f 84/64/469 86/66/470 34/358/471
f 34/358/472 45/359/473 88/68/474
f 88/68/475 87/67/476 34/358/477
f 45/359/478 51/356/479 89/69/480
f 89/69/481 88/68/482 45/359/483
f 51/356/484 34/358/485 87/67/486
f 87/67/487 89/69/488 51/356/489
f 54/360/490 58/361/491 91/71/492
f 91/71/493 90/70/494 54/360/495
f 58/361/496 22/362/497 92/72/498
f 92/72/499 91/71/500 58/361/501
f 22/362/502 54/360/503 90/70/504
f 90/70/505 92/72/506 22/362/507
f 58/361/508 71/363/509 94/74/510
f 94/74/511 93/73/512 58/361/513
f 71/363/514 25/364/515 95/75/516
f 95/75/517 94/74/518 71/363/519
f 25/364/520 58/361/521 93/73/522
f 93/73/523 95/75/524 25/364/525
f 28/365/526 44/366/527 97/77/528
f 97/77/529 96/76/530 28/365/531
f 44/366/532 23/367/533 98/78/534
f 98/78/535 97/77/536 44/366/537
f 23/367/538 28/365/539 96/76/540
f 96/76/541 98/78/542 23/367/543
f 29/368/544 18/369/545 100/80/546
f 100/80/547 99/79/548 29/368/549
f 18/369/550 60/370/551 101/81/552
f 101/81/553 100/80/554 18/369/555
f 60/370/556 29/368/557 99/79/558
f 99/79/559 101/81/560 60/370/561
f 21/371/562 46/372/563 103/83/564
f 103/83/565 102/82/566 21/371/567
f 46/372/568 29/368/569 104/84/570
f 104/84/571 103/83/572 46/372/573
f 29/368/574 21/371/575 102/82/576
f 102/82/577 104/84/578 29/368/579
f 36/373/580 61/374/581 106/86/582
f 106/86/583 105/85/584 36/373/585
f 61/374/586 37/375/587 107/87/588
f 107/87/589 106/86/590 61/374/591
f 37/375/592 36/373/593 105/85/594
f 105/85/595 107/87/596 37/375/597
f 39/376/598 66/377/599 109/89/600
f 109/89/601 108/88/602 39/376/603
f 66/377/604 63/378/605 110/90/606
f 110/90/607 109/89/608 66/377/609
f 63/378/610 39/376/611 108/88/612
f 108/88/613 110/90/614 63/378/615
f 70/379/616 72/380/617 112/92/618
f 112/92/619 111/91/620 70/379/621
f 72/380/622 59/381/623 113/93/624
f 113/93/625 112/92/626 72/380/627
f 59/381/628 70/379/629 111/91/630
f 111/91/631 113/93/632 59/381/633
f 57/382/634 70/379/635 115/95/636
f 115/95/637 114/94/638 57/382/639
f 70/379/640 71/363/641 116/96/642
f 116/96/643 115/95/644 70/379/645
f 71/363/646 57/382/647 114/94/648
f 114/94/649 116/96/650 71/363/651
f 24/383/652 56/384/653 118/98/654
f 118/98/655 117/97/656 24/383/657
f 56/384/658 38/385/659 119/99/660
f 119/99/661 118/98/662 56/384/663
f 38/385/664 24/383/665 117/97/666
f 117/97/667 119/99/668 38/385/669
f 56/384/670 40/386/671 121/101/672
f 121/101/673 120/100/674 56/384/675
f 40/386/676 38/385/677 122/102/678
f 122/102/679 121/101/680 40/386/681
f 38/385/682 56/384/683 120/100/684
f 120/100/685 122/102/686 38/385/687
f 38/385/688 48/387/689 124/104/690
f 124/104/691 123/103/692 38/385/693
f 48/387/694 62/388/695 125/105/696
f 125/105/697 124/104/698 48/387/699
f 62/388/700 38/385/701 123/103/702
f 123/103/703 125/105/704 62/388/705
f 25/364/706 27/389/707 127/107/708
f 127/107/709 126/106/710 25/364/711
f 27/389/712 45/359/713 128/108/714
f 128/108/715 127/107/716 27/389/717
f 45/359/718 25/364/719 126/106/720
f 126/106/721 128/108/722 45/359/723
f 26/390/724 56/384/725 130/110/726
f 130/110/727 129/109/728 26/390/729
f 56/384/730 22/362/731 131/111/732
f 131/111/733 130/110/734 56/384/735
f 22/362/736 26/390/737 129/109/738
f 129/109/739 131/111/740 22/362/741
f 25/364/742 55/391/743 133/113/744
f 133/113/745 132/112/746 25/364/747
f 55/391/748 22/362/749 134/114/750
f 134/114/751 133/113/752 55/391/753
f 22/362/754 25/364/755 132/112/756
f 132/112/757 134/114/758 22/362/759
f 55/391/760 45/359/761 136/116/762
f 136/116/763 135/115/764 55/391/765
f 45/359/766 66/377/767 137/117/768
f 137/117/769 136/116/770 45/359/771
f 66/377/772 55/391/773 135/115/774
f 135/115/775 137/117/776 66/377/777
f 34/358/778 33/392/779 139/119/780
f 139/119/781 138/118/782 34/358/783
f 33/392/784 45/359/785 140/120/786
f 140/120/787 139/119/788 33/392/789
f 45/359/790 34/358/791 138/118/792
f 138/118/793 140/120/794 45/359/795
f 57/382/796 44/366/797 142/122/798
f 142/122/799 141/121/800 57/382/801
f 44/366/802 41/393/803 143/123/804
f 143/123/805 142/122/806 44/366/807
f 41/393/808 57/382/809 141/121/810
f 141/121/811 143/123/812 41/393/813
f 44/366/814 50/394/815 145/125/816
f 145/125/817 144/124/818 44/366/819
f 50/394/820 17/395/821 146/126/822
f 146/126/823 145/125/824 50/394/825
f 17/395/826 44/366/827 144/124/828
f 144/124/829 146/126/830 17/395/831
f 46/372/832 50/394/833 148/128/834
f 148/128/835 147/127/836 46/372/837
f 50/394/838 44/366/839 149/129/840
f 149/129/841 148/128/842 50/394/843
f 44/366/844 46/372/845 147/127/846
f 147/127/847 149/129/848 44/366/849
f 54/360/850 23/367/851 151/131/852
f 151/131/853 150/130/854 54/360/855
f 23/367/856 58/361/857 152/132/858
f 152/132/859 151/131/860 23/367/861
f 58/361/862 54/360/863 150/130/864
f 150/130/865 152/132/866 58/361/867
f 24/383/868 43/351/869 154/134/870
f 154/134/871 153/133/872 24/383/873
f 43/351/874 53/396/875 155/135/876
f 155/135/877 154/134/878 43/351/879
f 53/396/880 24/383/881 153/133/882
f 153/133/883 155/135/884 53/396/885
f 53/396/886 67/397/887 157/137/888
f 157/137/889 156/136/890 53/396/891
f 67/397/892 54/360/893 158/138/894
f 158/138/895 157/137/896 67/397/897
f 54/360/898 53/396/899 156/136/900
f 156/136/901 158/138/902 54/360/903
f 64/398/904 42/352/905 160/140/906
f 160/140/907 159/139/908 64/398/909
f 42/352/910 74/350/911 161/141/912
f 161/141/913 160/140/914 42/352/915
f 74/350/916 64/398/917 159/139/918
f 159/139/919 161/141/920 74/350/921
f 62/388/922 47/399/923 163/143/924
f 163/143/925 162/142/926 62/388/927
f 47/399/928 64/398/929 164/144/930
f 164/144/931 163/143/932 47/399/933
f 64/398/934 62/388/935 162/142/936
f 162/142/937 164/144/938 64/398/939
f 19/400/940 61/374/941 166/146/942
f 166/146/943 165/145/944 19/400/945
f 61/374/946 14/401/947 167/147/948
f 167/147/949 166/146/950 61/374/951
f 14/401/952 19/400/953 165/145/954
f 165/145/955 167/147/956 14/401/957
f 39/376/958 37/375/959 169/149/960
f 169/149/961 168/148/962 39/376/963
f 37/375/964 40/386/965 170/150/966
f 170/150/967 169/149/968 37/375/969
f 40/386/970 39/376/971 168/148/972
f 168/148/973 170/150/974 40/386/975
f 68/402/976 52/403/977 172/152/978
f 172/152/979 171/151/980 68/402/981
f 52/403/982 48/387/983 173/153/984
f 173/153/985 172/152/986 52/403/987
f 48/387/988 68/402/989 171/151/990
f 171/151/991 173/153/992 48/387/993
f 37/375/994 48/387/995 175/155/996
f 175/155/997 174/154/998 37/375/999
f 48/387/1000 38/385/1001 176/156/1002
f 176/156/1003 175/155/1004 48/387/1005
f 38/385/1006 37/375/1007 174/154/1008
f 174/154/1009 176/156/1010 38/385/1011
f 24/383/1012 38/385/1013 178/158/1014
f 178/158/1015 177/157/1016 24/383/1017
f 38/385/1018 30/349/1019 179/159/1020
f 179/159/1021 178/158/1022 38/385/1023
f 30/349/1024 24/383/1025 177/157/1026
f 177/157/1027 179/159/1028 30/349/1029
f 26/390/1030 55/391/1031 181/161/1032
f 181/161/1033 180/160/1034 26/390/1035
f 55/391/1036 66/377/1037 182/162/1038
f 182/162/1039 181/161/1040 55/391/1041
f 66/377/1042 26/390/1043 180/160/1044
f 180/160/1045 182/162/1046 66/377/1047
f 36/373/1048 37/375/1049 184/164/1050
f 184/164/1051 183/163/1052 36/373/1053
f 37/375/1054 39/376/1055 185/165/1056
f 185/165/1057 184/164/1058 37/375/1059
f 39/376/1060 36/373/1061 183/163/1062
f 183/163/1063 185/165/1064 39/376/1065
f 39/376/1066 40/386/1067 187/167/1068
f 187/167/1069 186/166/1070 39/376/1071
f 40/386/1072 26/390/1073 188/168/1074
f 188/168/1075 187/167/1076 40/386/1077
f 26/390/1078 39/376/1079 186/166/1080
f 186/166/1081 188/168/1082 26/390/1083
f 40/386/1084 37/375/1085 190/170/1086
f 190/170/1087 189/169/1088 40/386/1089
f 37/375/1090 38/385/1091 191/171/1092
f 191/171/1093 190/170/1094 37/375/1095
f 38/385/1096 40/386/1097 189/169/1098
f 189/169/1099 191/171/1100 38/385/1101
f 41/393/1102 20/404/1103 193/173/1104
f 193/173/1105 192/172/1106 41/393/1107
f 20/404/1108 57/382/1109 194/174/1110
f 194/174/1111 193/173/1112 20/404/1113
f 57/382/1114 41/393/1115 192/172/1116
f 192/172/1117 194/174/1118 57/382/1119
f 18/369/1120 29/368/1121 196/176/1122
f 196/176/1123 195/175/1124 18/369/1125
f 29/368/1126 65/353/1127 197/177/1128
f 197/177/1129 196/176/1130 29/368/1131
f 65/353/1132 18/369/1133 195/175/1134
f 195/175/1135 197/177/1136 65/353/1137
f 31/354/1138 42/352/1139 199/179/1140
f 199/179/1141 198/178/1142 31/354/1143
f 42/352/1144 15/405/1145 200/180/1146
f 200/180/1147 199/179/1148 42/352/1149
f 15/405/1150 31/354/1151 198/178/1152
f 198/178/1153 200/180/1154 15/405/1155
f 29/368/1156 46/372/1157 202/182/1158
f 202/182/1159 201/181/1160 29/368/1161
f 46/372/1162 67/397/1163 203/183/1164
f 203/183/1165 202/182/1166 46/372/1167
f 67/397/1168 29/368/1169 201/181/1170
f 201/181/1171 203/183/1172 67/397/1173
f 43/351/1174 24/383/1175 205/185/1176
f 205/185/1177 204/184/1178 43/351/1179
f 24/383/1180 30/349/1181 206/186/1182
f 206/186/1183 205/185/1184 24/383/1185
f 30/349/1186 43/351/1187 204/184/1188
f 204/184/1189 206/186/1190 30/349/1191
f 44/366/1192 17/395/1193 208/188/1194
f 208/188/1195 207/187/1196 44/366/1197
f 17/395/1198 41/393/1199 209/189/1200
f 209/189/1201 208/188/1202 17/395/1203
f 41/393/1204 44/366/1205 207/187/1206
f 207/187/1207 209/189/1208 41/393/1209
f 46/372/1210 44/366/1211 211/191/1212
f 211/191/1213 210/190/1214 46/372/1215
f 44/366/1216 28/365/1217 212/192/1218
f 212/192/1219 211/191/1220 44/366/1221
f 28/365/1222 46/372/1223 210/190/1224
f 210/190/1225 212/192/1226 28/365/1227
f 66/377/1228 33/392/1229 214/194/1230
f 214/194/1231 213/193/1232 66/377/1233
f 33/392/1234 63/378/1235 215/195/1236
f 215/195/1237 214/194/1238 33/392/1239
f 63/378/1240 66/377/1241 213/193/1242
f 213/193/1243 215/195/1244 63/378/1245
f 59/381/1246 51/356/1247 217/197/1248
f 217/197/1249 216/196/1250 59/381/1251
f 51/356/1252 27/389/1253 218/198/1254
f 218/198/1255 217/197/1256 51/356/1257
f 27/389/1258 59/381/1259 216/196/1260
f 216/196/1261 218/198/1262 27/389/1263
f 21/371/1264 50/394/1265 220/200/1266
f 220/200/1267 219/199/1268 21/371/1269
f 50/394/1270 46/372/1271 221/201/1272
f 221/201/1273 220/200/1274 50/394/1275
f 46/372/1276 21/371/1277 219/199/1278
f 219/199/1279 221/201/1280 46/372/1281
f 46/372/1282 28/365/1283 223/203/1284
f 223/203/1285 222/202/1286 46/372/1287
f 28/365/1288 67/397/1289 224/204/1290
f 224/204/1291 223/203/1292 28/365/1293
f 67/397/1294 46/372/1295 222/202/1296
f 222/202/1297 224/204/1298 67/397/1299
f 47/399/1300 15/405/1301 226/206/1302
f 226/206/1303 225/205/1304 47/399/1305
f 15/405/1306 64/398/1307 227/207/1308
f 227/207/1309 226/206/1310 15/405/1311
f 64/398/1312 47/399/1313 225/205/1314
f 225/205/1315 227/207/1316 64/398/1317
f 48/387/1318 35/406/1319 229/209/1320
f 229/209/1321 228/208/1322 48/387/1323
f 35/406/1324 62/388/1325 230/210/1326
f 230/210/1327 229/209/1328 35/406/1329
f 62/388/1330 48/387/1331 228/208/1332
f 228/208/1333 230/210/1334 62/388/1335
f 68/402/1336 48/387/1337 232/212/1338
f 232/212/1339 231/211/1340 68/402/1341
f 48/387/1342 37/375/1343 233/213/1344
f 233/213/1345 232/212/1346 48/387/1347
f 37/375/1348 68/402/1349 231/211/1350
f 231/211/1351 233/213/1352 37/375/1353
f 49/355/1354 18/369/1355 235/215/1356
f 235/215/1357 234/214/1358 49/355/1359
f 18/369/1360 65/353/1361 236/216/1362
f 236/216/1363 235/215/1364 18/369/1365
f 65/353/1366 49/355/1367 234/214/1368
f 234/214/1369 236/216/1370 65/353/1371
f 50/394/1372 13/407/1373 238/218/1374
f 238/218/1375 237/217/1376 50/394/1377
f 13/407/1378 17/395/1379 239/219/1380
f 239/219/1381 238/218/1382 13/407/1383
f 17/395/1384 50/394/1385 237/217/1386
f 237/217/1387 239/219/1388 17/395/1389
f 32/408/1390 69/357/1391 241/221/1392
f 241/221/1393 240/220/1394 32/408/1395
f 69/357/1396 16/409/1397 242/222/1398
f 242/222/1399 241/221/1400 69/357/1401
f 16/409/1402 32/408/1403 240/220/1404
f 240/220/1405 242/222/1406 16/409/1407
f 51/356/1408 45/359/1409 244/224/1410
f 244/224/1411 243/223/1412 51/356/1413
f 45/359/1414 27/389/1415 245/225/1416
f 245/225/1417 244/224/1418 45/359/1419
f 27/389/1420 51/356/1421 243/223/1422
f 243/223/1423 245/225/1424 27/389/1425
f 52/403/1426 35/406/1427 247/227/1428
f 247/227/1429 246/226/1430 52/403/1431
f 35/406/1432 48/387/1433 248/228/1434
f 248/228/1435 247/227/1436 35/406/1437
f 48/387/1438 52/403/1439 246/226/1440
f 246/226/1441 248/228/1442 48/387/1443
f 56/384/1444 53/396/1445 250/230/1446
f 250/230/1447 249/229/1448 56/384/1449
f 53/396/1450 22/362/1451 251/231/1452
f 251/231/1453 250/230/1454 53/396/1455
f 22/362/1456 56/384/1457 249/229/1458
f 249/229/1459 251/231/1460 22/362/1461
f 43/351/1462 67/397/1463 253/233/1464
f 253/233/1465 252/232/1466 43/351/1467
f 67/397/1468 53/396/1469 254/234/1470
f 254/234/1471 253/233/1472 67/397/1473
f 53/396/1474 43/351/1475 252/232/1476
f 252/232/1477 254/234/1478 53/396/1479
f 53/396/1480 54/360/1481 256/236/1482
f 256/236/1483 255/235/1484 53/396/1485
f 54/360/1486 22/362/1487 257/237/1488
f 257/237/1489 256/236/1490 54/360/1491
f 22/362/1492 53/396/1493 255/235/1494
f 255/235/1495 257/237/1496 22/362/1497
f 28/365/1498 23/367/1499 259/239/1500
f 259/239/1501 258/238/1502 28/365/1503
f 23/367/1504 54/360/1505 260/240/1506
f 260/240/1507 259/239/1508 23/367/1509
f 54/360/1510 28/365/1511 258/238/1512
f 258/238/1513 260/240/1514 54/360/1515
f 25/364/1516 45/359/1517 262/242/1518
f 262/242/1519 261/241/1520 25/364/1521
f 45/359/1522 55/391/1523 263/243/1524
f 263/243/1525 262/242/1526 45/359/1527
f 55/391/1528 25/364/1529 261/241/1530
f 261/241/1531 263/243/1532 55/391/1533
f 55/391/1534 26/390/1535 265/245/1536
f 265/245/1537 264/244/1538 55/391/1539
f 26/390/1540 22/362/1541 266/246/1542
f 266/246/1543 265/245/1544 26/390/1545
f 22/362/1546 55/391/1547 264/244/1548
f 264/244/1549 266/246/1550 22/362/1551
f 56/384/1552 26/390/1553 268/248/1554
f 268/248/1555 267/247/1556 56/384/1557
f 26/390/1558 40/386/1559 269/249/1560
f 269/249/1561 268/248/1562 26/390/1563
f 40/386/1564 56/384/1565 267/247/1566
f 267/247/1567 269/249/1568 40/386/1569
f 56/384/1570 24/383/1571 271/251/1572
f 271/251/1573 270/250/1574 56/384/1575
f 24/383/1576 53/396/1577 272/252/1578
f 272/252/1579 271/251/1580 24/383/1581
f 53/396/1582 56/384/1583 270/250/1584
f 270/250/1585 272/252/1586 53/396/1587
f 44/366/1588 57/382/1589 274/254/1590
f 274/254/1591 273/253/1592 44/366/1593
f 57/382/1594 23/367/1595 275/255/1596
f 275/255/1597 274/254/1598 57/382/1599
f 23/367/1600 44/366/1601 273/253/1602
f 273/253/1603 275/255/1604 23/367/1605
f 20/404/1606 72/380/1607 277/257/1608
f 277/257/1609 276/256/1610 20/404/1611
f 72/380/1612 70/379/1613 278/258/1614
f 278/258/1615 277/257/1616 72/380/1617
f 70/379/1618 20/404/1619 276/256/1620
f 276/256/1621 278/258/1622 70/379/1623
f 22/362/1624 58/361/1625 280/260/1626
f 280/260/1627 279/259/1628 22/362/1629
f 58/361/1630 25/364/1631 281/261/1632
f 281/261/1633 280/260/1634 58/361/1635
f 25/364/1636 22/362/1637 279/259/1638
f 279/259/1639 281/261/1640 25/364/1641
f 57/382/1642 58/361/1643 283/263/1644
f 283/263/1645 282/262/1646 57/382/1647
f 58/361/1648 23/367/1649 284/264/1650
f 284/264/1651 283/263/1652 58/361/1653
f 23/367/1654 57/382/1655 282/262/1656
f 282/262/1657 284/264/1658 23/367/1659
f 16/409/1660 51/356/1661 286/266/1662
f 286/266/1663 285/265/1664 16/409/1665
f 51/356/1666 59/381/1667 287/267/1668
f 287/267/1669 286/266/1670 51/356/1671
f 59/381/1672 16/409/1673 285/265/1674
f 285/265/1675 287/267/1676 59/381/1677
f 25/364/1678 71/363/1679 289/269/1680
f 289/269/1681 288/268/1682 25/364/1683
f 71/363/1684 27/389/1685 290/270/1686
f 290/270/1687 289/269/1688 71/363/1689
f 27/389/1690 25/364/1691 288/268/1692
f 288/268/1693 290/270/1694 27/389/1695
f 29/368/1696 60/370/1697 292/272/1698
f 292/272/1699 291/271/1700 29/368/1701
f 60/370/1702 21/371/1703 293/273/1704
f 293/273/1705 292/272/1706 60/370/1707
f 21/371/1708 29/368/1709 291/271/1710
f 291/271/1711 293/273/1712 21/371/1713
f 61/374/1714 19/400/1715 295/275/1716
f 295/275/1717 294/274/1718 61/374/1719
f 19/400/1720 68/402/1721 296/276/1722
f 296/276/1723 295/275/1724 19/400/1725
f 68/402/1726 61/374/1727 294/274/1728
f 294/274/1729 296/276/1730 68/402/1731
f 61/374/1732 36/373/1733 298/278/1734
f 298/278/1735 297/277/1736 61/374/1737
f 36/373/1738 73/410/1739 299/279/1740
f 299/279/1741 298/278/1742 36/373/1743
f 73/410/1744 61/374/1745 297/277/1746
f 297/277/1747 299/279/1748 73/410/1749
f 35/406/1750 47/399/1751 301/281/1752
f 301/281/1753 300/280/1754 35/406/1755
f 47/399/1756 62/388/1757 302/282/1758
f 302/282/1759 301/281/1760 47/399/1761
f 62/388/1762 35/406/1763 300/280/1764
f 300/280/1765 302/282/1766 62/388/1767
f 38/385/1768 62/388/1769 304/284/1770
f 304/284/1771 303/283/1772 38/385/1773
f 62/388/1774 30/349/1775 305/285/1776
f 305/285/1777 304/284/1778 62/388/1779
f 30/349/1780 38/385/1781 303/283/1782
f 303/283/1783 305/285/1784 30/349/1785
f 39/376/1786 63/378/1787 307/287/1788
f 307/287/1789 306/286/1790 39/376/1791
f 63/378/1792 36/373/1793 308/288/1794
f 308/288/1795 307/287/1796 63/378/1797
f 36/373/1798 39/376/1799 306/286/1800
f 306/286/1801 308/288/1802 36/373/1803
f 62/388/1804 64/398/1805 310/290/1806
f 310/290/1807 309/289/1808 62/388/1809
f 64/398/1810 30/349/1811 311/291/1812
f 311/291/1813 310/290/1814 64/398/1815
f 30/349/1816 62/388/1817 309/289/1818
f 309/289/1819 311/291/1820 30/349/1821
f 42/352/1822 64/398/1823 313/293/1824
f 313/293/1825 312/292/1826 42/352/1827
f 64/398/1828 15/405/1829 314/294/1830
f 314/294/1831 313/293/1832 64/398/1833
f 15/405/1834 42/352/1835 312/292/1836
f 312/292/1837 314/294/1838 15/405/1839
f 65/353/1840 29/368/1841 316/296/1842
f 316/296/1843 315/295/1844 65/353/1845
f 29/368/1846 43/351/1847 317/297/1848
f 317/297/1849 316/296/1850 29/368/1851
f 43/351/1852 65/353/1853 315/295/1854
f 315/295/1855 317/297/1856 43/351/1857
f 49/355/1858 65/353/1859 319/299/1860
f 319/299/1861 318/298/1862 49/355/1863
f 65/353/1864 42/352/1865 320/300/1866
f 320/300/1867 319/299/1868 65/353/1869
f 42/352/1870 49/355/1871 318/298/1872
f 318/298/1873 320/300/1874 42/352/1875
f 26/390/1876 66/377/1877 322/302/1878
f 322/302/1879 321/301/1880 26/390/1881
f 66/377/1882 39/376/1883 323/303/1884
f 323/303/1885 322/302/1886 66/377/1887
f 39/376/1888 26/390/1889 321/301/1890
f 321/301/1891 323/303/1892 39/376/1893
f 45/359/1894 33/392/1895 325/305/1896
f 325/305/1897 324/304/1898 45/359/1899
f 33/392/1900 66/377/1901 326/306/1902
f 326/306/1903 325/305/1904 33/392/1905
f 66/377/1906 45/359/1907 324/304/1908
f 324/304/1909 326/306/1910 66/377/1911
f 67/397/1912 28/365/1913 328/308/1914
f 328/308/1915 327/307/1916 67/397/1917
f 28/365/1918 54/360/1919 329/309/1920
f 329/309/1921 328/308/1922 28/365/1923
f 54/360/1924 67/397/1925 327/307/1926
f 327/307/1927 329/309/1928 54/360/1929
f 29/368/1930 67/397/1931 331/311/1932
f 331/311/1933 330/310/1934 29/368/1935
f 67/397/1936 43/351/1937 332/312/1938
f 332/312/1939 331/311/1940 67/397/1941
f 43/351/1942 29/368/1943 330/310/1944
f 330/310/1945 332/312/1946 43/351/1947
f 61/374/1948 68/402/1949 334/314/1950
f 334/314/1951 333/313/1952 61/374/1953
f 68/402/1954 37/375/1955 335/315/1956
f 335/315/1957 334/314/1958 68/402/1959
f 37/375/1960 61/374/1961 333/313/1962
f 333/313/1963 335/315/1964 37/375/1965
f 19/400/1966 52/403/1967 337/317/1968
f 337/317/1969 336/316/1970 19/400/1971
f 52/403/1972 68/402/1973 338/318/1974
f 338/318/1975 337/317/1976 52/403/1977
f 68/402/1978 19/400/1979 336/316/1980
f 336/316/1981 338/318/1982 68/402/1983
f 69/357/1984 32/408/1985 340/320/1986
f 340/320/1987 339/319/1988 69/357/1989
f 32/408/1990 34/358/1991 341/321/1992
f 341/321/1993 340/320/1994 32/408/1995
f 34/358/1996 69/357/1997 339/319/1998
f 339/319/1999 341/321/2000 34/358/2001
f 69/357/2002 51/356/2003 343/323/2004
f 343/323/2005 342/322/2006 69/357/2007
f 51/356/2008 16/409/2009 344/324/2010
f 344/324/2011 343/323/2012 51/356/2013
f 16/409/2014 69/357/2015 342/322/2016
f 342/322/2017 344/324/2018 16/409/2019
f 20/404/2020 70/379/2021 346/326/2022
f 346/326/2023 345/325/2024 20/404/2025
f 70/379/2026 57/382/2027 347/327/2028
f 347/327/2029 346/326/2030 70/379/2031
f 57/382/2032 20/404/2033 345/325/2034
f 345/325/2035 347/327/2036 57/382/2037
f 70/379/2038 59/381/2039 349/329/2040
f 349/329/2041 348/328/2042 70/379/2043
f 59/381/2044 27/389/2045 350/330/2046
f 350/330/2047 349/329/2048 59/381/2049
f 27/389/2050 70/379/2051 348/328/2052
f 348/328/2053 350/330/2054 27/389/2055
f 71/363/2056 70/379/2057 352/332/2058
f 352/332/2059 351/331/2060 71/363/2061
f 70/379/2062 27/389/2063 353/333/2064
f 353/333/2065 352/332/2066 70/379/2067
f 27/389/2068 71/363/2069 351/331/2070
f 351/331/2071 353/333/2072 27/389/2073
f 57/382/2074 71/363/2075 355/335/2076
f 355/335/2077 354/334/2078 57/382/2079
f 71/363/2080 58/361/2081 356/336/2082
f 356/336/2083 355/335/2084 71/363/2085
f 58/361/2086 57/382/2087 354/334/2088
f 354/334/2089 356/336/2090 58/361/2091
f 72/380/2092 16/409/2093 358/338/2094
f 358/338/2095 357/337/2096 72/380/2097
f 16/409/2098 59/381/2099 359/339/2100
f 359/339/2101 358/338/2102 16/409/2103
f 59/381/2104 72/380/2105 357/337/2106
f 357/337/2107 359/339/2108 59/381/2109
f 61/374/2110 73/410/2111 361/341/2112
f 361/341/2113 360/340/2114 61/374/2115
f 73/410/2116 14/401/2117 362/342/2118
f 362/342/2119 361/341/2120 73/410/2121
f 14/401/2122 61/374/2123 360/340/2124
f 360/340/2125 362/342/2126 14/401/2127
f 64/398/2128 74/350/2129 364/344/2130
f 364/344/2131 363/343/2132 64/398/2133
f 74/350/2134 30/349/2135 365/345/2136
f 365/345/2137 364/344/2138 74/350/2139
f 30/349/2140 64/398/2141 363/343/2142
f 363/343/2143 365/345/2144 30/349/2145
f 74/350/2146 65/353/2147 367/347/2148
f 367/347/2149 366/346/2150 74/350/2151
f 65/353/2152 43/351/2153 368/348/2154
f 368/348/2155 367/347/2156 65/353/2157
f 43/351/2158 74/350/2159 366/346/2160
f 366/346/2161 368/348/2162 43/351/2163
