# This file uses centimeters as units for non-parametric coordinates.

g default
v 226.208893 85.055397 -66.836800
v 220.847702 82.382202 -64.167702
v 221.861496 89.664101 -65.141899
v 229.127396 90.870300 -66.011200
v 232.604095 84.333900 -65.574402
v 227.487000 79.087898 -64.434998
v 217.441101 80.931999 -58.754299
v 219.166000 93.320801 -60.411598
v 231.527405 95.372902 -61.890598
v 237.442307 84.252502 -61.147400
v 228.736496 75.327499 -59.209099
v 216.707993 87.240402 -60.391102
v 224.987701 95.728600 -62.234600
v 235.730194 90.398399 -62.667099
v 234.089798 78.615997 -61.090900
v 222.333405 76.664299 -59.684200
v 215.635193 84.525101 -53.573502
v 216.649002 91.806999 -54.547699
v 221.766098 97.053001 -55.687000
v 229.031998 98.259201 -56.556301
v 235.671204 94.964996 -56.823601
v 239.147903 88.428596 -56.386799
v 238.134094 81.146698 -55.412601
v 233.016998 75.900703 -54.273300
v 225.751099 74.694504 -53.403999
v 219.111893 77.988701 -53.136700
v 227.391602 86.476898 -54.980099
v 219.632599 99.545403 -60.833401
v 220.357101 98.935097 -58.327702
v 221.618301 96.875298 -57.169102
v 222.677505 94.572701 -58.036201
v 222.914093 93.375999 -60.421101
v 222.189606 93.986298 -62.926800
v 220.928406 96.046097 -64.085503
v 219.869293 98.348801 -63.218399
v 228.884094 98.081596 -58.038399
v 228.444794 95.530098 -58.726200
v 228.060699 94.230400 -61.036900
v 227.957001 94.943802 -63.616901
v 228.194305 97.252403 -64.954803
v 237.593399 96.848396 -62.301601
v 237.130005 96.416496 -59.698799
v 235.523407 94.787300 -58.305698
v 233.714798 92.915298 -58.938400
v 232.763504 91.897003 -61.226200
v 233.226898 92.329002 -63.828999
v 234.833496 93.958099 -65.222099
v 236.642105 95.830101 -64.589401
v 242.084106 88.405602 -61.737301
v 241.323700 88.531998 -59.171902
v 239.000107 88.250900 -57.868900
v 236.474396 87.726898 -58.591599
v 235.226196 87.266998 -60.916801
v 235.986603 87.140602 -63.482300
v 238.310196 87.421700 -64.785301
v 240.835907 87.945702 -64.062500
v 237.986298 80.969002 -56.894699
v 235.669693 81.946800 -57.818401
v 234.508102 82.109001 -60.226799
v 235.181900 81.360497 -62.709000
v 237.296402 80.139801 -63.811100
v 234.164902 72.223701 -59.007401
v 233.928299 73.420403 -56.622501
v 232.869095 75.723000 -55.755402
v 231.607895 77.782799 -56.914101
v 230.883499 78.393097 -59.419800
v 231.120102 77.196503 -61.804699
v 232.179306 74.893799 -62.671799
v 233.440506 72.834000 -61.513100
v 225.603302 74.516800 -54.886002
v 225.840607 76.825302 -56.223999
v 225.736801 77.538696 -58.804001
v 225.352798 76.238998 -61.114601
v 224.913406 73.687599 -61.802399
v 216.204193 74.920700 -57.539299
v 217.155396 75.939003 -55.251400
v 218.964096 77.810997 -54.618698
v 220.570602 79.440201 -56.011799
v 221.033997 79.872101 -58.614601
v 220.082794 78.853798 -60.902500
v 218.274200 76.981796 -61.535099
v 216.667603 75.352699 -60.142101
v 211.713501 83.363602 -58.103500
v 212.961700 83.823502 -55.778400
v 215.487396 84.347397 -55.055599
v 217.811005 84.628502 -56.358601
v 218.571396 84.502098 -58.924099
v 217.323105 84.042198 -61.249199
v 214.797501 83.518204 -61.972000
v 212.473907 83.237198 -60.668999
v 216.501205 91.629402 -56.029701
v 218.615707 90.408600 -57.131802
v 219.289505 89.660103 -59.614101
v 218.127899 89.822304 -62.022400
v 215.811295 90.800201 -62.946098
v 212.667404 89.947197 -58.909100
v 212.622696 89.894402 -58.977200
v 212.651993 89.928703 -59.063099
v 217.360199 97.215797 -60.327499
v 217.950195 96.467598 -57.791801
v 218.882507 96.267097 -57.502998
v 219.054199 95.828598 -57.277401
v 215.766907 91.939301 -56.322498
v 214.831696 91.178802 -56.488899
v 217.007797 92.411598 -56.255402
v 213.484802 90.498299 -61.640400
v 214.274200 90.508698 -62.078201
v 218.459595 95.113998 -63.237900
v 218.324997 95.597000 -63.092300
v 217.462402 95.881302 -62.682499
v 229.721298 75.021896 -55.432098
v 230.572998 74.172401 -55.830002
v 230.510696 72.852997 -56.213600
v 230.938400 71.688004 -58.621399
v 230.851593 73.764397 -55.999001
v 222.223495 71.981003 -57.708401
v 223.775803 72.654099 -55.518002
v 224.320602 73.338898 -55.296600
v 223.763199 72.668800 -60.885899
v 223.287903 72.067802 -60.408600
v 222.208206 71.962502 -57.862301
v 225.872101 73.668800 -61.814400
v 224.838196 72.955803 -61.378300
v 230.294098 73.094299 -61.588299
v 229.978500 73.457802 -61.790600
v 230.022903 72.266701 -61.104198
v 222.158707 71.966301 -57.778999
v 229.046005 74.210197 -62.202499
v 241.145599 81.840401 -60.777802
v 241.174805 81.874702 -60.863701
v 241.130203 81.821899 -60.931702
v 236.437302 74.553299 -59.513401
v 236.335205 75.887802 -57.158401
v 235.472504 76.172096 -56.748600
v 235.337906 76.655197 -56.602901
v 238.656494 80.582001 -57.244099
v 239.523407 81.260399 -57.762699
v 237.463898 80.167702 -56.827900
v 239.824905 80.684502 -63.091099
v 238.965897 80.590302 -63.352001
v 234.743393 75.940598 -62.563499
v 234.914993 75.502098 -62.337898
v 235.847397 75.301498 -62.049000
v 224.751495 97.558998 -57.638302
v 223.819107 98.311401 -58.050301
v 223.774597 99.502502 -58.736599
v 222.859207 100.081100 -61.219501
v 223.503403 98.674797 -58.252499
v 231.589401 99.806602 -61.978500
v 230.509598 99.701302 -59.432301
v 230.034393 99.100304 -58.955002
v 229.476898 98.430199 -64.544296
v 230.021805 99.114998 -64.322899
v 231.574005 99.788200 -62.132500
v 227.251495 97.290199 -64.783997
v 228.333496 98.061096 -64.736801
v 222.945908 98.004700 -63.841801
v 223.224503 97.596802 -64.010803
v 223.286804 98.916100 -63.627300
v 231.638901 99.802902 -62.061901
v 224.076202 96.747299 -64.408798
v 240.312698 81.270798 -58.200500
v 234.540802 77.073196 -63.093899
v 235.216095 77.884903 -56.323399
v 213.972595 91.084702 -56.749699
v 218.581497 93.884201 -63.517399
v 219.256805 94.695900 -56.747002
v 216.429306 91.901703 -62.996498
v 216.333694 91.601501 -63.012901
v 217.091202 92.697304 -56.359901
v 226.546097 74.478897 -55.056900
v 226.834702 74.378899 -55.135601
v 226.172806 73.583298 -61.772202
v 236.706299 79.071800 -63.480900
v 236.789795 79.357498 -63.585400
v 237.368301 79.867500 -56.844299
v 227.925507 98.100403 -58.026402
v 227.624802 98.185898 -58.068600
v 226.962799 97.390297 -64.705200
v 225.464096 73.708099 -55.104099
v 228.959396 98.813301 -58.462502
v 238.030701 79.829803 -63.518299
v 215.141098 91.187103 -62.596802
v 204.824905 95.769402 -58.903702
v 205.652893 95.071899 -56.040100
v 207.094299 92.717903 -54.715900
v 208.304703 90.086304 -55.706902
v 208.575195 88.718697 -58.432499
v 207.747192 89.416199 -61.296200
v 206.305801 91.770203 -62.620300
v 205.095398 94.401802 -61.629398
v 211.885406 97.820396 -59.853901
v 212.278000 96.996399 -56.931599
v 212.668304 94.336998 -55.466000
v 212.827698 91.400101 -56.315498
v 212.270203 90.730003 -61.904800
v 211.879898 93.389397 -63.370499
v 211.720505 96.326302 -62.520901
v 228.343201 66.878601 -57.785900
v 227.720993 67.962502 -54.991199
v 225.661301 69.909302 -53.833401
v 223.370804 71.578499 -54.990799
v 222.813202 70.908401 -60.580101
v 224.872894 68.961601 -61.737900
v 227.163498 67.292397 -60.580502
v 222.638702 62.278301 -56.665401
v 222.368301 63.645901 -53.939800
v 221.157806 66.277496 -52.948799
v 219.716400 68.631500 -54.272999
v 218.888504 69.329002 -57.136600
v 219.158905 67.961403 -59.862301
v 220.369400 65.329803 -60.853199
v 221.810806 62.975800 -59.529099
v 215.578293 60.227402 -55.715302
v 215.743195 61.721401 -53.048199
v 215.583801 64.658302 -52.198700
v 215.193497 67.317703 -53.664299
v 214.800797 68.141701 -56.586601
v 214.635895 66.647598 -59.253601
v 214.795303 63.710701 -60.103100
v 215.185699 61.051300 -58.637501
v 208.236694 61.037998 -55.080200
v 208.854294 62.482101 -52.452301
v 209.787796 65.298302 -51.697300
v 210.490402 67.836998 -53.257500
v 210.550507 68.611000 -56.218899
v 209.932907 67.166901 -58.846802
v 208.999405 64.350700 -59.601700
v 208.296799 61.812000 -58.041599
v 201.731796 64.586899 -54.856800
v 202.750504 65.812103 -52.242699
v 204.652298 68.100098 -51.520901
v 206.323196 70.110397 -53.114399
v 206.784393 70.665604 -56.089500
v 205.765701 69.440399 -58.703701
v 203.863907 67.152397 -59.425400
v 202.192902 65.141998 -57.832001
v 197.053696 70.333603 -55.079102
v 198.360794 71.204498 -52.451302
v 200.959106 72.637001 -51.696499
v 203.326401 73.791901 -53.256802
v 204.076096 73.992699 -56.218300
v 202.768906 73.121803 -58.846100
v 200.170700 71.689301 -59.600899
v 197.803299 70.534401 -58.040600
v 194.914703 77.403397 -55.713402
v 196.353699 77.838303 -53.046398
v 199.270401 78.218399 -52.197201
v 201.956207 78.320801 -53.663101
v 202.837708 78.085701 -56.585499
v 201.398697 77.650703 -59.252399
v 198.481995 77.270699 -60.101601
v 195.796204 77.168297 -58.635700
v 195.640503 84.719803 -56.662899
v 197.034805 84.703697 -53.937401
v 199.843399 83.994499 -52.946800
v 202.421097 83.007797 -54.271400
v 203.257904 82.321503 -57.135201
v 201.863602 82.337700 -59.860699
v 199.054901 83.046898 -60.851299
v 196.477203 84.033600 -59.526699
v 199.120499 91.169098 -57.783199
v 200.300201 90.755302 -54.988701
v 202.590805 89.086098 -53.831299
v 204.650406 87.139297 -54.989101
v 205.272598 86.055298 -57.783798
v 204.092896 86.469200 -60.578400
v 201.802307 88.138397 -61.735699
v 199.742706 90.085197 -60.577999
v 231.158798 109.490898 -63.175499
v 231.986801 108.793297 -60.311798
v 233.428207 106.439301 -58.987598
v 234.638596 103.807701 -59.978600
v 234.909103 102.440102 -62.704201
v 234.081100 103.137604 -65.567902
v 232.639801 105.491699 -66.892097
v 231.429306 108.123299 -65.901100
v 238.219299 111.541801 -64.125603
v 238.611893 110.717796 -61.203400
v 239.002197 108.058502 -59.737701
v 239.161606 105.121498 -60.587299
v 238.996704 103.627502 -63.254299
v 238.604095 104.451500 -66.176598
v 238.213806 107.110802 -67.642197
v 238.054398 110.047699 -66.792603
v 245.560806 110.731102 -64.760696
v 245.500702 109.957100 -61.799301
v 244.798203 107.418404 -60.239101
v 243.864700 104.602203 -60.994099
v 243.247101 103.158096 -63.622002
v 243.307205 103.932098 -66.583397
v 244.009796 106.470802 -68.143600
v 244.943207 109.287003 -67.388603
v 252.065796 107.182297 -64.984100
v 251.604599 106.627098 -62.008900
v 249.933701 104.616699 -60.415501
v 248.031799 102.328796 -61.137199
v 247.013199 101.103500 -63.751301
v 247.474304 101.658699 -66.726501
v 249.145294 103.669098 -68.319901
v 251.047104 105.957001 -67.598198
v 256.743896 101.435501 -64.761703
v 255.994202 101.234703 -61.800301
v 253.626907 100.079803 -60.239899
v 251.028702 98.647400 -60.994801
v 249.721497 97.776497 -63.622601
v 250.471207 97.977303 -66.584099
v 252.838501 99.132202 -68.144402
v 255.436707 100.564598 -67.389503
v 258.882904 94.365799 -64.127502
v 258.001312 94.600899 -61.205101
v 255.315598 94.498398 -59.739201
v 252.398895 94.118401 -60.588501
v 250.959900 93.683502 -63.255402
v 251.841400 93.448303 -66.177803
v 254.527100 93.550797 -67.643700
v 257.443787 93.930801 -66.794403
v 258.157104 87.049301 -63.177898
v 257.320313 87.735603 -60.314098
v 254.742599 88.722298 -58.989601
v 251.934006 89.431396 -59.980202
v 250.539703 89.447601 -62.705700
v 251.376495 88.761299 -65.569504
v 253.954193 87.774597 -66.893997
v 256.762787 87.065498 -65.903397
v 254.677094 80.599998 -62.057598
v 254.054901 81.683899 -59.262901
v 251.995193 83.630699 -58.105099
v 249.704697 85.299896 -59.262501
v 248.524902 85.713799 -62.057098
v 249.147202 84.629898 -64.851799
v 251.206802 82.683098 -66.009598
v 253.497406 81.013901 -64.852203
v 248.972702 75.999702 -60.937099
v 248.702194 77.367302 -58.211498
v 247.491699 79.998901 -57.220501
v 246.050293 82.352997 -58.544701
v 245.222397 83.050499 -61.408401
v 245.492798 81.682899 -64.134003
v 246.703293 79.051300 -65.125000
v 248.144699 76.697197 -63.800800
v 241.912201 73.948799 -59.987000
v 242.077103 75.442802 -57.319901
v 241.917694 78.379799 -56.470402
v 241.527405 81.039101 -57.936001
v 240.969803 80.369003 -63.525299
v 241.129303 77.432098 -64.374901
v 241.519608 74.772797 -62.909199
v 225.454407 104.890602 -62.055000
v 226.634094 104.476700 -59.260399
v 228.924698 102.807503 -58.103001
v 230.984299 100.860703 -59.260799
v 230.426804 100.190598 -64.850098
v 228.136200 101.859802 -66.007500
v 226.076599 103.806602 -64.849701
v 237.386993 79.889900 -56.657200
v 236.687698 79.049400 -63.667999
v 236.396805 78.989403 -55.992802
v 235.983902 78.603897 -56.080502
v 235.229599 77.697304 -63.643101
v 235.608398 78.041702 -63.897301
v 228.789307 74.855202 -54.913399
v 228.278305 74.759201 -54.675900
v 226.853394 74.401299 -54.948502
v 226.154099 73.560799 -61.959400
v 227.489899 73.811600 -62.580299
v 228.035004 73.948502 -62.476002
v 217.109894 92.719803 -56.172798
v 216.410599 91.879303 -63.183701
v 218.189194 93.727402 -55.943600
v 218.567993 94.071899 -56.197800
v 217.813705 93.165199 -63.760399
v 217.400803 92.779701 -63.848000
v 225.762604 97.820702 -57.364799
v 226.307693 97.957603 -57.260502
v 227.643494 98.208298 -57.881500
v 226.944199 97.367798 -64.892303
v 225.519196 97.009903 -65.165001
v 225.008194 96.914001 -64.927399
vt 0.500000 0.500000
vt 0.590100 0.500000
vt 0.527900 0.585700
vt 0.427100 0.553000
vt 0.427100 0.447000
vt 0.527900 0.414300
vt 0.618000 0.585700
vt 0.454900 0.638700
vt 0.354200 0.500000
vt 0.454900 0.361300
vt 0.618000 0.414300
vt 0.653300 0.500000
vt 0.547400 0.645800
vt 0.376000 0.590100
vt 0.376000 0.409900
vt 0.547400 0.354200
vt 0.663000 0.553000
vt 0.600800 0.638700
vt 0.500000 0.671400
vt 0.399200 0.638700
vt 0.337000 0.553000
vt 0.337000 0.447000
vt 0.399200 0.361300
vt 0.500000 0.328600
vt 0.600800 0.361300
vt 0.663000 0.447000
vt 0.500000 0.500000
vt 0.500000 0.706800
vt 0.452600 0.691400
vt 0.455300 0.706900
vt 0.500000 0.721400
vt 0.500000 0.671400
vt 0.500000 0.636100
vt 0.420000 0.610100
vt 0.399200 0.638700
vt 0.500000 0.621400
vt 0.428600 0.598200
vt 0.500000 0.636100
vt 0.420000 0.610100
vt 0.500000 0.671400
vt 0.399200 0.638700
vt 0.452600 0.691400
vt 0.500000 0.706800
vt 0.289400 0.568400
vt 0.345300 0.645300
vt 0.346000 0.645600
vt 0.303300 0.563900
vt 0.365400 0.649400
vt 0.376300 0.644600
vt 0.392600 0.647800
vt 0.337000 0.553000
vt 0.370600 0.542000
vt 0.384500 0.537500
vt 0.370600 0.542000
vt 0.337000 0.553000
vt 0.346000 0.645600
vt 0.303300 0.563900
vt 0.365400 0.649400
vt 0.303300 0.436100
vt 0.289400 0.431600
vt 0.337000 0.447000
vt 0.370600 0.458000
vt 0.384500 0.462500
vt 0.370600 0.458000
vt 0.337000 0.447000
vt 0.303300 0.436100
vt 0.365400 0.350600
vt 0.346000 0.354400
vt 0.345300 0.354700
vt 0.399200 0.361300
vt 0.392600 0.352200
vt 0.376300 0.355400
vt 0.420000 0.389900
vt 0.428600 0.401800
vt 0.420000 0.389900
vt 0.399200 0.361300
vt 0.365400 0.350600
vt 0.376300 0.355400
vt 0.392600 0.352200
vt 0.346000 0.354400
vt 0.500000 0.293200
vt 0.500000 0.278600
vt 0.455300 0.293100
vt 0.452600 0.308600
vt 0.500000 0.328600
vt 0.462400 0.317600
vt 0.461200 0.324500
vt 0.455300 0.340600
vt 0.414300 0.351500
vt 0.411200 0.354700
vt 0.500000 0.363900
vt 0.500000 0.378600
vt 0.500000 0.363900
vt 0.500000 0.328600
vt 0.500000 0.293200
vt 0.452600 0.308600
vt 0.547400 0.308600
vt 0.544700 0.293100
vt 0.580000 0.389900
vt 0.600800 0.361300
vt 0.571400 0.401800
vt 0.580000 0.389900
vt 0.600800 0.361300
vt 0.547400 0.308600
vt 0.710600 0.431600
vt 0.654700 0.354700
vt 0.654000 0.354400
vt 0.696700 0.436100
vt 0.634600 0.350600
vt 0.623700 0.355400
vt 0.607400 0.352200
vt 0.663000 0.447000
vt 0.629400 0.458000
vt 0.615500 0.462500
vt 0.629400 0.458000
vt 0.663000 0.447000
vt 0.654000 0.354400
vt 0.696700 0.436100
vt 0.634600 0.350600
vt 0.696700 0.563900
vt 0.710600 0.568400
vt 0.663000 0.553000
vt 0.629400 0.542000
vt 0.615500 0.537500
vt 0.629400 0.542000
vt 0.663000 0.553000
vt 0.696700 0.563900
vt 0.634600 0.649400
vt 0.654000 0.645600
vt 0.654700 0.645300
vt 0.600800 0.638700
vt 0.607400 0.647800
vt 0.623700 0.644600
vt 0.580000 0.610100
vt 0.571400 0.598200
vt 0.580000 0.610100
vt 0.600800 0.638700
vt 0.634600 0.649400
vt 0.623700 0.644600
vt 0.607400 0.647800
vt 0.654000 0.645600
vt 0.544700 0.706900
vt 0.547400 0.691400
vt 0.537600 0.682400
vt 0.538800 0.675500
vt 0.544700 0.659400
vt 0.585700 0.648500
vt 0.588800 0.645300
vt 0.547400 0.691400
vt 0.623700 0.355400
vt 0.607400 0.352200
vt 0.544700 0.340600
vt 0.585700 0.351500
vt 0.588800 0.354700
vt 0.538800 0.324500
vt 0.537600 0.317600
vt 0.376300 0.644600
vt 0.392600 0.647800
vt 0.455300 0.659400
vt 0.414300 0.648500
vt 0.411200 0.645300
vt 0.461200 0.675500
vt 0.462400 0.682400
vt 0.588800 0.645300
vt 0.585700 0.648500
vt 0.544700 0.659400
vt 0.537600 0.682400
vt 0.538800 0.675500
vt 0.588800 0.354700
vt 0.585700 0.351500
vt 0.544700 0.340600
vt 0.537600 0.317600
vt 0.538800 0.324500
vt 0.411200 0.354700
vt 0.414300 0.351500
vt 0.455300 0.340600
vt 0.462400 0.317600
vt 0.461200 0.324500
vt 0.411200 0.645300
vt 0.414300 0.648500
vt 0.455300 0.659400
vt 0.462400 0.682400
vt 0.461200 0.675500
vt 0.714300 0.771400
vt 0.714300 0.754700
vt 0.616800 0.735300
vt 0.610400 0.750800
vt 0.714300 0.714300
vt 0.632300 0.698000
vt 0.714300 0.673900
vt 0.647700 0.660600
vt 0.714300 0.657100
vt 0.647700 0.660600
vt 0.714300 0.673900
vt 0.714300 0.714300
vt 0.632300 0.698000
vt 0.714300 0.754700
vt 0.616800 0.735300
vt 0.566100 0.653700
vt 0.558500 0.655700
vt 0.585700 0.648500
vt 0.558500 0.655700
vt 0.566100 0.653700
vt 0.558500 0.344300
vt 0.616800 0.264700
vt 0.610400 0.249200
vt 0.566100 0.346300
vt 0.632300 0.302000
vt 0.585700 0.351500
vt 0.647700 0.339400
vt 0.647700 0.339400
vt 0.585700 0.351500
vt 0.632300 0.302000
vt 0.616800 0.264700
vt 0.566100 0.346300
vt 0.558500 0.344300
vt 0.714300 0.245300
vt 0.714300 0.228600
vt 0.714300 0.285700
vt 0.714300 0.326100
vt 0.714300 0.342900
vt 0.714300 0.326100
vt 0.714300 0.285700
vt 0.714300 0.245300
vt 0.811800 0.264700
vt 0.818200 0.249200
vt 0.796300 0.302000
vt 0.780800 0.339400
vt 0.774400 0.354800
vt 0.780800 0.339400
vt 0.796300 0.302000
vt 0.811800 0.264700
vt 0.894400 0.319900
vt 0.906200 0.308100
vt 0.865800 0.348500
vt 0.837200 0.377000
vt 0.825400 0.388900
vt 0.837200 0.377000
vt 0.865800 0.348500
vt 0.894400 0.319900
vt 0.949600 0.402500
vt 0.965100 0.396100
vt 0.912300 0.418000
vt 0.874900 0.433500
vt 0.859500 0.439900
vt 0.874900 0.433500
vt 0.912300 0.418000
vt 0.949600 0.402500
vt 0.969000 0.500000
vt 0.985700 0.500000
vt 0.928600 0.500000
vt 0.888200 0.500000
vt 0.871400 0.500000
vt 0.888200 0.500000
vt 0.928600 0.500000
vt 0.969000 0.500000
vt 0.949600 0.597500
vt 0.965100 0.603900
vt 0.912300 0.582000
vt 0.874900 0.566500
vt 0.859500 0.560100
vt 0.874900 0.566500
vt 0.912300 0.582000
vt 0.949600 0.597500
vt 0.894400 0.680100
vt 0.906200 0.691900
vt 0.865800 0.651500
vt 0.837200 0.623000
vt 0.825400 0.611100
vt 0.837200 0.623000
vt 0.865800 0.651500
vt 0.894400 0.680100
vt 0.811800 0.735300
vt 0.818200 0.750800
vt 0.796300 0.698000
vt 0.780800 0.660600
vt 0.774400 0.645200
vt 0.780800 0.660600
vt 0.796300 0.698000
vt 0.811800 0.735300
vt 0.285700 0.771400
vt 0.285700 0.754700
vt 0.188200 0.735300
vt 0.181800 0.750800
vt 0.285700 0.714300
vt 0.203700 0.698000
vt 0.285700 0.673900
vt 0.219200 0.660600
vt 0.285700 0.657100
vt 0.225600 0.645200
vt 0.285700 0.673900
vt 0.219200 0.660600
vt 0.285700 0.714300
vt 0.203700 0.698000
vt 0.285700 0.754700
vt 0.188200 0.735300
vt 0.105600 0.680100
vt 0.093800 0.691900
vt 0.134200 0.651500
vt 0.162800 0.623000
vt 0.174600 0.611100
vt 0.162800 0.623000
vt 0.134200 0.651500
vt 0.105600 0.680100
vt 0.050400 0.597500
vt 0.034900 0.603900
vt 0.087700 0.582000
vt 0.125100 0.566500
vt 0.140500 0.560100
vt 0.125100 0.566500
vt 0.087700 0.582000
vt 0.050400 0.597500
vt 0.031000 0.500000
vt 0.014300 0.500000
vt 0.071400 0.500000
vt 0.111800 0.500000
vt 0.128600 0.500000
vt 0.111800 0.500000
vt 0.071400 0.500000
vt 0.031000 0.500000
vt 0.050400 0.402500
vt 0.034900 0.396100
vt 0.087700 0.418000
vt 0.125100 0.433500
vt 0.140500 0.439900
vt 0.125100 0.433500
vt 0.087700 0.418000
vt 0.050400 0.402500
vt 0.105600 0.319900
vt 0.093800 0.308100
vt 0.134200 0.348500
vt 0.162800 0.377000
vt 0.174600 0.388900
vt 0.162800 0.377000
vt 0.134200 0.348500
vt 0.105600 0.319900
vt 0.188200 0.264700
vt 0.181800 0.249200
vt 0.203700 0.302000
vt 0.219200 0.339400
vt 0.225600 0.354800
vt 0.219200 0.339400
vt 0.203700 0.302000
vt 0.188200 0.264700
vt 0.285700 0.245300
vt 0.285700 0.228600
vt 0.285700 0.285700
vt 0.285700 0.326100
vt 0.285700 0.342900
vt 0.285700 0.326100
vt 0.285700 0.285700
vt 0.285700 0.245300
vt 0.383200 0.264700
vt 0.389600 0.249200
vt 0.367700 0.302000
vt 0.352300 0.339400
vt 0.352300 0.339400
vt 0.367700 0.302000
vt 0.383200 0.264700
vt 0.433900 0.346300
vt 0.441500 0.344300
vt 0.414300 0.351500
vt 0.441500 0.344300
vt 0.433900 0.346300
vt 0.441500 0.655700
vt 0.383200 0.735300
vt 0.389600 0.750800
vt 0.433900 0.653700
vt 0.367700 0.698000
vt 0.414300 0.648500
vt 0.352300 0.660600
vt 0.352300 0.660600
vt 0.414300 0.648500
vt 0.367700 0.698000
vt 0.383200 0.735300
vt 0.433900 0.653700
vt 0.441500 0.655700
vt 0.414300 0.351500
vt 0.585700 0.648500
vn -0.098556 -0.118458 -0.988056
vn -0.545318 -0.341228 -0.765632
vn -0.460834 0.265601 -0.846811
vn 0.144653 0.366123 -0.919255
vn 0.434374 -0.178580 -0.882853
vn 0.007945 -0.615744 -0.787906
vn -0.890298 0.063632 -0.450911
vn -0.200318 0.770981 -0.604534
vn 0.694886 0.326799 -0.640575
vn 0.558188 -0.655069 -0.509225
vn -0.421513 -0.817715 -0.392007
vn -0.829199 -0.462070 -0.314515
vn -0.685466 0.570326 -0.452620
vn 0.344653 0.741342 -0.575871
vn 0.837563 -0.185361 -0.513934
vn 0.112075 -0.929111 -0.352408
vn -0.978360 -0.177563 -0.106218
vn -0.897944 0.400033 -0.183492
vn -0.472364 0.836333 -0.278244
vn 0.103968 0.932011 -0.347198
vn 0.656128 0.658042 -0.369429
vn 0.931904 0.139570 -0.334776
vn 0.847589 -0.466046 -0.253760
vn 0.441696 -0.882162 -0.163387
vn -0.162591 -0.982480 -0.091087
vn -0.689209 -0.721184 -0.069887
vn 0.098550 0.118457 0.988057
vn 0.098551 0.118448 0.988058
vn 0.098552 0.118455 0.988057
vn 0.098547 0.118462 0.988056
vn 0.098546 0.118459 0.988057
vn 0.098551 0.118459 0.988056
vn 0.098558 0.118455 0.988056
vn 0.098561 0.118458 0.988055
vn 0.098556 0.118457 0.988056
vn 0.098552 0.118450 0.988057
vn 0.098550 0.118449 0.988058
vn -0.228650 0.718222 0.657173
vn -0.057190 0.787074 0.614202
vn -0.174593 0.979547 -0.100023
vn -0.468788 0.881345 -0.058895
vn -0.037097 0.274360 0.960911
vn 0.372409 -0.547873 0.749097
vn -0.055656 -0.600018 0.798048
vn 0.079086 0.223783 0.971425
vn 0.468786 -0.881346 0.058906
vn -0.136703 -0.981866 0.131346
vn 0.285362 -0.688779 -0.666448
vn -0.136156 -0.777671 -0.613750
vn -0.172263 0.072752 -0.982361
vn -0.071363 -0.063111 -0.995452
vn -0.194052 0.622532 -0.758154
vn -0.399234 0.534236 -0.745120
vn 0.660654 0.744600 -0.095431
vn 0.434599 0.888090 -0.149737
vn 0.440474 0.869677 0.222813
vn 0.532468 0.601738 0.595306
vn 0.346026 0.641874 0.684298
vn 0.263922 0.463227 0.846029
vn 0.143387 0.485213 0.862559
vn 0.097692 0.199835 0.974947
vn -0.435661 -0.390763 0.810866
vn -0.689970 -0.707347 0.153628
vn -0.532466 -0.601737 -0.595309
vn -0.026959 -0.044965 -0.998625
vn 0.368236 0.782843 -0.501557
vn 0.487321 0.488984 -0.723473
vn 0.191057 0.455591 -0.869445
vn 0.797009 0.180895 0.576241
vn 0.979188 0.109827 -0.170670
vn 0.152890 0.146629 0.977305
vn -0.622458 -0.000043 0.782653
vn -0.979697 -0.162647 0.117217
vn -0.752196 -0.228173 -0.618174
vn -0.030407 -0.164771 -0.985863
vn 0.622464 0.000045 -0.782649
vn 0.777687 -0.024238 0.628184
vn 0.953287 -0.094351 0.286954
vn 0.985656 -0.148077 -0.080960
vn 0.159592 0.109017 0.981145
vn 0.433690 -0.060617 0.899021
vn 0.483975 0.049477 0.873682
vn -0.544700 0.422913 0.724187
vn -0.895213 0.444178 0.036038
vn -0.711408 0.200334 -0.673620
vn -0.020369 -0.193196 -0.980949
vn 0.531581 -0.184595 -0.826648
vn 0.303241 -0.167727 -0.938037
vn 0.251517 -0.279451 -0.926632
vn 0.880976 -0.181129 -0.437119
vn 0.368965 -0.549571 0.749557
vn 0.468793 -0.881341 0.058916
vn 0.717091 -0.696876 0.012026
vn 0.520567 -0.337457 0.784304
vn 0.229894 -0.042600 0.972283
vn 0.376680 -0.169671 0.910672
vn 0.376686 -0.169684 0.910667
vn 0.376634 -0.169616 0.910701
vn 0.376713 -0.169731 0.910648
vn 0.376661 -0.169637 0.910686
vn -0.232084 0.716549 0.657795
vn -0.468787 0.881345 -0.058906
vn -0.425693 0.520113 -0.740451
vn -0.020707 -0.304751 -0.952207
vn 0.258839 -0.702990 -0.662425
vn 0.447534 -0.583687 -0.677512
vn 0.194068 -0.622569 0.758119
vn 0.174590 -0.979547 0.100026
vn 0.195992 0.768697 0.608845
vn 0.116889 0.011691 0.993076
vn 0.136700 0.981865 -0.131353
vn -0.004181 0.609001 -0.793159
vn -0.125349 -0.173372 -0.976847
vn 0.057166 -0.787086 -0.614189
vn -0.649015 -0.730627 0.212047
vn -0.434606 -0.888068 0.149841
vn -0.368281 -0.782899 0.501436
vn -0.392139 -0.433072 0.811589
vn -0.191054 -0.455606 0.869438
vn -0.083166 -0.246061 0.965680
vn 0.038778 -0.266410 0.963079
vn 0.098749 0.036275 0.994451
vn 0.576001 0.559442 0.596027
vn 0.689975 0.707342 -0.153632
vn 0.392132 0.433064 -0.811596
vn -0.169099 -0.190683 -0.966978
vn -0.440484 -0.869719 -0.222630
vn -0.607337 -0.633231 -0.479750
vn -0.346034 -0.641861 -0.684306
vn -0.665074 -0.022326 0.746444
vn -0.990831 -0.123838 0.054019
vn 0.043848 0.089825 0.994992
vn 0.762794 0.168717 0.624244
vn 0.979697 0.162637 -0.117235
vn 0.611860 0.059501 -0.788725
vn -0.166024 -0.071338 -0.983538
vn -0.762791 -0.168716 -0.624248
vn -0.640783 0.188756 0.744156
vn -0.880875 0.181144 0.437317
vn -0.985674 0.148057 0.080788
vn 0.037130 0.127448 0.991150
vn -0.251548 0.279443 0.926626
vn -0.303230 0.167696 0.938046
vn 0.685034 -0.254243 0.682707
vn 0.895211 -0.444183 -0.036046
vn 0.571070 -0.369011 -0.733287
vn -0.175614 -0.042307 -0.983550
vn -0.686536 -0.001690 -0.727094
vn -0.483930 -0.049503 -0.873706
vn -0.433626 0.060532 -0.899057
vn -0.953199 0.094282 -0.287269
vn -0.717095 0.696872 -0.012018
vn -0.365586 0.523694 0.769475
vn -0.195962 0.386800 0.901102
vn -0.195978 0.386858 0.901074
vn -0.195955 0.386821 0.901094
vn -0.195899 0.386749 0.901137
vn -0.195986 0.386875 0.901065
vn -0.584426 0.419168 -0.694798
vn -0.263887 -0.463191 -0.846060
vn -0.143356 -0.485166 -0.862591
vn -0.020607 -0.499922 -0.865826
vn -0.020617 -0.499850 -0.865867
vn -0.020608 -0.499894 -0.865841
vn -0.020641 -0.499745 -0.865927
vn -0.020633 -0.499769 -0.865913
vn 0.083180 0.246004 -0.965693
vn -0.038730 0.266288 -0.963115
vn -0.160080 0.282564 -0.945797
vn -0.160072 0.282744 -0.945745
vn -0.160052 0.282478 -0.945828
vn -0.160074 0.282576 -0.945794
vn -0.160054 0.282521 -0.945814
vn -0.376708 0.169685 -0.910658
vn -0.376732 0.169770 -0.910633
vn -0.376745 0.169725 -0.910635
vn -0.376694 0.169636 -0.910673
vn -0.376689 0.169602 -0.910681
vn 0.160071 -0.282530 0.945809
vn 0.160060 -0.282414 0.945845
vn 0.160071 -0.282528 0.945809
vn 0.160082 -0.282511 0.945813
vn 0.160076 -0.282503 0.945816
vn 0.196037 -0.386894 -0.901045
vn 0.196035 -0.386867 -0.901057
vn 0.195992 -0.386865 -0.901067
vn 0.195990 -0.386865 -0.901068
vn 0.196009 -0.386891 -0.901052
vn 0.020629 0.499768 0.865913
vn 0.020613 0.499771 0.865912
vn 0.020634 0.499711 0.865946
vn 0.020644 0.499729 0.865936
vn 0.020638 0.499734 0.865933
vn -0.468789 0.881345 -0.058897
vn -0.277369 0.696568 0.661709
vn 0.004683 0.879841 0.475244
vn -0.109748 0.963791 -0.243028
vn 0.074414 0.105856 0.991593
vn 0.084923 0.163035 0.982959
vn 0.391824 -0.469600 0.791170
vn 0.159782 -0.647088 0.745485
vn 0.287952 -0.953827 0.085422
vn 0.126868 -0.868881 0.478487
vn 0.448707 -0.885427 0.121161
vn 0.026943 -0.839845 -0.542158
vn 0.051634 -0.959331 -0.277521
vn 0.277366 -0.696567 -0.661712
vn -0.074425 -0.105848 -0.991593
vn -0.091521 -0.290516 -0.952483
vn -0.383588 0.546064 -0.744765
vn -0.103203 0.532227 -0.840288
vn 0.136313 0.646054 0.751021
vn 0.127797 0.958935 0.253203
vn 0.110247 0.993888 0.005666
vn 0.098559 0.118485 0.988052
vn 0.165360 0.482768 0.859995
vn 0.201706 0.471698 0.858380
vn -0.000489 -0.619508 0.784990
vn 0.052692 -0.274826 0.960049
vn 0.052641 -0.274754 0.960073
vn 0.052684 -0.274805 0.960056
vn -0.127810 -0.958926 -0.253231
vn -0.138927 -0.785782 -0.602700
vn 0.000475 0.619388 -0.785085
vn -0.016675 0.264038 -0.964368
vn 0.019494 0.252896 -0.967297
vn -0.076283 0.088055 -0.993190
vn 0.444096 -0.041267 0.895029
vn 0.447960 -0.029284 0.893574
vn 0.476100 0.066605 0.876865
vn 0.850033 -0.398915 0.343963
vn 0.693913 -0.257626 0.672394
vn 0.622226 -0.300969 0.722671
vn 0.769017 -0.639228 -0.000074
vn 0.882747 -0.458481 0.102729
vn 0.098518 0.118480 0.988057
vn -0.013299 0.197882 0.980136
vn -0.250596 0.295367 0.921933
vn -0.515331 0.546601 0.660046
vn -0.555535 0.423974 0.715281
vn -0.775872 0.488073 0.399759
vn -0.632939 0.681175 0.367953
vn -0.595324 0.334750 -0.730432
vn -0.747914 0.545558 -0.378143
vn -0.850016 0.398899 -0.344025
vn -0.693853 0.257612 -0.672461
vn -0.432246 0.077251 -0.898441
vn -0.432305 0.077326 -0.898406
vn -0.432218 0.077212 -0.898458
vn -0.115849 -0.139274 -0.983454
vn 0.485361 -0.518845 -0.703722
vn 0.084869 -0.214787 -0.972966
vn 0.273321 -0.224097 -0.935455
vn 0.262146 -0.259974 -0.929351
vn 0.555551 -0.424002 -0.715252
vn 0.417115 -0.528604 0.739319
vn 0.468785 -0.881346 0.058907
vn 0.122616 0.130966 0.983775
vn -0.243839 0.714043 0.656265
vn -0.637843 0.736205 -0.226183
vn -0.486862 0.873472 0.003556
vn -0.417116 0.528599 -0.739322
vn -0.122620 -0.130973 -0.983774
vn 0.243842 -0.714040 -0.656268
vn 0.157295 -0.611809 0.775208
vn 0.097185 -0.989289 0.108911
vn 0.125706 0.120751 0.984691
vn 0.020272 0.783026 0.621659
vn -0.097174 0.989290 -0.108918
vn -0.157289 0.611798 -0.775218
vn -0.125706 -0.120751 -0.984692
vn -0.020274 -0.783027 -0.621657
vn -0.115834 -0.589084 0.799727
vn -0.289215 -0.946623 0.142338
vn 0.124661 0.110186 0.986062
vn 0.291934 0.745594 0.599053
vn 0.289212 0.946625 -0.142331
vn 0.115831 0.589066 -0.799741
vn -0.124653 -0.110182 -0.986064
vn -0.291942 -0.745591 -0.599052
vn -0.360689 -0.463889 0.809142
vn -0.631580 -0.759842 0.154101
vn 0.119634 0.100865 0.987681
vn 0.529808 0.607438 0.591880
vn 0.631584 0.759843 -0.154080
vn 0.360684 0.463888 -0.809144
vn -0.119627 -0.100863 -0.987682
vn -0.529803 -0.607442 -0.591881
vn -0.539986 -0.255288 0.802024
vn -0.877796 -0.457381 0.142394
vn 0.111386 0.094216 0.989301
vn 0.697646 0.389591 0.601256
vn 0.877801 0.457373 -0.142388
vn 0.539989 0.255280 -0.802025
vn -0.111387 -0.094212 -0.989301
vn -0.697643 -0.389588 -0.601262
vn -0.626456 0.004969 0.779441
vn -0.990376 -0.085284 0.109006
vn 0.101194 0.091252 0.990673
vn 0.769911 0.125219 0.625745
vn 0.990375 0.085287 -0.109012
vn 0.626446 -0.004969 -0.779449
vn -0.101193 -0.091257 -0.990673
vn -0.769911 -0.125216 -0.625746
vn -0.606906 0.277255 0.744846
vn -0.952176 0.299792 0.059043
vn 0.090587 0.092421 0.991591
vn 0.735605 -0.145429 0.661616
vn 0.952178 -0.299785 -0.059036
vn 0.606897 -0.277247 -0.744856
vn -0.090585 -0.092423 -0.991591
vn -0.735613 0.145437 -0.661605
vn -0.484324 0.520112 0.703501
vn -0.769019 0.639226 0.000080
vn 0.081182 0.097550 0.991914
vn 0.599951 -0.381154 0.703407
vn 0.769026 -0.639217 -0.000068
vn 0.484316 -0.520097 -0.703517
vn -0.081177 -0.097548 -0.991915
vn -0.599946 0.381161 -0.703407
vn -0.468786 0.881346 -0.058899
vn -0.277366 0.696569 0.661709
vn -0.017545 0.779774 0.625815
vn -0.097177 0.989290 -0.108913
vn 0.074419 0.105852 0.991593
vn 0.071326 0.116077 0.990676
vn 0.383592 -0.546074 0.744755
vn 0.119470 -0.615068 0.779370
vn 0.498491 -0.859502 0.112970
vn 0.097176 -0.989291 0.108908
vn 0.277369 -0.696568 -0.661709
vn 0.017548 -0.779771 -0.625818
vn -0.074416 -0.105848 -0.991594
vn -0.071331 -0.116062 -0.990677
vn -0.383584 0.546069 -0.744763
vn -0.119471 0.615063 -0.779374
vn 0.255578 0.757043 0.601303
vn 0.289215 0.946623 -0.142337
vn 0.072380 0.126648 0.989304
vn -0.152199 -0.577631 0.801984
vn -0.289219 -0.946622 0.142336
vn -0.255581 -0.757044 -0.601301
vn -0.072374 -0.126645 -0.989304
vn 0.152192 0.577633 -0.801983
vn 0.500432 0.631852 0.591887
vn 0.631581 0.759842 -0.154094
vn 0.077403 0.135962 0.987686
vn -0.390049 -0.439477 0.809149
vn -0.631580 -0.759844 0.154093
vn -0.500428 -0.631853 -0.591889
vn -0.077398 -0.135958 -0.987687
vn 0.390055 0.439466 -0.809152
vn 0.679740 0.423253 0.599007
vn 0.877797 0.457382 -0.142389
vn 0.085642 0.142611 0.986067
vn -0.557897 -0.221626 0.799771
vn -0.877795 -0.457383 0.142393
vn -0.679738 -0.423249 -0.599013
vn -0.085637 -0.142600 -0.986069
vn 0.557895 0.221624 -0.799772
vn 0.766191 0.163004 0.621595
vn 0.990375 0.085286 -0.109017
vn 0.095848 0.145571 0.984694
vn -0.630173 0.042748 0.775277
vn -0.990375 -0.085288 0.109016
vn -0.766199 -0.163003 -0.621586
vn -0.095845 -0.145572 -0.984694
vn 0.630163 -0.042748 -0.775285
vn 0.746644 -0.109278 0.656187
vn 0.952177 -0.299790 -0.059039
vn 0.106448 0.144404 0.983777
vn -0.595857 0.313398 0.739416
vn -0.952178 0.299789 0.059027
vn -0.746648 0.109282 -0.656181
vn -0.106449 -0.144402 -0.983777
vn 0.595859 -0.313399 -0.739415
vn 0.624065 -0.352141 0.697523
vn 0.769020 -0.639225 -0.000072
vn 0.115850 0.139277 0.983453
vn -0.460197 0.549130 0.697621
vn -0.769019 0.639227 0.000074
vn -0.624062 0.352142 -0.697526
vn -0.115854 -0.139268 -0.983454
vn 0.460206 -0.549121 -0.697622
vn 0.417114 -0.528599 0.739323
vn 0.468787 -0.881345 0.058905
vn 0.122616 0.130965 0.983775
vn -0.241098 0.650770 0.719980
vn -0.437073 0.899415 -0.004473
vn -0.417115 0.528605 -0.739318
vn -0.122615 -0.130969 -0.983775
vn 0.243841 -0.714037 -0.656272
vn 0.108509 -0.743798 0.659538
vn 0.082789 -0.996194 -0.027266
vn 0.111970 0.073634 0.990980
vn -0.026700 0.807081 0.589836
vn -0.288745 0.953582 -0.085489
vn -0.051884 0.959311 0.277543
vn -0.151889 0.689956 -0.707736
vn -0.128078 0.868570 -0.478729
vn -0.102542 0.057277 -0.993078
vn -0.050023 -0.716405 -0.695890
vn 0.027698 -0.448948 0.893128
vn -0.053610 -0.869769 0.490538
vn -0.083784 -0.962102 0.259500
vn 0.098553 0.118449 0.988057
vn 0.016623 -0.264049 0.964366
vn -0.019587 -0.252839 0.967310
vn 0.138895 0.785816 0.602662
vn 0.128904 0.493073 0.860385
vn 0.129014 0.492993 0.860414
vn 0.128928 0.493076 0.860380
vn 0.053634 0.869752 -0.490565
vn 0.000511 0.619388 -0.785085
vn -0.138901 -0.785762 -0.602731
vn -0.165399 -0.482771 -0.859986
vn -0.201790 -0.471714 -0.858351
vn -0.116719 -0.319801 -0.940268
vn -0.262136 0.260022 0.929340
vn -0.265883 0.248114 0.931529
vn -0.294485 0.151732 0.943534
vn -0.775812 0.488091 0.399854
vn -0.555413 0.423964 0.715382
vn -0.476406 0.476214 0.739093
vn -0.769019 0.639227 0.000071
vn -0.856293 0.490282 0.162438
vn 0.098549 0.118453 0.988057
vn 0.208530 0.036803 0.977323
vn 0.432172 -0.077117 0.898488
vn 0.646626 -0.388787 0.656292
vn 0.693921 -0.257638 0.672381
vn 0.850030 -0.398898 0.343990
vn 0.708224 -0.590770 0.386534
vn 0.449351 -0.510192 -0.733340
vn 0.672593 -0.636062 -0.378211
vn 0.775843 -0.488096 -0.399787
vn 0.555474 -0.424004 -0.715311
vn 0.250544 -0.295276 -0.921976
vn 0.250466 -0.295083 -0.922059
vn 0.250566 -0.295308 -0.921960
vn -0.081175 -0.097553 -0.991914
vn -0.625081 0.350877 -0.697251
vn -0.277735 -0.017005 -0.960507
vn -0.455446 0.005321 -0.890247
vn -0.444116 0.041301 -0.895017
vn -0.693892 0.257611 -0.672421
vn 0.598640 -0.783316 -0.167471
vn 0.127782 0.958937 0.253204
vn -0.052697 0.274876 -0.960034
vn -0.273304 -0.447655 -0.851416
vn -0.053594 -0.869792 0.490500
vn -0.128834 -0.493152 -0.860351
vn 0.091914 0.229322 -0.969001
vn 0.794770 -0.606877 -0.006482
vn 0.844899 -0.534546 -0.020165
vn 0.952215 -0.299658 -0.059098
vn 0.679962 -0.732971 0.020143
vn 0.679964 -0.732968 0.020143
vn 0.679915 -0.733013 0.020187
vn 0.289182 0.946657 -0.142174
vn 0.032880 0.991984 -0.122010
vn -0.055720 0.992006 -0.113220
vn -0.225843 0.969599 -0.094200
vn -0.226239 0.969391 -0.095383
vn -0.225932 0.969545 -0.094535
vn -0.794705 0.606960 0.006652
vn -0.844811 0.534677 0.020373
vn -0.952120 0.299934 0.059219
vn -0.680014 0.732929 -0.019907
vn -0.680049 0.732896 -0.019929
vn -0.680089 0.732861 -0.019853
vn -0.289129 -0.946663 0.142245
vn -0.032937 -0.991975 0.122068
vn 0.055675 -0.992002 0.113284
vn 0.225555 -0.969719 0.093652
vn 0.225556 -0.969722 0.093614
vn 0.225583 -0.969709 0.093688
vn -0.250596 0.295363 0.921934
vn -0.250623 0.295375 0.921923
vn 0.432191 -0.077133 0.898477
vn 0.432168 -0.077116 0.898490
vn -0.052685 0.274869 -0.960037
vn -0.052697 0.274832 -0.960047
vn -0.128755 -0.493274 -0.860292
vn -0.128851 -0.493128 -0.860362
vn -0.850023 0.398917 -0.343987
vn 0.055640 -0.991965 0.113621
vn -0.033003 -0.991915 0.122540
vn -0.289277 -0.946565 0.142597
vn 0.225547 -0.969701 0.093852
vn 0.225561 -0.969712 0.093711
vn 0.225491 -0.969739 0.093594
vn -0.476065 -0.066480 -0.876894
vn -0.091803 -0.229335 0.969009
vn -0.679719 0.733215 -0.019418
vn -0.679115 0.733811 -0.018006
vn -0.679570 0.733363 -0.019056
vn -0.794756 0.606896 0.006365
vn -0.844877 0.534588 0.019993
vn -0.952178 0.299838 0.058767
vn -0.127789 -0.958916 -0.253279
vn 0.775847 -0.488087 -0.399790
vn -0.055738 0.991967 -0.113555
vn 0.032852 0.991928 -0.122471
vn 0.289197 0.946577 -0.142679
vn -0.225582 0.969681 -0.093976
vn -0.225507 0.969696 -0.094007
vn -0.225390 0.969700 -0.094241
vn 0.294489 -0.151587 -0.943556
vn 0.273365 0.447584 0.851434
vn 0.679972 -0.732967 0.019945
vn 0.680095 -0.732852 0.019953
vn 0.680050 -0.732893 0.020022
vn 0.794633 -0.607054 -0.006650
vn 0.844715 -0.534827 -0.020415
vn 0.952066 -0.300103 -0.059232
vn 0.053606 0.869761 -0.490552
s 1
g Toasters040_WindupKey01
f 1/1/1 2/2/2 3/3/3
f 1/1/1 3/3/3 4/4/4
f 1/1/1 4/4/4 5/5/5
f 1/1/1 5/5/5 6/6/6
f 1/1/1 6/6/6 2/2/2
f 12/7/7 3/3/3 2/2/2
f 13/8/8 4/4/4 3/3/3
f 14/9/9 5/5/5 4/4/4
f 15/10/10 6/6/6 5/5/5
f 16/11/11 2/2/2 6/6/6
f 2/2/2 16/11/11 7/12/12
f 2/2/2 7/12/12 12/7/7
f 3/3/3 12/7/7 8/13/13
f 3/3/3 8/13/13 13/8/8
f 4/4/4 13/8/8 9/14/14
f 4/4/4 9/14/14 14/9/9
f 5/5/5 14/9/9 10/15/15
f 5/5/5 10/15/15 15/10/10
f 6/6/6 15/10/10 11/16/16
f 6/6/6 11/16/16 16/11/11
f 17/17/17 12/7/7 7/12/12
f 18/18/18 8/13/13 12/7/7
f 19/19/19 13/8/8 8/13/13
f 20/20/20 9/14/14 13/8/8
f 21/21/21 14/9/9 9/14/14
f 22/22/22 10/15/15 14/9/9
f 23/23/23 15/10/10 10/15/15
f 24/24/24 11/16/16 15/10/10
f 25/25/25 16/11/11 11/16/16
f 26/26/26 7/12/12 16/11/11
f 7/12/12 26/26/26 17/17/17
f 12/7/7 17/17/17 18/18/18
f 8/13/13 18/18/18 19/19/19
f 13/8/8 19/19/19 20/20/20
f 9/14/14 20/20/20 21/21/21
f 14/9/9 21/21/21 22/22/22
f 10/15/15 22/22/22 23/23/23
f 15/10/10 23/23/23 24/24/24
f 11/16/16 24/24/24 25/25/25
f 16/11/11 25/25/25 26/26/26
s 2
f 17/17/27 26/26/28 27/27/29
f 18/18/30 17/17/27 27/27/29
f 19/19/31 18/18/30 27/27/29
f 20/20/32 19/19/31 27/27/29
f 21/21/33 20/20/32 27/27/29
f 22/22/34 21/21/33 27/27/29
f 23/23/35 22/22/34 27/27/29
f 24/24/36 23/23/35 27/27/29
f 25/25/37 24/24/36 27/27/29
f 26/26/28 25/25/37 27/27/29
s 3
f 29/28/38 146/29/39 147/30/40
f 147/30/40 28/31/41 29/28/38
f 30/32/42 31/33/43 37/34/44
f 37/34/44 36/35/45 30/32/42
f 31/33/43 32/36/46 38/37/47
f 38/37/47 37/34/44 31/33/43
f 32/36/46 33/38/48 39/39/49
f 39/39/49 38/37/47 32/36/46
f 33/38/48 34/40/50 40/41/51
f 40/41/51 39/39/49 33/38/48
f 147/30/40 159/42/52 35/43/53
f 35/43/53 28/31/41 147/30/40
f 41/44/54 160/45/55 149/46/56
f 42/47/57 41/44/54 149/46/56
f 150/48/58 42/47/57 149/46/56
f 151/49/59 181/50/60 36/35/45
f 151/49/59 36/35/45 43/51/61
f 43/51/61 42/47/57 150/48/58
f 151/49/59 43/51/61 150/48/58
f 36/35/45 37/34/44 44/52/62
f 44/52/62 43/51/61 36/35/45
f 37/34/44 38/37/47 45/53/63
f 45/53/63 44/52/62 37/34/44
f 38/37/47 39/39/49 46/54/64
f 46/54/64 45/53/63 38/37/47
f 39/39/49 40/41/51 47/55/65
f 47/55/65 46/54/64 39/39/49
f 154/56/66 160/45/55 41/44/54
f 154/56/66 41/44/54 48/57/67
f 154/56/66 48/57/67 153/58/68
f 41/44/54 42/47/57 50/59/69
f 50/59/69 49/60/70 41/44/54
f 42/47/57 43/51/61 51/61/71
f 51/61/71 50/59/69 42/47/57
f 43/51/61 44/52/62 52/62/72
f 52/62/72 51/61/71 43/51/61
f 44/52/62 45/53/63 53/63/73
f 53/63/73 52/62/72 44/52/62
f 45/53/63 46/54/64 54/64/74
f 54/64/74 53/63/73 45/53/63
f 46/54/64 47/55/65 55/65/75
f 55/65/75 54/64/74 46/54/64
f 47/55/65 48/57/67 56/66/76
f 56/66/76 55/65/75 47/55/65
f 48/57/67 41/44/54 49/60/70
f 49/60/70 56/66/76 48/57/67
f 50/59/69 162/67/77 129/68/78
f 49/60/70 50/59/69 129/68/78
f 49/60/70 129/68/78 130/69/79
f 57/70/80 136/71/81 137/72/82
f 51/61/71 57/70/80 137/72/82
f 50/59/69 51/61/71 137/72/82
f 50/59/69 137/72/82 162/67/77
f 51/61/71 52/62/72 58/73/83
f 58/73/83 57/70/80 51/61/71
f 52/62/72 53/63/73 59/74/84
f 59/74/84 58/73/83 52/62/72
f 53/63/73 54/64/74 60/75/85
f 60/75/85 59/74/84 53/63/73
f 54/64/74 55/65/75 61/76/86
f 61/76/86 60/75/85 54/64/74
f 55/65/75 56/66/76 139/77/87
f 55/65/75 139/77/87 140/78/88
f 140/78/88 182/79/89 61/76/86
f 55/65/75 140/78/88 61/76/86
f 49/60/70 130/69/79 131/80/90
f 56/66/76 49/60/70 131/80/90
f 56/66/76 131/80/90 139/77/87
f 63/81/91 62/82/92 132/83/93
f 132/83/93 133/84/94 63/81/91
f 64/85/95 63/81/91 133/84/94
f 64/85/95 133/84/94 134/86/96
f 64/85/95 134/86/96 135/87/97
f 64/85/95 135/87/97 164/88/98
f 164/88/98 176/89/99 138/90/100
f 64/85/95 164/88/98 138/90/100
f 138/90/100 136/71/81 57/70/80
f 64/85/95 138/90/100 57/70/80
f 57/70/80 58/73/83 65/91/101
f 65/91/101 64/85/95 57/70/80
f 58/73/83 59/74/84 66/92/102
f 66/92/102 65/91/101 58/73/83
f 59/74/84 60/75/85 67/93/103
f 67/93/103 66/92/102 59/74/84
f 60/75/85 61/76/86 68/94/104
f 68/94/104 67/93/103 60/75/85
f 132/83/93 62/82/92 69/95/105
f 69/95/105 143/96/106 132/83/93
f 63/81/91 113/97/107 114/98/108
f 114/98/108 62/82/92 63/81/91
f 64/85/95 65/91/101 71/99/109
f 71/99/109 70/100/110 64/85/95
f 65/91/101 66/92/102 72/101/111
f 72/101/111 71/99/109 65/91/101
f 66/92/102 67/93/103 73/102/112
f 73/102/112 72/101/111 66/92/102
f 67/93/103 68/94/104 74/103/113
f 74/103/113 73/102/112 67/93/103
f 114/98/108 126/104/114 69/95/105
f 69/95/105 62/82/92 114/98/108
f 75/105/115 127/106/116 116/107/117
f 76/108/118 75/105/115 116/107/117
f 117/109/119 76/108/118 116/107/117
f 118/110/120 180/111/121 70/100/110
f 118/110/120 70/100/110 77/112/122
f 77/112/122 76/108/118 117/109/119
f 118/110/120 77/112/122 117/109/119
f 70/100/110 71/99/109 78/113/123
f 78/113/123 77/112/122 70/100/110
f 71/99/109 72/101/111 79/114/124
f 79/114/124 78/113/123 71/99/109
f 72/101/111 73/102/112 80/115/125
f 80/115/125 79/114/124 72/101/111
f 73/102/112 74/103/113 81/116/126
f 81/116/126 80/115/125 73/102/112
f 121/117/127 127/106/116 75/105/115
f 121/117/127 75/105/115 82/118/128
f 121/117/127 82/118/128 120/119/129
f 75/105/115 76/108/118 84/120/130
f 84/120/130 83/121/131 75/105/115
f 76/108/118 77/112/122 85/122/132
f 85/122/132 84/120/130 76/108/118
f 77/112/122 78/113/123 86/123/133
f 86/123/133 85/122/132 77/112/122
f 78/113/123 79/114/124 87/124/134
f 87/124/134 86/123/133 78/113/123
f 79/114/124 80/115/125 88/125/135
f 88/125/135 87/124/134 79/114/124
f 80/115/125 81/116/126 89/126/136
f 89/126/136 88/125/135 80/115/125
f 81/116/126 82/118/128 90/127/137
f 90/127/137 89/126/136 81/116/126
f 82/118/128 75/105/115 83/121/131
f 83/121/131 90/127/137 82/118/128
f 84/120/130 165/128/138 96/129/139
f 83/121/131 84/120/130 96/129/139
f 83/121/131 96/129/139 97/130/140
f 91/131/141 103/132/142 104/133/143
f 85/122/132 91/131/141 104/133/143
f 84/120/130 85/122/132 104/133/143
f 84/120/130 104/133/143 165/128/138
f 85/122/132 86/123/133 92/134/144
f 92/134/144 91/131/141 85/122/132
f 86/123/133 87/124/134 93/135/145
f 93/135/145 92/134/144 86/123/133
f 87/124/134 88/125/135 94/136/146
f 94/136/146 93/135/145 87/124/134
f 88/125/135 89/126/136 95/137/147
f 95/137/147 94/136/146 88/125/135
f 89/126/136 90/127/137 106/138/148
f 89/126/136 106/138/148 107/139/149
f 107/139/149 183/140/150 95/137/147
f 89/126/136 107/139/149 95/137/147
f 83/121/131 97/130/140 98/141/151
f 90/127/137 83/121/131 98/141/151
f 90/127/137 98/141/151 106/138/148
f 29/28/38 28/31/41 99/142/152
f 99/142/152 100/143/153 29/28/38
f 30/32/42 29/28/38 100/143/153
f 30/32/42 100/143/153 101/144/154
f 30/32/42 101/144/154 102/145/155
f 30/32/42 102/145/155 167/146/156
f 167/146/156 170/147/157 105/148/158
f 30/32/42 167/146/156 105/148/158
f 105/148/158 103/132/142 91/131/141
f 30/32/42 105/148/158 91/131/141
f 91/131/141 92/134/144 31/33/43
f 31/33/43 30/32/42 91/131/141
f 92/134/144 93/135/145 32/36/46
f 32/36/46 31/33/43 92/134/144
f 93/135/145 94/136/146 33/38/48
f 33/38/48 32/36/46 93/135/145
f 94/136/146 95/137/147 34/40/50
f 34/40/50 33/38/48 94/136/146
f 99/142/152 28/31/41 35/43/53
f 35/43/53 110/149/159 99/142/152
f 120/119/129 82/118/128 81/116/126
f 119/150/160 120/119/129 81/116/126
f 119/150/160 81/116/126 74/103/113
f 119/150/160 74/103/113 123/151/161
f 128/152/162 173/153/163 122/154/164
f 122/154/164 123/151/161 74/103/113
f 122/154/164 74/103/113 68/94/104
f 128/152/162 122/154/164 68/94/104
f 125/155/165 128/152/162 68/94/104
f 69/95/105 126/104/114 124/156/166
f 68/94/104 69/95/105 124/156/166
f 125/155/165 68/94/104 124/156/166
f 153/58/68 48/57/67 47/55/65
f 152/157/167 153/58/68 47/55/65
f 152/157/167 47/55/65 40/41/51
f 152/157/167 40/41/51 156/158/168
f 161/159/169 179/160/170 155/161/171
f 155/161/171 156/158/168 40/41/51
f 155/161/171 40/41/51 34/40/50
f 161/159/169 155/161/171 34/40/50
f 158/162/172 161/159/169 34/40/50
f 35/43/53 159/42/52 157/163/173
f 34/40/50 35/43/53 157/163/173
f 158/162/172 34/40/50 157/163/173
f 169/164/174 168/165/175 166/166/176
f 109/167/177 110/149/159 35/43/53
f 109/167/177 35/43/53 34/40/50
f 108/168/178 109/167/177 34/40/50
f 166/166/176 108/168/178 34/40/50
f 166/166/176 34/40/50 95/137/147
f 169/164/174 166/166/176 95/137/147
f 169/164/174 95/137/147 183/140/150
f 171/169/179 172/170/180 111/171/181
f 115/172/182 113/97/107 63/81/91
f 112/173/183 115/172/182 63/81/91
f 112/173/183 63/81/91 64/85/95
f 111/171/181 112/173/183 64/85/95
f 111/171/181 64/85/95 70/100/110
f 171/169/179 111/171/181 70/100/110
f 171/169/179 70/100/110 180/111/121
f 175/174/184 174/175/185 163/176/186
f 142/177/187 143/96/106 69/95/105
f 142/177/187 69/95/105 68/94/104
f 141/178/188 142/177/187 68/94/104
f 163/176/186 141/178/188 68/94/104
f 163/176/186 68/94/104 61/76/86
f 175/174/184 163/176/186 61/76/86
f 175/174/184 61/76/86 182/79/89
f 177/179/189 178/180/190 144/181/191
f 148/182/192 146/29/39 29/28/38
f 145/183/193 148/182/192 29/28/38
f 145/183/193 29/28/38 30/32/42
f 144/181/191 145/183/193 30/32/42
f 144/181/191 30/32/42 36/35/45
f 177/179/189 144/181/191 36/35/45
f 177/179/189 36/35/45 181/50/60
s 28
f 184/184/194 185/185/195 193/186/196
f 193/186/196 192/187/197 184/184/194
f 185/185/195 186/188/198 194/189/199
f 194/189/199 193/186/196 185/185/195
f 186/188/198 187/190/200 195/191/201
f 195/191/201 194/189/199 186/188/198
f 97/130/202 96/129/203 195/191/201
f 188/192/204 97/130/202 195/191/201
f 187/190/200 188/192/204 195/191/201
f 196/193/205 98/141/206 97/130/202
f 196/193/205 97/130/202 188/192/204
f 196/193/205 188/192/204 189/194/207
f 189/194/207 190/195/208 197/196/209
f 197/196/209 196/193/205 189/194/207
f 190/195/208 191/197/210 198/198/211
f 198/198/211 197/196/209 190/195/208
f 191/197/210 184/184/194 192/187/197
f 192/187/197 198/198/211 191/197/210
f 193/186/196 101/144/212 100/143/213
f 193/186/196 100/143/213 99/142/214
f 192/187/197 193/186/196 99/142/214
f 194/189/199 370/199/215 371/200/216
f 371/200/216 102/145/217 101/144/212
f 194/189/199 371/200/216 101/144/212
f 193/186/196 194/189/199 101/144/212
f 195/191/201 104/133/218 103/132/219
f 194/189/199 195/191/201 103/132/219
f 103/132/219 105/148/220 368/201/221
f 194/189/199 103/132/219 368/201/221
f 106/138/222 98/141/206 196/193/205
f 196/193/205 107/139/223 106/138/222
f 198/198/211 109/167/224 108/168/225
f 108/168/225 372/202/226 373/203/227
f 198/198/211 108/168/225 373/203/227
f 197/196/209 198/198/211 373/203/227
f 362/204/228 112/173/229 111/171/230
f 113/97/231 115/172/232 200/205/233
f 200/205/233 199/206/234 114/98/235
f 113/97/231 200/205/233 114/98/235
f 362/204/228 363/207/236 201/208/237
f 362/204/228 201/208/237 200/205/233
f 112/173/229 362/204/228 200/205/233
f 112/173/229 200/205/233 115/172/232
f 364/209/238 201/208/237 363/207/236
f 202/210/239 118/110/240 117/109/241
f 117/109/241 116/107/242 202/210/239
f 203/211/243 121/117/244 120/119/245
f 120/119/245 119/150/246 203/211/243
f 203/211/243 119/150/246 123/151/247
f 123/151/247 122/154/248 365/212/249
f 203/211/243 123/151/247 365/212/249
f 204/213/250 203/211/243 365/212/249
f 205/214/251 204/213/250 366/215/252
f 366/215/252 367/216/253 125/155/254
f 205/214/251 366/215/252 125/155/254
f 124/156/255 205/214/251 125/155/254
f 199/206/234 200/205/233 207/217/256
f 207/217/256 206/218/257 199/206/234
f 200/205/233 201/208/237 208/219/258
f 208/219/258 207/217/256 200/205/233
f 201/208/237 202/210/239 209/220/259
f 209/220/259 208/219/258 201/208/237
f 116/107/242 127/106/260 210/221/261
f 202/210/239 116/107/242 210/221/261
f 202/210/239 210/221/261 209/220/259
f 127/106/260 121/117/244 203/211/243
f 127/106/260 203/211/243 211/222/262
f 127/106/260 211/222/262 210/221/261
f 203/211/243 204/213/250 212/223/263
f 212/223/263 211/222/262 203/211/243
f 204/213/250 205/214/251 213/224/264
f 213/224/264 212/223/263 204/213/250
f 205/214/251 199/206/234 206/218/257
f 206/218/257 213/224/264 205/214/251
f 206/218/257 207/217/256 215/225/265
f 215/225/265 214/226/266 206/218/257
f 207/217/256 208/219/258 216/227/267
f 216/227/267 215/225/265 207/217/256
f 208/219/258 209/220/259 217/228/268
f 217/228/268 216/227/267 208/219/258
f 209/220/259 210/221/261 218/229/269
f 218/229/269 217/228/268 209/220/259
f 210/221/261 211/222/262 219/230/270
f 219/230/270 218/229/269 210/221/261
f 211/222/262 212/223/263 220/231/271
f 220/231/271 219/230/270 211/222/262
f 212/223/263 213/224/264 221/232/272
f 221/232/272 220/231/271 212/223/263
f 213/224/264 206/218/257 214/226/266
f 214/226/266 221/232/272 213/224/264
f 214/226/266 215/225/265 223/233/273
f 223/233/273 222/234/274 214/226/266
f 215/225/265 216/227/267 224/235/275
f 224/235/275 223/233/273 215/225/265
f 216/227/267 217/228/268 225/236/276
f 225/236/276 224/235/275 216/227/267
f 217/228/268 218/229/269 226/237/277
f 226/237/277 225/236/276 217/228/268
f 218/229/269 219/230/270 227/238/278
f 227/238/278 226/237/277 218/229/269
f 219/230/270 220/231/271 228/239/279
f 228/239/279 227/238/278 219/230/270
f 220/231/271 221/232/272 229/240/280
f 229/240/280 228/239/279 220/231/271
f 221/232/272 214/226/266 222/234/274
f 222/234/274 229/240/280 221/232/272
f 222/234/274 223/233/273 231/241/281
f 231/241/281 230/242/282 222/234/274
f 223/233/273 224/235/275 232/243/283
f 232/243/283 231/241/281 223/233/273
f 224/235/275 225/236/276 233/244/284
f 233/244/284 232/243/283 224/235/275
f 225/236/276 226/237/277 234/245/285
f 234/245/285 233/244/284 225/236/276
f 226/237/277 227/238/278 235/246/286
f 235/246/286 234/245/285 226/237/277
f 227/238/278 228/239/279 236/247/287
f 236/247/287 235/246/286 227/238/278
f 228/239/279 229/240/280 237/248/288
f 237/248/288 236/247/287 228/239/279
f 229/240/280 222/234/274 230/242/282
f 230/242/282 237/248/288 229/240/280
f 230/242/282 231/241/281 239/249/289
f 239/249/289 238/250/290 230/242/282
f 231/241/281 232/243/283 240/251/291
f 240/251/291 239/249/289 231/241/281
f 232/243/283 233/244/284 241/252/292
f 241/252/292 240/251/291 232/243/283
f 233/244/284 234/245/285 242/253/293
f 242/253/293 241/252/292 233/244/284
f 234/245/285 235/246/286 243/254/294
f 243/254/294 242/253/293 234/245/285
f 235/246/286 236/247/287 244/255/295
f 244/255/295 243/254/294 235/246/286
f 236/247/287 237/248/288 245/256/296
f 245/256/296 244/255/295 236/247/287
f 237/248/288 230/242/282 238/250/290
f 238/250/290 245/256/296 237/248/288
f 238/250/290 239/249/289 247/257/297
f 247/257/297 246/258/298 238/250/290
f 239/249/289 240/251/291 248/259/299
f 248/259/299 247/257/297 239/249/289
f 240/251/291 241/252/292 249/260/300
f 249/260/300 248/259/299 240/251/291
f 241/252/292 242/253/293 250/261/301
f 250/261/301 249/260/300 241/252/292
f 242/253/293 243/254/294 251/262/302
f 251/262/302 250/261/301 242/253/293
f 243/254/294 244/255/295 252/263/303
f 252/263/303 251/262/302 243/254/294
f 244/255/295 245/256/296 253/264/304
f 253/264/304 252/263/303 244/255/295
f 245/256/296 238/250/290 246/258/298
f 246/258/298 253/264/304 245/256/296
f 246/258/298 247/257/297 255/265/305
f 255/265/305 254/266/306 246/258/298
f 247/257/297 248/259/299 256/267/307
f 256/267/307 255/265/305 247/257/297
f 248/259/299 249/260/300 257/268/308
f 257/268/308 256/267/307 248/259/299
f 249/260/300 250/261/301 258/269/309
f 258/269/309 257/268/308 249/260/300
f 250/261/301 251/262/302 259/270/310
f 259/270/310 258/269/309 250/261/301
f 251/262/302 252/263/303 260/271/311
f 260/271/311 259/270/310 251/262/302
f 252/263/303 253/264/304 261/272/312
f 261/272/312 260/271/311 252/263/303
f 253/264/304 246/258/298 254/266/306
f 254/266/306 261/272/312 253/264/304
f 254/266/306 255/265/305 263/273/313
f 263/273/313 262/274/314 254/266/306
f 255/265/305 256/267/307 264/275/315
f 264/275/315 263/273/313 255/265/305
f 256/267/307 257/268/308 265/276/316
f 265/276/316 264/275/315 256/267/307
f 257/268/308 258/269/309 266/277/317
f 266/277/317 265/276/316 257/268/308
f 258/269/309 259/270/310 267/278/318
f 267/278/318 266/277/317 258/269/309
f 259/270/310 260/271/311 268/279/319
f 268/279/319 267/278/318 259/270/310
f 260/271/311 261/272/312 269/280/320
f 269/280/320 268/279/319 260/271/311
f 261/272/312 254/266/306 262/274/314
f 262/274/314 269/280/320 261/272/312
f 262/274/314 263/273/313 185/185/195
f 185/185/195 184/184/194 262/274/314
f 263/273/313 264/275/315 186/188/198
f 186/188/198 185/185/195 263/273/313
f 264/275/315 265/276/316 187/190/200
f 187/190/200 186/188/198 264/275/315
f 265/276/316 266/277/317 188/192/204
f 188/192/204 187/190/200 265/276/316
f 266/277/317 267/278/318 189/194/207
f 189/194/207 188/192/204 266/277/317
f 267/278/318 268/279/319 190/195/208
f 190/195/208 189/194/207 267/278/318
f 268/279/319 269/280/320 191/197/210
f 191/197/210 190/195/208 268/279/319
f 269/280/320 262/274/314 184/184/194
f 184/184/194 191/197/210 269/280/320
s 50
f 270/281/321 271/282/322 279/283/323
f 279/283/323 278/284/324 270/281/321
f 271/282/322 272/285/325 280/286/326
f 280/286/326 279/283/323 271/282/322
f 272/285/325 273/287/327 281/288/328
f 281/288/328 280/286/326 272/285/325
f 273/287/327 274/289/329 282/290/330
f 282/290/330 281/288/328 273/287/327
f 274/289/329 275/291/331 283/292/332
f 283/292/332 282/290/330 274/289/329
f 275/291/331 276/293/333 284/294/334
f 284/294/334 283/292/332 275/291/331
f 276/293/333 277/295/335 285/296/336
f 285/296/336 284/294/334 276/293/333
f 277/295/335 270/281/321 278/284/324
f 278/284/324 285/296/336 277/295/335
f 278/284/324 279/283/323 287/297/337
f 287/297/337 286/298/338 278/284/324
f 279/283/323 280/286/326 288/299/339
f 288/299/339 287/297/337 279/283/323
f 280/286/326 281/288/328 289/300/340
f 289/300/340 288/299/339 280/286/326
f 281/288/328 282/290/330 290/301/341
f 290/301/341 289/300/340 281/288/328
f 282/290/330 283/292/332 291/302/342
f 291/302/342 290/301/341 282/290/330
f 283/292/332 284/294/334 292/303/343
f 292/303/343 291/302/342 283/292/332
f 284/294/334 285/296/336 293/304/344
f 293/304/344 292/303/343 284/294/334
f 285/296/336 278/284/324 286/298/338
f 286/298/338 293/304/344 285/296/336
f 286/298/338 287/297/337 295/305/345
f 295/305/345 294/306/346 286/298/338
f 287/297/337 288/299/339 296/307/347
f 296/307/347 295/305/345 287/297/337
f 288/299/339 289/300/340 297/308/348
f 297/308/348 296/307/347 288/299/339
f 289/300/340 290/301/341 298/309/349
f 298/309/349 297/308/348 289/300/340
f 290/301/341 291/302/342 299/310/350
f 299/310/350 298/309/349 290/301/341
f 291/302/342 292/303/343 300/311/351
f 300/311/351 299/310/350 291/302/342
f 292/303/343 293/304/344 301/312/352
f 301/312/352 300/311/351 292/303/343
f 293/304/344 286/298/338 294/306/346
f 294/306/346 301/312/352 293/304/344
f 294/306/346 295/305/345 303/313/353
f 303/313/353 302/314/354 294/306/346
f 295/305/345 296/307/347 304/315/355
f 304/315/355 303/313/353 295/305/345
f 296/307/347 297/308/348 305/316/356
f 305/316/356 304/315/355 296/307/347
f 297/308/348 298/309/349 306/317/357
f 306/317/357 305/316/356 297/308/348
f 298/309/349 299/310/350 307/318/358
f 307/318/358 306/317/357 298/309/349
f 299/310/350 300/311/351 308/319/359
f 308/319/359 307/318/358 299/310/350
f 300/311/351 301/312/352 309/320/360
f 309/320/360 308/319/359 300/311/351
f 301/312/352 294/306/346 302/314/354
f 302/314/354 309/320/360 301/312/352
f 302/314/354 303/313/353 311/321/361
f 311/321/361 310/322/362 302/314/354
f 303/313/353 304/315/355 312/323/363
f 312/323/363 311/321/361 303/313/353
f 304/315/355 305/316/356 313/324/364
f 313/324/364 312/323/363 304/315/355
f 305/316/356 306/317/357 314/325/365
f 314/325/365 313/324/364 305/316/356
f 306/317/357 307/318/358 315/326/366
f 315/326/366 314/325/365 306/317/357
f 307/318/358 308/319/359 316/327/367
f 316/327/367 315/326/366 307/318/358
f 308/319/359 309/320/360 317/328/368
f 317/328/368 316/327/367 308/319/359
f 309/320/360 302/314/354 310/322/362
f 310/322/362 317/328/368 309/320/360
f 310/322/362 311/321/361 319/329/369
f 319/329/369 318/330/370 310/322/362
f 311/321/361 312/323/363 320/331/371
f 320/331/371 319/329/369 311/321/361
f 312/323/363 313/324/364 321/332/372
f 321/332/372 320/331/371 312/323/363
f 313/324/364 314/325/365 322/333/373
f 322/333/373 321/332/372 313/324/364
f 314/325/365 315/326/366 323/334/374
f 323/334/374 322/333/373 314/325/365
f 315/326/366 316/327/367 324/335/375
f 324/335/375 323/334/374 315/326/366
f 316/327/367 317/328/368 325/336/376
f 325/336/376 324/335/375 316/327/367
f 317/328/368 310/322/362 318/330/370
f 318/330/370 325/336/376 317/328/368
f 318/330/370 319/329/369 327/337/377
f 327/337/377 326/338/378 318/330/370
f 319/329/369 320/331/371 328/339/379
f 328/339/379 327/337/377 319/329/369
f 320/331/371 321/332/372 329/340/380
f 329/340/380 328/339/379 320/331/371
f 321/332/372 322/333/373 330/341/381
f 330/341/381 329/340/380 321/332/372
f 322/333/373 323/334/374 331/342/382
f 331/342/382 330/341/381 322/333/373
f 323/334/374 324/335/375 332/343/383
f 332/343/383 331/342/382 323/334/374
f 324/335/375 325/336/376 333/344/384
f 333/344/384 332/343/383 324/335/375
f 325/336/376 318/330/370 326/338/378
f 326/338/378 333/344/384 325/336/376
f 326/338/378 327/337/377 335/345/385
f 335/345/385 334/346/386 326/338/378
f 327/337/377 328/339/379 336/347/387
f 336/347/387 335/345/385 327/337/377
f 328/339/379 329/340/380 337/348/388
f 337/348/388 336/347/387 328/339/379
f 329/340/380 330/341/381 338/349/389
f 338/349/389 337/348/388 329/340/380
f 330/341/381 331/342/382 339/350/390
f 339/350/390 338/349/389 330/341/381
f 331/342/382 332/343/383 340/351/391
f 340/351/391 339/350/390 331/342/382
f 332/343/383 333/344/384 341/352/392
f 341/352/392 340/351/391 332/343/383
f 333/344/384 326/338/378 334/346/386
f 334/346/386 341/352/392 333/344/384
f 334/346/386 335/345/385 343/353/393
f 343/353/393 342/354/394 334/346/386
f 335/345/385 336/347/387 344/355/395
f 344/355/395 343/353/393 335/345/385
f 336/347/387 337/348/388 345/356/396
f 345/356/396 344/355/395 336/347/387
f 130/69/397 129/68/398 345/356/396
f 338/349/389 130/69/397 345/356/396
f 337/348/388 338/349/389 345/356/396
f 346/357/399 131/80/400 130/69/397
f 346/357/399 130/69/397 338/349/389
f 346/357/399 338/349/389 339/350/390
f 339/350/390 340/351/391 347/358/401
f 347/358/401 346/357/399 339/350/390
f 340/351/391 341/352/392 348/359/402
f 348/359/402 347/358/401 340/351/391
f 341/352/392 334/346/386 342/354/394
f 342/354/394 348/359/402 341/352/392
f 343/353/393 134/86/403 133/84/404
f 343/353/393 133/84/404 132/83/405
f 342/354/394 343/353/393 132/83/405
f 344/355/395 358/360/406 359/361/407
f 359/361/407 135/87/408 134/86/403
f 344/355/395 359/361/407 134/86/403
f 343/353/393 344/355/395 134/86/403
f 345/356/396 137/72/409 136/71/410
f 344/355/395 345/356/396 136/71/410
f 136/71/410 138/90/411 356/362/412
f 344/355/395 136/71/410 356/362/412
f 139/77/413 131/80/400 346/357/399
f 346/357/399 140/78/414 139/77/413
f 348/359/402 142/177/415 141/178/416
f 141/178/416 360/363/417 361/364/418
f 348/359/402 141/178/416 361/364/418
f 347/358/401 348/359/402 361/364/418
f 374/365/419 145/183/420 144/181/421
f 146/29/422 148/182/423 350/366/424
f 350/366/424 349/367/425 147/30/426
f 146/29/422 350/366/424 147/30/426
f 374/365/419 375/368/427 351/369/428
f 374/365/419 351/369/428 350/366/424
f 145/183/420 374/365/419 350/366/424
f 145/183/420 350/366/424 148/182/423
f 376/370/429 351/369/428 375/368/427
f 352/371/430 151/49/431 150/48/432
f 150/48/432 149/46/433 352/371/430
f 353/372/434 154/56/435 153/58/436
f 153/58/436 152/157/437 353/372/434
f 353/372/434 152/157/437 156/158/438
f 156/158/438 155/161/439 377/373/440
f 353/372/434 156/158/438 377/373/440
f 354/374/441 353/372/434 377/373/440
f 355/375/442 354/374/441 378/376/443
f 378/376/443 379/377/444 158/162/445
f 355/375/442 378/376/443 158/162/445
f 157/163/446 355/375/442 158/162/445
f 349/367/425 350/366/424 271/282/322
f 271/282/322 270/281/321 349/367/425
f 350/366/424 351/369/428 272/285/325
f 272/285/325 271/282/322 350/366/424
f 351/369/428 352/371/430 273/287/327
f 273/287/327 272/285/325 351/369/428
f 149/46/433 160/45/447 274/289/329
f 352/371/430 149/46/433 274/289/329
f 352/371/430 274/289/329 273/287/327
f 160/45/447 154/56/435 353/372/434
f 160/45/447 353/372/434 275/291/331
f 160/45/447 275/291/331 274/289/329
f 353/372/434 354/374/441 276/293/333
f 276/293/333 275/291/331 353/372/434
f 354/374/441 355/375/442 277/295/335
f 277/295/335 276/293/333 354/374/441
f 355/375/442 349/367/425 270/281/321
f 270/281/321 277/295/335 355/375/442
f 162/67/448 137/72/409 345/356/396
f 345/356/396 129/68/398 162/67/448
f 347/358/401 361/364/418 357/378/449
f 360/363/417 141/178/416 163/176/450
s 28
f 165/128/451 104/133/218 195/191/201
f 195/191/201 96/129/203 165/128/451
f 197/196/209 373/203/227 369/379/452
f 372/202/226 108/168/225 166/166/453
s 73
f 170/147/454 368/201/455 105/148/456
f 370/199/457 368/201/455 170/147/454
f 370/199/457 170/147/454 167/146/458
f 370/199/457 167/146/458 371/200/459
s 74
f 171/169/460 364/209/461 172/170/462
f 363/207/463 362/204/464 111/171/465
f 363/207/463 111/171/465 172/170/462
f 363/207/463 172/170/462 364/209/461
s 76
f 176/89/466 356/362/467 138/90/468
f 358/360/469 356/362/467 176/89/466
f 358/360/469 176/89/466 164/88/470
f 358/360/469 164/88/470 359/361/471
s 77
f 177/179/472 376/370/473 178/180/474
f 375/368/475 374/365/476 144/181/477
f 375/368/475 144/181/477 178/180/474
f 375/368/475 178/180/474 376/370/473
s 28
f 368/201/221 370/199/215 194/189/199
f 180/111/478 118/110/240 202/210/239
f 180/111/478 202/210/239 201/208/237
f 171/169/479 180/111/478 201/208/237
f 364/209/238 171/169/479 201/208/237
f 365/212/249 366/215/252 204/213/250
s 50
f 356/362/412 358/360/406 344/355/395
f 181/50/480 151/49/431 352/371/430
f 181/50/480 352/371/430 351/369/428
f 177/179/481 181/50/480 351/369/428
f 376/370/429 177/179/481 351/369/428
f 377/373/440 378/376/443 354/374/441
f 357/378/449 175/174/482 182/79/483
f 182/79/483 140/78/414 346/357/399
f 182/79/483 346/357/399 347/358/401
f 357/378/449 182/79/483 347/358/401
s 28
f 369/379/452 169/164/484 183/140/485
f 183/140/485 107/139/223 196/193/205
f 183/140/485 196/193/205 197/196/209
f 369/379/452 183/140/485 197/196/209
s 50
f 159/42/486 147/30/426 349/367/425
f 159/42/486 349/367/425 355/375/442
f 159/42/486 355/375/442 157/163/446
s 79
f 179/160/487 377/373/488 155/161/489
f 378/376/490 377/373/488 179/160/487
f 378/376/490 179/160/487 161/159/491
f 378/376/490 161/159/491 379/377/492
s 50
f 158/162/445 379/377/444 161/159/493
f 135/87/408 359/361/407 164/88/494
s 80
f 361/364/495 360/363/496 163/176/497
f 361/364/495 163/176/497 174/175/498
f 361/364/495 174/175/498 357/378/499
f 175/174/500 357/378/499 174/175/498
s 50
f 143/96/501 142/177/415 348/359/402
f 143/96/501 348/359/402 342/354/394
f 143/96/501 342/354/394 132/83/405
s 28
f 126/104/502 114/98/235 199/206/234
f 126/104/502 199/206/234 205/214/251
f 126/104/502 205/214/251 124/156/255
s 81
f 173/153/503 365/212/504 122/154/505
f 366/215/506 365/212/504 173/153/503
f 366/215/506 173/153/503 128/152/507
f 366/215/506 128/152/507 367/216/508
s 28
f 125/155/254 367/216/253 128/152/509
f 102/145/217 371/200/216 167/146/510
s 82
f 373/203/511 372/202/512 166/166/513
f 373/203/511 166/166/513 168/165/514
f 373/203/511 168/165/514 369/379/515
f 169/164/516 369/379/515 168/165/514
s 28
f 110/149/517 109/167/224 198/198/211
f 110/149/517 198/198/211 192/187/197
f 110/149/517 192/187/197 99/142/214
g default
v 19.419500 75.926003 153.907898
v 13.122700 77.079498 152.482300
v 18.109400 82.351402 154.013000
v 23.789000 79.171097 157.567001
v 22.312401 71.933701 158.232803
v 15.720300 70.641098 155.090302
v 7.089300 78.507202 154.620697
v 15.573300 87.476196 157.224899
v 25.236000 82.065598 163.271500
v 22.723900 69.752602 164.404297
v 11.508600 67.553398 159.057800
v 10.862000 83.868599 154.431900
v 21.528299 85.960098 159.516693
v 25.731300 75.542503 163.736603
v 17.662600 67.012497 161.259903
v 8.472800 72.158302 155.509293
v 4.814900 83.143097 158.663895
v 9.801600 88.415001 160.194702
v 16.393801 89.707603 163.337204
v 22.073400 86.527397 166.891296
v 24.671000 80.088898 169.499298
v 23.194401 72.851501 170.165207
v 18.207600 67.579697 168.634399
v 11.615500 66.287003 165.491898
v 5.935900 69.467300 161.937805
v 3.338300 75.905800 159.329803
v 14.004600 77.997299 164.414597
v 19.346800 92.260101 158.645203
v 18.025999 91.686897 160.904205
v 17.070601 89.448700 162.023895
v 17.040501 86.856697 161.348495
v 17.953100 85.429100 159.273697
v 19.274000 86.002296 157.014801
v 20.229300 88.240501 155.895004
v 20.259501 90.832497 156.570404
v 22.750200 86.268402 165.578003
v 21.548700 84.332298 164.169601
v 21.976200 83.176399 161.791199
v 23.782200 83.477898 159.835800
v 25.908899 85.060204 159.449097
v 30.038099 79.835899 166.604599
v 28.010201 80.084396 168.337097
v 25.347799 79.830002 168.186005
v 23.610600 79.221703 166.239807
v 23.816099 78.615799 163.638504
v 25.844101 78.367302 161.906006
v 28.506500 78.621696 162.057098
v 30.243700 79.230003 164.003403
v 28.130899 70.487602 167.464600
v 26.229099 71.354401 169.140305
v 23.871201 72.592598 168.851807
v 22.438499 73.476898 166.768295
v 22.770201 73.489304 164.110107
v 24.672001 72.622597 162.434494
v 27.029900 71.384300 162.723007
v 28.462601 70.500000 164.806503
v 18.884501 67.320801 167.321106
v 18.480200 69.292397 165.553299
v 19.237900 69.755096 163.025894
v 20.713699 68.438004 161.219498
v 22.043100 66.112503 161.192200
v 13.174800 62.008499 161.428299
v 12.262200 63.436001 163.503204
v 12.292300 66.028099 164.178497
v 13.247600 68.266296 163.058807
v 14.568500 68.839500 160.799896
v 15.481200 67.411903 158.725006
v 15.451000 64.819801 158.049698
v 14.495700 62.581699 159.169403
v 6.612800 69.208397 160.624496
v 8.739400 70.790703 160.237701
v 10.545500 71.092201 158.282394
v 10.972900 69.936302 155.904007
v 9.771400 68.000099 154.495605
v 2.483500 74.432701 153.468903
v 2.277900 75.038498 156.070206
v 4.015200 75.646896 158.016403
v 6.677600 75.901299 158.167603
v 8.705500 75.652802 156.435104
v 8.911100 75.046898 153.833801
v 7.173800 74.438599 151.887604
v 4.511400 74.184196 151.736404
v 4.390700 83.780899 152.608902
v 4.059000 83.768501 155.267105
v 5.491800 82.884201 157.350601
v 7.849600 81.646004 157.639099
v 9.751400 80.779198 155.963394
v 10.083100 80.791603 153.305298
v 8.650400 81.675903 151.221802
v 6.292500 82.914200 150.933304
v 10.478500 88.156097 158.881302
v 11.807900 85.830597 158.854095
v 13.283700 84.513496 157.047699
v 14.041400 84.976196 154.520294
v 13.637200 86.947800 152.752502
v 8.878900 88.536400 154.073502
v 8.863100 88.509003 153.981796
v 8.949200 88.509499 153.937103
v 16.419399 91.686096 157.249695
v 14.925300 91.078903 159.425995
v 15.236500 90.432602 160.117599
v 14.984800 90.007401 160.286301
v 10.350400 88.780998 158.320999
v 9.466500 88.657700 157.493805
v 11.333400 88.484596 159.165405
v 11.265100 88.170998 152.459702
v 12.019000 87.681297 152.541000
v 17.706900 88.966103 155.004501
v 17.789101 89.456200 155.164795
v 17.158800 90.224503 155.092300
v 9.769900 67.252602 162.552795
v 10.092600 66.028801 162.492294
v 9.590700 64.931900 161.831497
v 10.652700 63.420799 159.850006
v 10.153200 65.516800 162.409805
v 4.820300 68.643501 155.903595
v 4.868100 68.618401 158.670807
v 5.436400 68.904701 159.311096
v 7.989000 67.928299 154.358200
v 7.101600 67.764000 154.337006
v 4.890700 68.616600 155.767197
v 10.368500 67.448303 155.003998
v 9.097300 67.498596 154.618195
v 12.705700 64.540398 157.457001
v 12.814800 64.987503 157.210403
v 11.824200 64.077499 157.497696
v 4.813200 68.658302 155.807999
v 12.861900 66.069801 156.553299
v 23.572399 65.759102 166.136505
v 23.658501 65.759598 166.091797
v 23.642700 65.732201 166.000107
v 16.102301 62.582500 162.823898
v 15.362900 64.044098 164.981293
v 14.732600 64.812401 164.908798
v 14.814700 65.302498 165.069107
v 19.305901 66.583702 167.312500
v 20.502600 66.587303 167.532593
v 18.102100 66.964500 166.896301
v 23.490101 65.243202 163.280197
v 23.055201 65.610802 162.579803
v 17.536900 64.261200 159.787201
v 17.285101 63.835999 159.955902
v 17.596399 63.189701 160.647598
v 19.659700 88.198799 163.520294
v 19.706900 89.281097 162.863098
v 20.697399 90.191002 162.575897
v 21.868999 90.847801 160.223495
v 19.815901 89.728203 162.616592
v 27.631001 85.652000 164.306396
v 25.420000 86.504501 165.736496
v 24.532600 86.340302 165.715393
v 27.085199 85.363800 160.762497
v 27.653500 85.650101 161.402802
v 27.701300 85.625099 164.169998
v 25.239201 85.639801 159.081497
v 26.289700 85.673897 159.895493
v 22.368500 88.751801 157.663696
v 22.429001 88.239799 157.581299
v 22.930901 89.336700 158.242096
v 27.708500 85.610298 164.265594
v 22.751699 87.015999 157.520798
v 21.256599 66.097603 167.613907
v 18.307301 65.232201 159.524796
v 15.215300 66.415001 165.524399
v 9.031600 89.025398 156.793396
v 17.306299 87.853600 154.549194
v 14.214300 89.036400 160.548798
v 14.625900 87.498901 153.315094
v 14.419500 87.304001 153.177307
v 11.595000 88.658302 159.195999
v 7.282400 68.628799 160.992096
v 7.456800 68.375397 161.061996
v 10.487700 67.216003 155.181107
v 20.926701 65.610298 160.877594
v 21.188200 65.783997 160.908203
v 17.895800 66.769699 166.758499
v 22.153099 86.820297 165.069595
v 22.033899 87.052597 164.892502
v 25.064800 85.893204 159.011597
v 6.231900 68.594704 160.178101
v 23.424299 86.769997 165.455399
v 22.171301 65.487602 161.752594
v 13.215800 87.684898 152.761093
v 6.995000 97.682701 151.210403
v 5.485400 97.027702 153.792007
v 4.393600 94.469704 155.071701
v 4.359200 91.507401 154.299896
v 5.402200 89.875900 151.928604
v 6.911700 90.530899 149.347000
v 8.003500 93.088898 148.067307
v 8.038000 96.051201 148.839203
v 13.032100 95.298401 154.791794
v 11.150300 94.790398 157.152603
v 9.159800 92.587402 157.899200
v 8.226600 89.980003 156.594193
v 10.779200 89.003502 151.641296
v 12.769700 91.206497 150.894806
v 13.702900 93.814003 152.199799
v 6.042400 61.038502 157.943695
v 4.591600 62.643002 160.110107
v 3.641600 65.540100 160.387497
v 3.748900 68.032799 158.613297
v 6.301500 67.056297 153.660400
v 7.251500 64.159203 153.382996
v 7.144100 61.666599 155.157196
v -0.570700 60.600101 154.621902
v -1.613700 62.231602 156.993195
v -1.579300 65.194000 157.764999
v -0.487500 67.751900 156.485306
v 1.022100 68.406998 153.903702
v 2.065100 66.775497 151.532394
v 2.030600 63.813099 150.760605
v 0.938800 61.255199 152.040298
v -6.607900 62.984402 151.040497
v -7.278600 64.468903 153.632599
v -6.345400 67.076302 154.937607
v -4.354900 69.279297 154.190994
v -2.473100 69.787399 151.830200
v -1.802400 68.302902 149.238098
v -2.735600 65.695396 147.933197
v -4.726100 63.492401 148.679703
v -11.150000 67.828499 147.744598
v -11.540700 69.014198 150.539902
v -9.931400 70.900597 152.335602
v -7.264700 72.382401 152.079605
v -5.102800 72.591797 149.922104
v -4.712100 71.405998 147.126801
v -6.321500 69.519699 145.331100
v -8.988100 68.037804 145.587006
v -13.505700 74.394798 145.235992
v -13.751100 75.175697 148.186005
v -11.791100 76.084503 150.355103
v -8.773700 76.588898 150.472595
v -6.466600 76.393402 148.469803
v -6.221200 75.612503 145.519806
v -8.181200 74.703697 143.350693
v -11.198500 74.199303 143.233200
v -13.316200 81.683800 143.896698
v -13.573300 82.015198 146.929306
v -11.641500 81.838997 149.297699
v -8.652300 81.258301 149.614700
v -6.356900 80.613297 147.694397
v -6.099800 80.281898 144.661804
v -8.031600 80.458099 142.293304
v -11.020700 81.038803 141.976395
v -10.610400 88.585701 143.930496
v -11.034400 88.491600 146.960999
v -9.505400 87.287903 149.324402
v -6.919000 85.679703 149.636307
v -4.790400 84.609200 147.713898
v -4.366400 84.703300 144.683395
v -5.895500 85.906998 142.320007
v -8.481800 87.515198 142.008102
v -5.800300 94.049797 145.332306
v -6.520900 93.618797 148.276398
v -5.707900 91.601700 150.431107
v -3.837600 89.180099 150.534302
v -2.005600 87.772598 148.525497
v -1.285000 88.203697 145.581406
v -2.098000 90.220802 143.426697
v -3.968300 92.642303 143.323502
v 0.381900 97.244301 147.888702
v -0.719900 96.616203 150.675095
v -0.827200 94.123596 152.449295
v 0.122800 91.226501 152.171906
v 1.573600 89.622002 150.005493
v 2.675300 90.250099 147.219101
v 2.782700 92.742699 145.444901
v 1.832700 95.639801 145.722198
v 33.092300 93.668503 165.451706
v 31.582800 93.013397 168.033295
v 30.490999 90.455498 169.313004
v 30.456499 87.493103 168.541107
v 31.499599 85.861603 166.169907
v 33.009102 86.516701 163.588303
v 34.100899 89.074600 162.308502
v 34.135399 92.037003 163.080399
v 39.129501 91.284203 169.033096
v 37.247700 90.776100 171.393906
v 35.257198 88.573097 172.140396
v 34.324001 85.965698 170.835403
v 34.994801 84.481201 168.243301
v 36.876598 84.989304 165.882599
v 38.867100 87.192299 165.136002
v 39.800301 89.799698 166.440994
v 43.671700 86.440102 172.328995
v 41.509800 86.230797 174.486496
v 38.843102 84.748901 174.742401
v 37.233700 82.862602 172.946793
v 37.624401 81.676804 170.151505
v 39.786301 81.886101 167.993896
v 42.452999 83.367996 167.738007
v 44.062302 85.254303 169.533707
v 46.027302 79.873802 174.837494
v 43.720200 80.069298 176.840393
v 40.702801 79.564903 176.722900
v 38.742802 78.656097 174.553802
v 38.988201 77.875198 171.603806
v 41.295399 77.679703 169.600906
v 44.312698 78.183998 169.718506
v 46.272800 79.092903 171.887497
v 45.837799 72.584801 176.176895
v 43.542400 73.229797 178.097198
v 40.553200 73.810501 177.780197
v 38.621399 73.986702 175.411804
v 38.878502 73.655296 172.379196
v 41.174000 73.010300 170.458893
v 44.163101 72.429604 170.775803
v 46.095001 72.253304 173.144302
v 43.132099 65.682899 176.143097
v 41.003502 66.753403 178.065399
v 38.417099 68.361603 177.753601
v 36.888100 69.565300 175.390106
v 37.312000 69.659401 172.359604
v 39.440601 68.588799 170.437302
v 42.027000 66.980698 170.749100
v 43.556000 65.777000 173.112595
v 38.321899 60.218700 174.741302
v 36.489899 61.626202 176.750107
v 34.619598 64.047798 176.646896
v 33.806702 66.064903 174.492096
v 34.527199 66.496002 171.548096
v 36.359200 65.088501 169.539307
v 38.229500 62.666901 169.642502
v 39.042500 60.649799 171.797195
v 32.139702 57.024300 172.184906
v 30.688900 58.628799 174.351303
v 29.739000 61.525902 174.628693
v 29.846300 64.018501 172.854507
v 30.948099 64.646500 170.068100
v 32.398899 63.042099 167.901596
v 33.348801 60.145000 167.624298
v 33.241501 57.652302 169.398499
v 25.526699 56.585800 168.863205
v 24.483601 58.217300 171.234406
v 24.518101 61.179699 172.006302
v 25.609900 63.737598 170.726593
v 27.119400 64.392700 168.145004
v 28.162500 62.761200 165.773697
v 28.128000 59.798801 165.001801
v 27.036200 57.240898 166.281601
v 19.489500 58.970100 165.281693
v 18.818701 60.454601 167.873795
v 19.751900 63.062000 169.178802
v 21.742399 65.264999 168.432297
v 24.295000 64.288597 163.479401
v 23.361799 61.681198 162.174393
v 21.371300 59.478199 162.920898
v 26.479300 93.230003 162.129898
v 25.377501 92.601997 164.916397
v 25.270201 90.109299 166.690506
v 26.220100 87.212196 166.413193
v 28.772699 86.235802 161.460297
v 28.879999 88.728500 159.686096
v 27.930099 91.625603 159.963501
v 17.810301 66.802399 166.924301
v 21.012100 65.577599 160.711807
v 16.336201 66.704803 166.700302
v 15.928400 66.607803 166.311707
v 19.382099 65.286598 159.610199
v 19.946100 65.323898 159.695908
v 8.798400 67.704498 162.420898
v 8.290700 67.942398 162.309906
v 7.371400 68.408096 161.227798
v 10.573200 67.183296 155.015305
v 11.900500 66.561501 155.305496
v 12.252200 66.383301 155.719406
v 11.509500 88.690903 159.361801
v 14.711300 87.466202 153.149307
v 12.575600 88.944603 160.377701
v 13.139500 88.982002 160.463394
v 16.593300 87.660797 153.761902
v 16.185400 87.563797 153.373306
v 20.269400 87.885300 164.354202
v 20.621099 87.707100 164.768097
v 21.948500 87.085197 165.058304
v 25.150299 85.860497 158.845795
v 24.231001 86.326202 157.763702
v 23.723200 86.564102 157.652695
vt 0.500000 0.500000
vt 0.590100 0.500000
vt 0.527900 0.585700
vt 0.427100 0.553000
vt 0.427100 0.447000
vt 0.527900 0.414300
vt 0.618000 0.585700
vt 0.454900 0.638700
vt 0.354200 0.500000
vt 0.454900 0.361300
vt 0.618000 0.414300
vt 0.653300 0.500000
vt 0.547400 0.645800
vt 0.376000 0.590100
vt 0.376000 0.409900
vt 0.547400 0.354200
vt 0.663000 0.553000
vt 0.600800 0.638700
vt 0.500000 0.671400
vt 0.399200 0.638700
vt 0.337000 0.553000
vt 0.337000 0.447000
vt 0.399200 0.361300
vt 0.500000 0.328600
vt 0.600800 0.361300
vt 0.663000 0.447000
vt 0.500000 0.500000
vt 0.500000 0.706800
vt 0.452600 0.691400
vt 0.455300 0.706900
vt 0.500000 0.721400
vt 0.500000 0.671400
vt 0.500000 0.636100
vt 0.420000 0.610100
vt 0.399200 0.638700
vt 0.500000 0.621400
vt 0.428600 0.598200
vt 0.500000 0.636100
vt 0.420000 0.610100
vt 0.500000 0.671400
vt 0.399200 0.638700
vt 0.452600 0.691400
vt 0.500000 0.706800
vt 0.289400 0.568400
vt 0.345300 0.645300
vt 0.346000 0.645600
vt 0.303300 0.563900
vt 0.365400 0.649400
vt 0.376300 0.644600
vt 0.392600 0.647800
vt 0.337000 0.553000
vt 0.370600 0.542000
vt 0.384500 0.537500
vt 0.370600 0.542000
vt 0.337000 0.553000
vt 0.346000 0.645600
vt 0.303300 0.563900
vt 0.365400 0.649400
vt 0.303300 0.436100
vt 0.289400 0.431600
vt 0.337000 0.447000
vt 0.370600 0.458000
vt 0.384500 0.462500
vt 0.370600 0.458000
vt 0.337000 0.447000
vt 0.303300 0.436100
vt 0.365400 0.350600
vt 0.346000 0.354400
vt 0.345300 0.354700
vt 0.399200 0.361300
vt 0.392600 0.352200
vt 0.376300 0.355400
vt 0.420000 0.389900
vt 0.428600 0.401800
vt 0.420000 0.389900
vt 0.399200 0.361300
vt 0.365400 0.350600
vt 0.376300 0.355400
vt 0.392600 0.352200
vt 0.346000 0.354400
vt 0.500000 0.293200
vt 0.500000 0.278600
vt 0.455300 0.293100
vt 0.452600 0.308600
vt 0.500000 0.328600
vt 0.462400 0.317600
vt 0.461200 0.324500
vt 0.455300 0.340600
vt 0.414300 0.351500
vt 0.411200 0.354700
vt 0.500000 0.363900
vt 0.500000 0.378600
vt 0.500000 0.363900
vt 0.500000 0.328600
vt 0.500000 0.293200
vt 0.452600 0.308600
vt 0.547400 0.308600
vt 0.544700 0.293100
vt 0.580000 0.389900
vt 0.600800 0.361300
vt 0.571400 0.401800
vt 0.580000 0.389900
vt 0.600800 0.361300
vt 0.547400 0.308600
vt 0.710600 0.431600
vt 0.654700 0.354700
vt 0.654000 0.354400
vt 0.696700 0.436100
vt 0.634600 0.350600
vt 0.623700 0.355400
vt 0.607400 0.352200
vt 0.663000 0.447000
vt 0.629400 0.458000
vt 0.615500 0.462500
vt 0.629400 0.458000
vt 0.663000 0.447000
vt 0.654000 0.354400
vt 0.696700 0.436100
vt 0.634600 0.350600
vt 0.696700 0.563900
vt 0.710600 0.568400
vt 0.663000 0.553000
vt 0.629400 0.542000
vt 0.615500 0.537500
vt 0.629400 0.542000
vt 0.663000 0.553000
vt 0.696700 0.563900
vt 0.634600 0.649400
vt 0.654000 0.645600
vt 0.654700 0.645300
vt 0.600800 0.638700
vt 0.607400 0.647800
vt 0.623700 0.644600
vt 0.580000 0.610100
vt 0.571400 0.598200
vt 0.580000 0.610100
vt 0.600800 0.638700
vt 0.634600 0.649400
vt 0.623700 0.644600
vt 0.607400 0.647800
vt 0.654000 0.645600
vt 0.544700 0.706900
vt 0.547400 0.691400
vt 0.537600 0.682400
vt 0.538800 0.675500
vt 0.544700 0.659400
vt 0.585700 0.648500
vt 0.588800 0.645300
vt 0.547400 0.691400
vt 0.623700 0.355400
vt 0.607400 0.352200
vt 0.544700 0.340600
vt 0.585700 0.351500
vt 0.588800 0.354700
vt 0.538800 0.324500
vt 0.537600 0.317600
vt 0.376300 0.644600
vt 0.392600 0.647800
vt 0.455300 0.659400
vt 0.414300 0.648500
vt 0.411200 0.645300
vt 0.461200 0.675500
vt 0.462400 0.682400
vt 0.588800 0.645300
vt 0.585700 0.648500
vt 0.544700 0.659400
vt 0.537600 0.682400
vt 0.538800 0.675500
vt 0.588800 0.354700
vt 0.585700 0.351500
vt 0.544700 0.340600
vt 0.537600 0.317600
vt 0.538800 0.324500
vt 0.411200 0.354700
vt 0.414300 0.351500
vt 0.455300 0.340600
vt 0.462400 0.317600
vt 0.461200 0.324500
vt 0.411200 0.645300
vt 0.414300 0.648500
vt 0.455300 0.659400
vt 0.462400 0.682400
vt 0.461200 0.675500
vt 0.714300 0.771400
vt 0.714300 0.754700
vt 0.616800 0.735300
vt 0.610400 0.750800
vt 0.714300 0.714300
vt 0.632300 0.698000
vt 0.714300 0.673900
vt 0.647700 0.660600
vt 0.714300 0.657100
vt 0.647700 0.660600
vt 0.714300 0.673900
vt 0.714300 0.714300
vt 0.632300 0.698000
vt 0.714300 0.754700
vt 0.616800 0.735300
vt 0.566100 0.653700
vt 0.558500 0.655700
vt 0.585700 0.648500
vt 0.558500 0.655700
vt 0.566100 0.653700
vt 0.558500 0.344300
vt 0.616800 0.264700
vt 0.610400 0.249200
vt 0.566100 0.346300
vt 0.632300 0.302000
vt 0.585700 0.351500
vt 0.647700 0.339400
vt 0.647700 0.339400
vt 0.585700 0.351500
vt 0.632300 0.302000
vt 0.616800 0.264700
vt 0.566100 0.346300
vt 0.558500 0.344300
vt 0.714300 0.245300
vt 0.714300 0.228600
vt 0.714300 0.285700
vt 0.714300 0.326100
vt 0.714300 0.342900
vt 0.714300 0.326100
vt 0.714300 0.285700
vt 0.714300 0.245300
vt 0.811800 0.264700
vt 0.818200 0.249200
vt 0.796300 0.302000
vt 0.780800 0.339400
vt 0.774400 0.354800
vt 0.780800 0.339400
vt 0.796300 0.302000
vt 0.811800 0.264700
vt 0.894400 0.319900
vt 0.906200 0.308100
vt 0.865800 0.348500
vt 0.837200 0.377000
vt 0.825400 0.388900
vt 0.837200 0.377000
vt 0.865800 0.348500
vt 0.894400 0.319900
vt 0.949600 0.402500
vt 0.965100 0.396100
vt 0.912300 0.418000
vt 0.874900 0.433500
vt 0.859500 0.439900
vt 0.874900 0.433500
vt 0.912300 0.418000
vt 0.949600 0.402500
vt 0.969000 0.500000
vt 0.985700 0.500000
vt 0.928600 0.500000
vt 0.888200 0.500000
vt 0.871400 0.500000
vt 0.888200 0.500000
vt 0.928600 0.500000
vt 0.969000 0.500000
vt 0.949600 0.597500
vt 0.965100 0.603900
vt 0.912300 0.582000
vt 0.874900 0.566500
vt 0.859500 0.560100
vt 0.874900 0.566500
vt 0.912300 0.582000
vt 0.949600 0.597500
vt 0.894400 0.680100
vt 0.906200 0.691900
vt 0.865800 0.651500
vt 0.837200 0.623000
vt 0.825400 0.611100
vt 0.837200 0.623000
vt 0.865800 0.651500
vt 0.894400 0.680100
vt 0.811800 0.735300
vt 0.818200 0.750800
vt 0.796300 0.698000
vt 0.780800 0.660600
vt 0.774400 0.645200
vt 0.780800 0.660600
vt 0.796300 0.698000
vt 0.811800 0.735300
vt 0.285700 0.771400
vt 0.285700 0.754700
vt 0.188200 0.735300
vt 0.181800 0.750800
vt 0.285700 0.714300
vt 0.203700 0.698000
vt 0.285700 0.673900
vt 0.219200 0.660600
vt 0.285700 0.657100
vt 0.225600 0.645200
vt 0.285700 0.673900
vt 0.219200 0.660600
vt 0.285700 0.714300
vt 0.203700 0.698000
vt 0.285700 0.754700
vt 0.188200 0.735300
vt 0.105600 0.680100
vt 0.093800 0.691900
vt 0.134200 0.651500
vt 0.162800 0.623000
vt 0.174600 0.611100
vt 0.162800 0.623000
vt 0.134200 0.651500
vt 0.105600 0.680100
vt 0.050400 0.597500
vt 0.034900 0.603900
vt 0.087700 0.582000
vt 0.125100 0.566500
vt 0.140500 0.560100
vt 0.125100 0.566500
vt 0.087700 0.582000
vt 0.050400 0.597500
vt 0.031000 0.500000
vt 0.014300 0.500000
vt 0.071400 0.500000
vt 0.111800 0.500000
vt 0.128600 0.500000
vt 0.111800 0.500000
vt 0.071400 0.500000
vt 0.031000 0.500000
vt 0.050400 0.402500
vt 0.034900 0.396100
vt 0.087700 0.418000
vt 0.125100 0.433500
vt 0.140500 0.439900
vt 0.125100 0.433500
vt 0.087700 0.418000
vt 0.050400 0.402500
vt 0.105600 0.319900
vt 0.093800 0.308100
vt 0.134200 0.348500
vt 0.162800 0.377000
vt 0.174600 0.388900
vt 0.162800 0.377000
vt 0.134200 0.348500
vt 0.105600 0.319900
vt 0.188200 0.264700
vt 0.181800 0.249200
vt 0.203700 0.302000
vt 0.219200 0.339400
vt 0.225600 0.354800
vt 0.219200 0.339400
vt 0.203700 0.302000
vt 0.188200 0.264700
vt 0.285700 0.245300
vt 0.285700 0.228600
vt 0.285700 0.285700
vt 0.285700 0.326100
vt 0.285700 0.342900
vt 0.285700 0.326100
vt 0.285700 0.285700
vt 0.285700 0.245300
vt 0.383200 0.264700
vt 0.389600 0.249200
vt 0.367700 0.302000
vt 0.352300 0.339400
vt 0.352300 0.339400
vt 0.367700 0.302000
vt 0.383200 0.264700
vt 0.433900 0.346300
vt 0.441500 0.344300
vt 0.414300 0.351500
vt 0.441500 0.344300
vt 0.433900 0.346300
vt 0.441500 0.655700
vt 0.383200 0.735300
vt 0.389600 0.750800
vt 0.433900 0.653700
vt 0.367700 0.698000
vt 0.414300 0.648500
vt 0.352300 0.660600
vt 0.352300 0.660600
vt 0.414300 0.648500
vt 0.367700 0.698000
vt 0.383200 0.735300
vt 0.433900 0.653700
vt 0.441500 0.655700
vt 0.414300 0.351500
vt 0.585700 0.648500
vn 0.451231 -0.172608 -0.875555
vn -0.073494 -0.076488 -0.994358
vn 0.342065 0.362835 -0.866800
vn 0.815362 0.097815 -0.570628
vn 0.692312 -0.505303 -0.515143
vn 0.142967 -0.613022 -0.777023
vn -0.261884 0.489267 -0.831886
vn 0.626968 0.663566 -0.408156
vn 0.977220 -0.204570 -0.056497
vn 0.304827 -0.915407 -0.262889
vn -0.460984 -0.486590 -0.742108
vn -0.576274 0.042483 -0.816152
vn 0.130726 0.789906 -0.599132
vn 0.935944 0.339020 -0.095258
vn 0.726598 -0.687062 -0.000858
vn -0.207997 -0.870324 -0.446400
vn -0.642817 0.386326 -0.661467
vn -0.247264 0.804491 -0.540050
vn 0.300985 0.911997 -0.278694
vn 0.751490 0.659737 0.003209
vn 0.967527 0.124265 0.220115
vn 0.850402 -0.449805 0.272931
vn 0.435663 -0.888251 0.145627
vn -0.087215 -0.990784 -0.103642
vn -0.559578 -0.726285 -0.399229
vn -0.765619 -0.215592 -0.606092
vn -0.451244 0.172613 0.875548
vn -0.451236 0.172614 0.875551
vn -0.451234 0.172611 0.875553
vn -0.451236 0.172609 0.875552
vn -0.451228 0.172617 0.875555
vn -0.451231 0.172613 0.875554
vn -0.451227 0.172615 0.875556
vn -0.451233 0.172612 0.875553
vn -0.451235 0.172605 0.875554
vn -0.451235 0.172607 0.875553
vn -0.451237 0.172606 0.875552
vn -0.151791 0.802838 0.576550
vn 0.016306 0.757911 0.652154
vn 0.458169 0.886748 0.061305
vn 0.199101 0.975858 -0.089781
vn -0.439277 0.372404 0.817527
vn -0.487339 -0.557682 0.671932
vn -0.810799 -0.355123 0.465287
vn -0.398989 0.267577 0.877046
vn -0.199100 -0.975858 0.089783
vn -0.672399 -0.710833 -0.206389
vn 0.207980 -0.811587 -0.545958
vn -0.132673 -0.642287 -0.754894
vn 0.501244 0.025988 -0.864916
vn 0.501333 -0.143371 -0.853293
vn 0.643031 0.518200 -0.563898
vn 0.461149 0.562006 -0.686652
vn 0.856078 0.228841 0.463424
vn 0.820888 0.465265 0.331167
vn 0.598360 0.496176 0.629107
vn 0.299929 0.274596 0.913586
vn 0.152395 0.423248 0.893105
vn -0.085928 0.344063 0.935007
vn -0.159589 0.431487 0.887891
vn -0.401837 0.238033 0.884233
vn -0.947266 0.030031 0.319039
vn -0.888859 -0.174293 -0.423734
vn -0.299933 -0.274597 -0.913585
vn 0.540397 -0.153737 -0.827246
vn 0.929066 0.369696 -0.012718
vn 0.979850 0.033168 -0.196963
vn 0.861961 0.151820 -0.483708
vn 0.257773 -0.220319 0.940751
vn 0.769063 -0.478856 0.423366
vn -0.396343 0.163965 0.903342
vn -0.844621 0.450654 0.289010
vn -0.765814 0.428819 -0.479211
vn -0.229911 0.151045 -0.961419
vn 0.468524 -0.248290 -0.847843
vn 0.844625 -0.450649 -0.289004
vn 0.108834 -0.370750 0.922334
vn 0.380605 -0.571189 0.727243
vn 0.586724 -0.681873 0.436811
vn -0.413915 0.129957 0.900991
vn -0.282823 -0.172707 0.943495
vn -0.179403 -0.113999 0.977148
vn -0.542070 0.746073 0.386698
vn -0.350244 0.868140 -0.351656
vn 0.050616 0.472051 -0.880117
vn 0.457193 -0.276539 -0.845281
vn 0.717335 -0.557026 -0.418513
vn 0.647991 -0.430513 -0.628304
vn 0.550941 -0.491693 -0.674316
vn 0.711266 -0.697688 0.085628
vn -0.490655 -0.557108 0.669991
vn -0.199102 -0.975860 0.089758
vn 0.079468 -0.969448 0.232070
vn -0.305675 -0.463295 0.831818
vn -0.443598 -0.034672 0.895555
vn -0.381983 -0.228889 0.895376
vn -0.381990 -0.228887 0.895374
vn -0.382009 -0.228690 0.895416
vn -0.381935 -0.228914 0.895391
vn -0.381994 -0.228680 0.895425
vn -0.155185 0.803456 0.574783
vn 0.199098 0.975858 -0.089781
vn 0.434538 0.565804 -0.700745
vn 0.382254 -0.363952 -0.849365
vn 0.181670 -0.807894 -0.560628
vn 0.370547 -0.817424 -0.441036
vn -0.643031 -0.518159 0.563934
vn -0.458164 -0.886750 -0.061316
vn 0.168285 0.600892 0.781415
vn -0.498149 0.075682 0.863782
vn 0.672397 0.710833 0.206395
vn 0.775180 0.396501 -0.491816
vn 0.399367 -0.201221 -0.894436
vn -0.016275 -0.757912 -0.652154
vn -0.909250 -0.208535 -0.360247
vn -0.820613 -0.465407 -0.331648
vn -0.929011 -0.369844 0.012362
vn -0.942442 -0.028811 0.333126
vn -0.861959 -0.151806 0.483717
vn -0.741449 -0.027531 0.670445
vn -0.674206 -0.112484 0.729927
vn -0.497558 0.106024 0.860927
vn 0.304757 0.215751 0.927672
vn 0.888857 0.174300 0.423738
vn 0.942442 0.028810 -0.333126
vn 0.357287 -0.189643 -0.914539
vn -0.598370 -0.496187 -0.629088
vn -0.430353 -0.243363 -0.869236
vn -0.152361 -0.423243 -0.893113
vn -0.861823 0.451382 0.231335
vn -0.715830 0.458481 -0.526671
vn -0.504384 0.180590 0.844384
vn 0.202105 -0.204866 0.957697
vn 0.765815 -0.428813 0.479214
vn 0.872436 -0.396821 -0.285287
vn 0.430877 -0.095763 -0.897315
vn -0.202098 0.204867 -0.957698
vn -0.735549 0.610478 0.293741
vn -0.711284 0.697672 -0.085613
vn -0.586786 0.681852 -0.436761
vn -0.486817 0.214562 0.846742
vn -0.550968 0.491667 0.674313
vn -0.647996 0.430508 0.628302
vn -0.100446 -0.500286 0.860014
vn 0.350250 -0.868137 0.351658
vn 0.591896 -0.717829 -0.366579
vn 0.439966 -0.066643 -0.895538
vn -0.007733 0.285587 -0.958322
vn 0.179395 0.113983 -0.977152
vn 0.282848 0.172702 -0.943489
vn -0.380627 0.571196 -0.727227
vn -0.079458 0.969446 -0.232080
vn -0.403906 0.734722 0.545017
vn -0.445438 0.545358 0.710049
vn -0.445417 0.545386 0.710041
vn -0.445400 0.545460 0.709994
vn -0.445413 0.545732 0.709777
vn -0.445442 0.545338 0.710062
vn 0.256183 0.577681 -0.775020
vn 0.085962 -0.344062 -0.935004
vn 0.159568 -0.431531 -0.887874
vn 0.230764 -0.512306 -0.827219
vn 0.230797 -0.512273 -0.827230
vn 0.230702 -0.512395 -0.827181
vn 0.230758 -0.512385 -0.827172
vn 0.230762 -0.512361 -0.827185
vn 0.741464 0.027580 -0.670426
vn 0.674224 0.112578 -0.729896
vn 0.596742 0.196105 -0.778101
vn 0.596653 0.195994 -0.778198
vn 0.596704 0.196040 -0.778147
vn 0.596663 0.195777 -0.778245
vn 0.596660 0.195817 -0.778237
vn 0.381961 0.228792 -0.895411
vn 0.382012 0.228439 -0.895479
vn 0.381952 0.228815 -0.895408
vn 0.381953 0.228842 -0.895401
vn 0.381947 0.228855 -0.895400
vn -0.596640 -0.195735 0.778273
vn -0.596654 -0.195987 0.778199
vn -0.596622 -0.195767 0.778279
vn -0.596683 -0.195873 0.778205
vn -0.596675 -0.195875 0.778211
vn 0.445444 -0.545377 -0.710031
vn 0.445418 -0.545418 -0.710016
vn 0.445433 -0.545373 -0.710041
vn 0.445410 -0.545392 -0.710040
vn 0.445398 -0.545380 -0.710057
vn -0.230749 0.512312 0.827219
vn -0.230851 0.512189 0.827267
vn -0.230759 0.512308 0.827219
vn -0.230776 0.512306 0.827215
vn -0.230756 0.512329 0.827207
vn 0.199107 0.975856 -0.089786
vn -0.196175 0.812881 0.548397
vn 0.184034 0.781045 0.596741
vn 0.573699 0.818772 -0.021965
vn -0.474952 0.176213 0.862189
vn -0.433636 0.216054 0.874803
vn -0.458958 -0.498827 0.735207
vn -0.669696 -0.520873 0.529338
vn -0.364642 -0.931138 -0.004331
vn -0.649860 -0.719805 0.244055
vn -0.249985 -0.959774 0.127832
vn -0.104408 -0.774895 -0.623408
vn -0.304542 -0.851912 -0.426029
vn 0.196172 -0.812878 -0.548403
vn 0.474946 -0.176214 -0.862192
vn 0.345507 -0.312798 -0.884750
vn 0.476885 0.563017 -0.674976
vn 0.700705 0.382635 -0.602166
vn -0.015498 0.552514 0.833359
vn 0.431275 0.747816 0.504751
vn 0.582415 0.753561 0.304860
vn -0.451272 0.172586 0.875538
vn -0.145589 0.416921 0.897207
vn -0.127635 0.387408 0.913030
vn -0.778813 -0.403575 0.480186
vn -0.668125 -0.127709 0.733007
vn -0.668161 -0.127512 0.733008
vn -0.668126 -0.127668 0.733013
vn -0.431307 -0.747855 -0.504665
vn -0.145117 -0.646013 -0.749405
vn 0.778816 0.403515 -0.480231
vn 0.687567 0.098251 -0.719443
vn 0.706093 0.068555 -0.704792
vn 0.575513 -0.016528 -0.817626
vn -0.263932 -0.163336 0.950611
vn -0.254415 -0.155894 0.954448
vn -0.177254 -0.095167 0.979553
vn 0.124545 -0.755619 0.643062
vn -0.090609 -0.509400 0.855746
vn -0.187264 -0.498263 0.846562
vn 0.148963 -0.952783 0.264603
vn 0.254334 -0.854559 0.452817
vn -0.451241 0.172632 0.875545
vn -0.475323 0.299008 0.827443
vn -0.539288 0.503556 0.674981
vn -0.422076 0.822561 0.381111
vn -0.543066 0.751842 0.373916
vn -0.464178 0.885597 0.016039
vn -0.255868 0.959836 0.115094
vn 0.226130 0.509866 -0.830001
vn 0.035237 0.814211 -0.579499
vn -0.124559 0.755622 -0.643056
vn 0.090655 0.509368 -0.855760
vn 0.292074 0.185567 -0.938221
vn 0.292097 0.185584 -0.938210
vn 0.292076 0.185577 -0.938218
vn 0.426912 -0.179402 -0.886319
vn 0.443163 -0.788851 -0.425818
vn 0.507116 -0.351903 -0.786765
vn 0.598378 -0.459753 -0.656180
vn 0.569215 -0.482098 -0.666014
vn 0.543097 -0.751819 -0.373917
vn -0.443665 -0.568124 0.693106
vn -0.199097 -0.975859 0.089771
vn -0.427185 0.168874 0.888254
vn -0.162958 0.807768 0.566530
vn 0.115008 0.929158 -0.351339
vn 0.147378 0.987746 -0.051368
vn 0.443670 0.568115 -0.693110
vn 0.427179 -0.168875 -0.888256
vn 0.162948 -0.807773 -0.566525
vn -0.670382 -0.486596 0.560190
vn -0.516845 -0.850368 -0.098713
vn -0.431083 0.158905 0.888210
vn 0.058325 0.712371 0.699376
vn 0.516840 0.850371 0.098719
vn 0.670384 0.486586 -0.560197
vn 0.431091 -0.158908 -0.888205
vn -0.058332 -0.712370 -0.699376
vn -0.843753 -0.312360 0.436478
vn -0.755904 -0.595419 -0.272184
vn -0.438038 0.151008 0.886182
vn 0.222031 0.527147 0.820255
vn 0.755897 0.595426 0.272191
vn 0.843745 0.312362 -0.436491
vn 0.438044 -0.151004 -0.886180
vn -0.222022 -0.527143 -0.820260
vn -0.937365 -0.071934 0.340841
vn -0.879884 -0.249822 -0.404219
vn -0.446987 0.146388 0.882481
vn 0.303223 0.280297 0.910763
vn 0.879884 0.249819 0.404221
vn 0.937366 0.071933 -0.340839
vn 0.446979 -0.146387 -0.882486
vn -0.303207 -0.280297 -0.910768
vn -0.936978 0.198072 0.287818
vn -0.869909 0.133809 -0.474714
vn -0.456541 0.145757 0.877682
vn 0.289543 0.009414 0.957119
vn 0.869914 -0.133812 0.474705
vn 0.936978 -0.198080 -0.287815
vn 0.456542 -0.145757 -0.877681
vn -0.289541 -0.009418 -0.957119
vn -0.842655 0.456556 0.285465
vn -0.727501 0.497069 -0.472932
vn -0.465259 0.149199 0.872510
vn 0.183077 -0.244275 0.952267
vn 0.727508 -0.497066 0.472925
vn 0.842651 -0.456557 -0.285472
vn 0.465256 -0.149198 -0.872512
vn -0.183078 0.244280 -0.952266
vn -0.668743 0.664168 0.334161
vn -0.474335 0.784655 -0.399152
vn -0.471817 0.156195 0.867751
vn 0.000037 -0.442142 0.896945
vn 0.474342 -0.784657 0.399141
vn 0.668748 -0.664162 -0.334164
vn 0.471815 -0.156194 -0.867753
vn -0.000040 0.442148 -0.896942
vn -0.441732 0.789287 0.426496
vn -0.148963 0.952783 -0.264603
vn -0.475218 0.165683 0.864128
vn -0.231706 -0.554072 0.799573
vn 0.148960 -0.952783 0.264605
vn 0.441730 -0.789284 -0.426503
vn 0.475227 -0.165693 -0.864121
vn 0.231712 0.554069 -0.799573
vn 0.199088 0.975862 -0.089766
vn -0.196173 0.812879 0.548401
vn 0.030540 0.731346 0.681322
vn 0.516839 0.850371 0.098725
vn -0.474947 0.176211 0.862192
vn -0.471036 0.186190 0.862240
vn -0.476884 -0.563015 0.674979
vn -0.698165 -0.467616 0.542126
vn -0.200647 -0.967361 0.154772
vn -0.516844 -0.850368 -0.098727
vn 0.196172 -0.812887 -0.548390
vn -0.030548 -0.731344 -0.681324
vn 0.474947 -0.176225 -0.862189
vn 0.471042 -0.186197 -0.862236
vn 0.476883 0.563022 -0.674974
vn 0.698171 0.467607 -0.542126
vn 0.203907 0.557112 0.805014
vn 0.755910 0.595414 0.272181
vn -0.464089 0.194087 0.864263
vn -0.861861 -0.282387 0.421252
vn -0.755904 -0.595420 -0.272184
vn -0.203911 -0.557112 -0.805014
vn 0.464088 -0.194081 -0.864266
vn 0.861863 0.282393 -0.421244
vn 0.297528 0.316688 0.900659
vn 0.879886 0.249824 0.404214
vn -0.455160 0.198703 0.867956
vn -0.943051 -0.035542 0.330744
vn -0.879885 -0.249821 -0.404218
vn -0.297520 -0.316687 -0.900662
vn 0.455152 -0.198705 -0.867959
vn 0.943053 0.035549 -0.330737
vn 0.297146 0.046684 0.953690
vn 0.869909 -0.133805 0.474716
vn -0.445606 0.199340 0.872754
vn -0.929375 0.235340 0.284388
vn -0.869913 0.133808 -0.474707
vn -0.297147 -0.046682 -0.953690
vn 0.445601 -0.199334 -0.872757
vn 0.929375 -0.235345 -0.284386
vn 0.202824 -0.211805 0.956034
vn 0.727502 -0.497067 0.472933
vn -0.436884 0.195895 0.877928
vn -0.822917 0.489029 0.289238
vn -0.727502 0.497069 -0.472931
vn -0.202820 0.211799 -0.956036
vn 0.436872 -0.195892 -0.877935
vn 0.822915 -0.489033 -0.289236
vn 0.028903 -0.419408 0.907338
vn 0.474334 -0.784657 0.399151
vn -0.430314 0.188898 0.882693
vn -0.639881 0.686903 0.344553
vn -0.474350 0.784652 -0.399141
vn -0.028898 0.419404 -0.907340
vn 0.430306 -0.188886 -0.882700
vn 0.639876 -0.686903 -0.344562
vn -0.198106 -0.544530 0.815010
vn 0.148958 -0.952780 0.264615
vn -0.426910 0.179405 0.886319
vn -0.408126 0.798833 0.441927
vn -0.148971 0.952784 -0.264596
vn 0.198101 0.544534 -0.815008
vn 0.426917 -0.179412 -0.886314
vn 0.408130 -0.798826 -0.441935
vn -0.443661 -0.568126 0.693107
vn -0.199094 -0.975860 0.089776
vn -0.427182 0.168870 0.888256
vn -0.231175 0.762815 0.603880
vn 0.196691 0.980161 -0.024417
vn 0.443652 0.568138 -0.693103
vn 0.427181 -0.168880 -0.888255
vn 0.162953 -0.807773 -0.566523
vn -0.702287 -0.582803 0.408820
vn -0.450268 -0.865984 -0.217554
vn -0.467851 0.128772 0.874376
vn 0.059840 0.754126 0.653998
vn 0.364531 0.931181 0.004353
vn 0.304519 0.851863 0.426144
vn 0.675164 0.556547 -0.484159
vn 0.649750 0.719887 -0.244107
vn 0.543018 -0.027072 -0.839285
vn 0.000830 -0.651008 -0.759070
vn -0.735377 -0.265314 0.623562
vn -0.770973 -0.617890 0.154313
vn -0.703532 -0.707219 -0.069891
vn -0.451219 0.172609 0.875561
vn -0.687574 -0.098230 0.719439
vn -0.706104 -0.068486 0.704789
vn 0.145053 0.645939 0.749482
vn -0.163247 0.445795 0.880124
vn -0.163256 0.445875 0.880081
vn -0.163260 0.445793 0.880122
vn 0.770983 0.617856 -0.154401
vn 0.778802 0.403521 -0.480248
vn -0.145131 -0.646008 -0.749407
vn 0.145551 -0.416877 -0.897234
vn 0.127605 -0.387280 -0.913089
vn 0.307451 -0.321132 -0.895739
vn -0.569226 0.482035 0.666050
vn -0.579049 0.474709 0.662838
vn -0.654076 0.413247 0.633571
vn -0.464218 0.885577 0.016010
vn -0.543085 0.751821 0.373931
vn -0.480291 0.753622 0.448747
vn -0.148959 0.952783 -0.264603
vn -0.375431 0.900890 -0.217827
vn -0.451207 0.172548 0.875579
vn -0.418620 0.042925 0.907147
vn -0.292057 -0.185584 0.938222
vn -0.179077 -0.592601 0.785338
vn -0.090653 -0.509411 0.855735
vn 0.124547 -0.755663 0.643009
vn -0.088791 -0.827911 0.553787
vn 0.442396 -0.765594 -0.467066
vn 0.310263 -0.946331 -0.090522
vn 0.464263 -0.885551 -0.016069
vn 0.543121 -0.751767 -0.373988
vn 0.539315 -0.503591 -0.674934
vn 0.539328 -0.503579 -0.674932
vn 0.539313 -0.503600 -0.674928
vn 0.475219 -0.165680 -0.864128
vn 0.196658 0.544102 -0.815646
vn 0.375854 0.014113 -0.926571
vn 0.235352 0.140774 -0.961661
vn 0.263947 0.163313 -0.950611
vn 0.090677 0.509352 -0.855768
vn 0.064751 -0.997897 0.002856
vn 0.431280 0.747794 0.504779
vn 0.668091 0.127676 -0.733044
vn 0.091248 -0.326649 -0.940731
vn -0.770952 -0.617912 0.154331
vn 0.163279 -0.445751 -0.880140
vn 0.740143 0.008675 -0.672393
vn 0.185812 -0.941534 0.281049
vn 0.262809 -0.912049 0.314798
vn 0.474536 -0.784659 0.398907
vn 0.032885 -0.977143 0.210024
vn 0.032738 -0.977064 0.210416
vn 0.032606 -0.976873 0.211321
vn 0.756115 0.595271 0.271924
vn 0.607560 0.778114 0.159403
vn 0.546936 0.828782 0.118240
vn 0.417380 0.907992 0.036682
vn 0.417062 0.908084 0.037976
vn 0.417273 0.908027 0.037015
vn -0.185577 0.941489 -0.281353
vn -0.262472 0.911993 -0.315242
vn -0.474219 0.784632 -0.399337
vn -0.032665 0.977220 -0.209702
vn -0.032577 0.977219 -0.209718
vn -0.032311 0.977189 -0.209897
vn -0.755869 -0.595410 -0.272302
vn -0.607361 -0.778180 -0.159840
vn -0.546794 -0.828830 -0.118569
vn -0.417706 -0.907867 -0.036060
vn -0.418182 -0.907668 -0.035525
vn -0.417815 -0.907825 -0.035843
vn -0.539310 0.503619 0.674917
vn -0.539285 0.503547 0.674990
vn -0.292073 -0.185580 0.938218
vn -0.292074 -0.185574 0.938219
vn 0.668052 0.127537 -0.733103
vn 0.668100 0.127702 -0.733031
vn 0.163290 -0.445738 -0.880144
vn 0.163258 -0.445772 -0.880133
vn -0.124552 0.755645 -0.643030
vn -0.546785 -0.828852 -0.118450
vn -0.607347 -0.778222 -0.159689
vn -0.755858 -0.595404 -0.272348
vn -0.417320 -0.908028 -0.036462
vn -0.417264 -0.908047 -0.036622
vn -0.417063 -0.908119 -0.037129
vn 0.177257 0.095169 -0.979552
vn -0.740068 -0.008707 0.672475
vn -0.032811 0.977289 -0.209354
vn -0.032873 0.977429 -0.208692
vn -0.032834 0.977329 -0.209165
vn -0.185607 0.941491 -0.281325
vn -0.262544 0.912004 -0.315150
vn -0.474425 0.784634 -0.399087
vn -0.431318 -0.747827 -0.504696
vn 0.464244 -0.885561 -0.016106
vn 0.546802 0.828839 0.118460
vn 0.607375 0.778202 0.159678
vn 0.755916 0.595370 0.272261
vn 0.417623 0.907910 0.035916
vn 0.417719 0.907872 0.035770
vn 0.417980 0.907767 0.035375
vn 0.654125 -0.413145 -0.633587
vn -0.091247 0.326735 0.940701
vn 0.032613 -0.977233 0.209648
vn 0.032145 -0.977218 0.209791
vn 0.032496 -0.977231 0.209674
vn 0.185668 -0.941493 0.281279
vn 0.262608 -0.911995 0.315122
vn 0.474463 -0.784573 0.399161
vn 0.770961 0.617897 -0.154347
s 1
g Toasters040_WindupKey
f 380/380/518 381/381/519 382/382/520
f 380/380/518 382/382/520 383/383/521
f 380/380/518 383/383/521 384/384/522
f 380/380/518 384/384/522 385/385/523
f 380/380/518 385/385/523 381/381/519
f 391/386/524 382/382/520 381/381/519
f 392/387/525 383/383/521 382/382/520
f 393/388/526 384/384/522 383/383/521
f 394/389/527 385/385/523 384/384/522
f 395/390/528 381/381/519 385/385/523
f 381/381/519 395/390/528 386/391/529
f 381/381/519 386/391/529 391/386/524
f 382/382/520 391/386/524 387/392/530
f 382/382/520 387/392/530 392/387/525
f 383/383/521 392/387/525 388/393/531
f 383/383/521 388/393/531 393/388/526
f 384/384/522 393/388/526 389/394/532
f 384/384/522 389/394/532 394/389/527
f 385/385/523 394/389/527 390/395/533
f 385/385/523 390/395/533 395/390/528
f 396/396/534 391/386/524 386/391/529
f 397/397/535 387/392/530 391/386/524
f 398/398/536 392/387/525 387/392/530
f 399/399/537 388/393/531 392/387/525
f 400/400/538 393/388/526 388/393/531
f 401/401/539 389/394/532 393/388/526
f 402/402/540 394/389/527 389/394/532
f 403/403/541 390/395/533 394/389/527
f 404/404/542 395/390/528 390/395/533
f 405/405/543 386/391/529 395/390/528
f 386/391/529 405/405/543 396/396/534
f 391/386/524 396/396/534 397/397/535
f 387/392/530 397/397/535 398/398/536
f 392/387/525 398/398/536 399/399/537
f 388/393/531 399/399/537 400/400/538
f 393/388/526 400/400/538 401/401/539
f 389/394/532 401/401/539 402/402/540
f 394/389/527 402/402/540 403/403/541
f 390/395/533 403/403/541 404/404/542
f 395/390/528 404/404/542 405/405/543
s 2
f 396/396/544 405/405/545 406/406/546
f 397/397/547 396/396/544 406/406/546
f 398/398/548 397/397/547 406/406/546
f 399/399/549 398/398/548 406/406/546
f 400/400/550 399/399/549 406/406/546
f 401/401/551 400/400/550 406/406/546
f 402/402/552 401/401/551 406/406/546
f 403/403/553 402/402/552 406/406/546
f 404/404/554 403/403/553 406/406/546
f 405/405/545 404/404/554 406/406/546
s 3
f 408/407/555 525/408/556 526/409/557
f 526/409/557 407/410/558 408/407/555
f 409/411/559 410/412/560 416/413/561
f 416/413/561 415/414/562 409/411/559
f 410/412/560 411/415/563 417/416/564
f 417/416/564 416/413/561 410/412/560
f 411/415/563 412/417/565 418/418/566
f 418/418/566 417/416/564 411/415/563
f 412/417/565 413/419/567 419/420/568
f 419/420/568 418/418/566 412/417/565
f 526/409/557 538/421/569 414/422/570
f 414/422/570 407/410/558 526/409/557
f 420/423/571 539/424/572 528/425/573
f 421/426/574 420/423/571 528/425/573
f 529/427/575 421/426/574 528/425/573
f 530/428/576 560/429/577 415/414/562
f 530/428/576 415/414/562 422/430/578
f 422/430/578 421/426/574 529/427/575
f 530/428/576 422/430/578 529/427/575
f 415/414/562 416/413/561 423/431/579
f 423/431/579 422/430/578 415/414/562
f 416/413/561 417/416/564 424/432/580
f 424/432/580 423/431/579 416/413/561
f 417/416/564 418/418/566 425/433/581
f 425/433/581 424/432/580 417/416/564
f 418/418/566 419/420/568 426/434/582
f 426/434/582 425/433/581 418/418/566
f 533/435/583 539/424/572 420/423/571
f 533/435/583 420/423/571 427/436/584
f 533/435/583 427/436/584 532/437/585
f 420/423/571 421/426/574 429/438/586
f 429/438/586 428/439/587 420/423/571
f 421/426/574 422/430/578 430/440/588
f 430/440/588 429/438/586 421/426/574
f 422/430/578 423/431/579 431/441/589
f 431/441/589 430/440/588 422/430/578
f 423/431/579 424/432/580 432/442/590
f 432/442/590 431/441/589 423/431/579
f 424/432/580 425/433/581 433/443/591
f 433/443/591 432/442/590 424/432/580
f 425/433/581 426/434/582 434/444/592
f 434/444/592 433/443/591 425/433/581
f 426/434/582 427/436/584 435/445/593
f 435/445/593 434/444/592 426/434/582
f 427/436/584 420/423/571 428/439/587
f 428/439/587 435/445/593 427/436/584
f 429/438/586 541/446/594 508/447/595
f 428/439/587 429/438/586 508/447/595
f 428/439/587 508/447/595 509/448/596
f 436/449/597 515/450/598 516/451/599
f 430/440/588 436/449/597 516/451/599
f 429/438/586 430/440/588 516/451/599
f 429/438/586 516/451/599 541/446/594
f 430/440/588 431/441/589 437/452/600
f 437/452/600 436/449/597 430/440/588
f 431/441/589 432/442/590 438/453/601
f 438/453/601 437/452/600 431/441/589
f 432/442/590 433/443/591 439/454/602
f 439/454/602 438/453/601 432/442/590
f 433/443/591 434/444/592 440/455/603
f 440/455/603 439/454/602 433/443/591
f 434/444/592 435/445/593 518/456/604
f 434/444/592 518/456/604 519/457/605
f 519/457/605 561/458/606 440/455/603
f 434/444/592 519/457/605 440/455/603
f 428/439/587 509/448/596 510/459/607
f 435/445/593 428/439/587 510/459/607
f 435/445/593 510/459/607 518/456/604
f 442/460/608 441/461/609 511/462/610
f 511/462/610 512/463/611 442/460/608
f 443/464/612 442/460/608 512/463/611
f 443/464/612 512/463/611 513/465/613
f 443/464/612 513/465/613 514/466/614
f 443/464/612 514/466/614 543/467/615
f 543/467/615 555/468/616 517/469/617
f 443/464/612 543/467/615 517/469/617
f 517/469/617 515/450/598 436/449/597
f 443/464/612 517/469/617 436/449/597
f 436/449/597 437/452/600 444/470/618
f 444/470/618 443/464/612 436/449/597
f 437/452/600 438/453/601 445/471/619
f 445/471/619 444/470/618 437/452/600
f 438/453/601 439/454/602 446/472/620
f 446/472/620 445/471/619 438/453/601
f 439/454/602 440/455/603 447/473/621
f 447/473/621 446/472/620 439/454/602
f 511/462/610 441/461/609 448/474/622
f 448/474/622 522/475/623 511/462/610
f 442/460/608 492/476/624 493/477/625
f 493/477/625 441/461/609 442/460/608
f 443/464/612 444/470/618 450/478/626
f 450/478/626 449/479/627 443/464/612
f 444/470/618 445/471/619 451/480/628
f 451/480/628 450/478/626 444/470/618
f 445/471/619 446/472/620 452/481/629
f 452/481/629 451/480/628 445/471/619
f 446/472/620 447/473/621 453/482/630
f 453/482/630 452/481/629 446/472/620
f 493/477/625 505/483/631 448/474/622
f 448/474/622 441/461/609 493/477/625
f 454/484/632 506/485/633 495/486/634
f 455/487/635 454/484/632 495/486/634
f 496/488/636 455/487/635 495/486/634
f 497/489/637 559/490/638 449/479/627
f 497/489/637 449/479/627 456/491/639
f 456/491/639 455/487/635 496/488/636
f 497/489/637 456/491/639 496/488/636
f 449/479/627 450/478/626 457/492/640
f 457/492/640 456/491/639 449/479/627
f 450/478/626 451/480/628 458/493/641
f 458/493/641 457/492/640 450/478/626
f 451/480/628 452/481/629 459/494/642
f 459/494/642 458/493/641 451/480/628
f 452/481/629 453/482/630 460/495/643
f 460/495/643 459/494/642 452/481/629
f 500/496/644 506/485/633 454/484/632
f 500/496/644 454/484/632 461/497/645
f 500/496/644 461/497/645 499/498/646
f 454/484/632 455/487/635 463/499/647
f 463/499/647 462/500/648 454/484/632
f 455/487/635 456/491/639 464/501/649
f 464/501/649 463/499/647 455/487/635
f 456/491/639 457/492/640 465/502/650
f 465/502/650 464/501/649 456/491/639
f 457/492/640 458/493/641 466/503/651
f 466/503/651 465/502/650 457/492/640
f 458/493/641 459/494/642 467/504/652
f 467/504/652 466/503/651 458/493/641
f 459/494/642 460/495/643 468/505/653
f 468/505/653 467/504/652 459/494/642
f 460/495/643 461/497/645 469/506/654
f 469/506/654 468/505/653 460/495/643
f 461/497/645 454/484/632 462/500/648
f 462/500/648 469/506/654 461/497/645
f 463/499/647 544/507/655 475/508/656
f 462/500/648 463/499/647 475/508/656
f 462/500/648 475/508/656 476/509/657
f 470/510/658 482/511/659 483/512/660
f 464/501/649 470/510/658 483/512/660
f 463/499/647 464/501/649 483/512/660
f 463/499/647 483/512/660 544/507/655
f 464/501/649 465/502/650 471/513/661
f 471/513/661 470/510/658 464/501/649
f 465/502/650 466/503/651 472/514/662
f 472/514/662 471/513/661 465/502/650
f 466/503/651 467/504/652 473/515/663
f 473/515/663 472/514/662 466/503/651
f 467/504/652 468/505/653 474/516/664
f 474/516/664 473/515/663 467/504/652
f 468/505/653 469/506/654 485/517/665
f 468/505/653 485/517/665 486/518/666
f 486/518/666 562/519/667 474/516/664
f 468/505/653 486/518/666 474/516/664
f 462/500/648 476/509/657 477/520/668
f 469/506/654 462/500/648 477/520/668
f 469/506/654 477/520/668 485/517/665
f 408/407/555 407/410/558 478/521/669
f 478/521/669 479/522/670 408/407/555
f 409/411/559 408/407/555 479/522/670
f 409/411/559 479/522/670 480/523/671
f 409/411/559 480/523/671 481/524/672
f 409/411/559 481/524/672 546/525/673
f 546/525/673 549/526/674 484/527/675
f 409/411/559 546/525/673 484/527/675
f 484/527/675 482/511/659 470/510/658
f 409/411/559 484/527/675 470/510/658
f 470/510/658 471/513/661 410/412/560
f 410/412/560 409/411/559 470/510/658
f 471/513/661 472/514/662 411/415/563
f 411/415/563 410/412/560 471/513/661
f 472/514/662 473/515/663 412/417/565
f 412/417/565 411/415/563 472/514/662
f 473/515/663 474/516/664 413/419/567
f 413/419/567 412/417/565 473/515/663
f 478/521/669 407/410/558 414/422/570
f 414/422/570 489/528/676 478/521/669
f 499/498/646 461/497/645 460/495/643
f 498/529/677 499/498/646 460/495/643
f 498/529/677 460/495/643 453/482/630
f 498/529/677 453/482/630 502/530/678
f 507/531/679 552/532/680 501/533/681
f 501/533/681 502/530/678 453/482/630
f 501/533/681 453/482/630 447/473/621
f 507/531/679 501/533/681 447/473/621
f 504/534/682 507/531/679 447/473/621
f 448/474/622 505/483/631 503/535/683
f 447/473/621 448/474/622 503/535/683
f 504/534/682 447/473/621 503/535/683
f 532/437/585 427/436/584 426/434/582
f 531/536/684 532/437/585 426/434/582
f 531/536/684 426/434/582 419/420/568
f 531/536/684 419/420/568 535/537/685
f 540/538/686 558/539/687 534/540/688
f 534/540/688 535/537/685 419/420/568
f 534/540/688 419/420/568 413/419/567
f 540/538/686 534/540/688 413/419/567
f 537/541/689 540/538/686 413/419/567
f 414/422/570 538/421/569 536/542/690
f 413/419/567 414/422/570 536/542/690
f 537/541/689 413/419/567 536/542/690
f 548/543/691 547/544/692 545/545/693
f 488/546/694 489/528/676 414/422/570
f 488/546/694 414/422/570 413/419/567
f 487/547/695 488/546/694 413/419/567
f 545/545/693 487/547/695 413/419/567
f 545/545/693 413/419/567 474/516/664
f 548/543/691 545/545/693 474/516/664
f 548/543/691 474/516/664 562/519/667
f 550/548/696 551/549/697 490/550/698
f 494/551/699 492/476/624 442/460/608
f 491/552/700 494/551/699 442/460/608
f 491/552/700 442/460/608 443/464/612
f 490/550/698 491/552/700 443/464/612
f 490/550/698 443/464/612 449/479/627
f 550/548/696 490/550/698 449/479/627
f 550/548/696 449/479/627 559/490/638
f 554/553/701 553/554/702 542/555/703
f 521/556/704 522/475/623 448/474/622
f 521/556/704 448/474/622 447/473/621
f 520/557/705 521/556/704 447/473/621
f 542/555/703 520/557/705 447/473/621
f 542/555/703 447/473/621 440/455/603
f 554/553/701 542/555/703 440/455/603
f 554/553/701 440/455/603 561/458/606
f 556/558/706 557/559/707 523/560/708
f 527/561/709 525/408/556 408/407/555
f 524/562/710 527/561/709 408/407/555
f 524/562/710 408/407/555 409/411/559
f 523/560/708 524/562/710 409/411/559
f 523/560/708 409/411/559 415/414/562
f 556/558/706 523/560/708 415/414/562
f 556/558/706 415/414/562 560/429/577
s 28
f 563/563/711 564/564/712 572/565/713
f 572/565/713 571/566/714 563/563/711
f 564/564/712 565/567/715 573/568/716
f 573/568/716 572/565/713 564/564/712
f 565/567/715 566/569/717 574/570/718
f 574/570/718 573/568/716 565/567/715
f 476/509/719 475/508/720 574/570/718
f 567/571/721 476/509/719 574/570/718
f 566/569/717 567/571/721 574/570/718
f 575/572/722 477/520/723 476/509/719
f 575/572/722 476/509/719 567/571/721
f 575/572/722 567/571/721 568/573/724
f 568/573/724 569/574/725 576/575/726
f 576/575/726 575/572/722 568/573/724
f 569/574/725 570/576/727 577/577/728
f 577/577/728 576/575/726 569/574/725
f 570/576/727 563/563/711 571/566/714
f 571/566/714 577/577/728 570/576/727
f 572/565/713 480/523/729 479/522/730
f 572/565/713 479/522/730 478/521/731
f 571/566/714 572/565/713 478/521/731
f 573/568/716 749/578/732 750/579/733
f 750/579/733 481/524/734 480/523/729
f 573/568/716 750/579/733 480/523/729
f 572/565/713 573/568/716 480/523/729
f 574/570/718 483/512/735 482/511/736
f 573/568/716 574/570/718 482/511/736
f 482/511/736 484/527/737 747/580/738
f 573/568/716 482/511/736 747/580/738
f 485/517/739 477/520/723 575/572/722
f 575/572/722 486/518/740 485/517/739
f 577/577/728 488/546/741 487/547/742
f 487/547/742 751/581/743 752/582/744
f 577/577/728 487/547/742 752/582/744
f 576/575/726 577/577/728 752/582/744
f 741/583/745 491/552/746 490/550/747
f 492/476/748 494/551/749 579/584/750
f 579/584/750 578/585/751 493/477/752
f 492/476/748 579/584/750 493/477/752
f 741/583/745 742/586/753 580/587/754
f 741/583/745 580/587/754 579/584/750
f 491/552/746 741/583/745 579/584/750
f 491/552/746 579/584/750 494/551/749
f 743/588/755 580/587/754 742/586/753
f 581/589/756 497/489/757 496/488/758
f 496/488/758 495/486/759 581/589/756
f 582/590/760 500/496/761 499/498/762
f 499/498/762 498/529/763 582/590/760
f 582/590/760 498/529/763 502/530/764
f 502/530/764 501/533/765 744/591/766
f 582/590/760 502/530/764 744/591/766
f 583/592/767 582/590/760 744/591/766
f 584/593/768 583/592/767 745/594/769
f 745/594/769 746/595/770 504/534/771
f 584/593/768 745/594/769 504/534/771
f 503/535/772 584/593/768 504/534/771
f 578/585/751 579/584/750 586/596/773
f 586/596/773 585/597/774 578/585/751
f 579/584/750 580/587/754 587/598/775
f 587/598/775 586/596/773 579/584/750
f 580/587/754 581/589/756 588/599/776
f 588/599/776 587/598/775 580/587/754
f 495/486/759 506/485/777 589/600/778
f 581/589/756 495/486/759 589/600/778
f 581/589/756 589/600/778 588/599/776
f 506/485/777 500/496/761 582/590/760
f 506/485/777 582/590/760 590/601/779
f 506/485/777 590/601/779 589/600/778
f 582/590/760 583/592/767 591/602/780
f 591/602/780 590/601/779 582/590/760
f 583/592/767 584/593/768 592/603/781
f 592/603/781 591/602/780 583/592/767
f 584/593/768 578/585/751 585/597/774
f 585/597/774 592/603/781 584/593/768
f 585/597/774 586/596/773 594/604/782
f 594/604/782 593/605/783 585/597/774
f 586/596/773 587/598/775 595/606/784
f 595/606/784 594/604/782 586/596/773
f 587/598/775 588/599/776 596/607/785
f 596/607/785 595/606/784 587/598/775
f 588/599/776 589/600/778 597/608/786
f 597/608/786 596/607/785 588/599/776
f 589/600/778 590/601/779 598/609/787
f 598/609/787 597/608/786 589/600/778
f 590/601/779 591/602/780 599/610/788
f 599/610/788 598/609/787 590/601/779
f 591/602/780 592/603/781 600/611/789
f 600/611/789 599/610/788 591/602/780
f 592/603/781 585/597/774 593/605/783
f 593/605/783 600/611/789 592/603/781
f 593/605/783 594/604/782 602/612/790
f 602/612/790 601/613/791 593/605/783
f 594/604/782 595/606/784 603/614/792
f 603/614/792 602/612/790 594/604/782
f 595/606/784 596/607/785 604/615/793
f 604/615/793 603/614/792 595/606/784
f 596/607/785 597/608/786 605/616/794
f 605/616/794 604/615/793 596/607/785
f 597/608/786 598/609/787 606/617/795
f 606/617/795 605/616/794 597/608/786
f 598/609/787 599/610/788 607/618/796
f 607/618/796 606/617/795 598/609/787
f 599/610/788 600/611/789 608/619/797
f 608/619/797 607/618/796 599/610/788
f 600/611/789 593/605/783 601/613/791
f 601/613/791 608/619/797 600/611/789
f 601/613/791 602/612/790 610/620/798
f 610/620/798 609/621/799 601/613/791
f 602/612/790 603/614/792 611/622/800
f 611/622/800 610/620/798 602/612/790
f 603/614/792 604/615/793 612/623/801
f 612/623/801 611/622/800 603/614/792
f 604/615/793 605/616/794 613/624/802
f 613/624/802 612/623/801 604/615/793
f 605/616/794 606/617/795 614/625/803
f 614/625/803 613/624/802 605/616/794
f 606/617/795 607/618/796 615/626/804
f 615/626/804 614/625/803 606/617/795
f 607/618/796 608/619/797 616/627/805
f 616/627/805 615/626/804 607/618/796
f 608/619/797 601/613/791 609/621/799
f 609/621/799 616/627/805 608/619/797
f 609/621/799 610/620/798 618/628/806
f 618/628/806 617/629/807 609/621/799
f 610/620/798 611/622/800 619/630/808
f 619/630/808 618/628/806 610/620/798
f 611/622/800 612/623/801 620/631/809
f 620/631/809 619/630/808 611/622/800
f 612/623/801 613/624/802 621/632/810
f 621/632/810 620/631/809 612/623/801
f 613/624/802 614/625/803 622/633/811
f 622/633/811 621/632/810 613/624/802
f 614/625/803 615/626/804 623/634/812
f 623/634/812 622/633/811 614/625/803
f 615/626/804 616/627/805 624/635/813
f 624/635/813 623/634/812 615/626/804
f 616/627/805 609/621/799 617/629/807
f 617/629/807 624/635/813 616/627/805
f 617/629/807 618/628/806 626/636/814
f 626/636/814 625/637/815 617/629/807
f 618/628/806 619/630/808 627/638/816
f 627/638/816 626/636/814 618/628/806
f 619/630/808 620/631/809 628/639/817
f 628/639/817 627/638/816 619/630/808
f 620/631/809 621/632/810 629/640/818
f 629/640/818 628/639/817 620/631/809
f 621/632/810 622/633/811 630/641/819
f 630/641/819 629/640/818 621/632/810
f 622/633/811 623/634/812 631/642/820
f 631/642/820 630/641/819 622/633/811
f 623/634/812 624/635/813 632/643/821
f 632/643/821 631/642/820 623/634/812
f 624/635/813 617/629/807 625/637/815
f 625/637/815 632/643/821 624/635/813
f 625/637/815 626/636/814 634/644/822
f 634/644/822 633/645/823 625/637/815
f 626/636/814 627/638/816 635/646/824
f 635/646/824 634/644/822 626/636/814
f 627/638/816 628/639/817 636/647/825
f 636/647/825 635/646/824 627/638/816
f 628/639/817 629/640/818 637/648/826
f 637/648/826 636/647/825 628/639/817
f 629/640/818 630/641/819 638/649/827
f 638/649/827 637/648/826 629/640/818
f 630/641/819 631/642/820 639/650/828
f 639/650/828 638/649/827 630/641/819
f 631/642/820 632/643/821 640/651/829
f 640/651/829 639/650/828 631/642/820
f 632/643/821 625/637/815 633/645/823
f 633/645/823 640/651/829 632/643/821
f 633/645/823 634/644/822 642/652/830
f 642/652/830 641/653/831 633/645/823
f 634/644/822 635/646/824 643/654/832
f 643/654/832 642/652/830 634/644/822
f 635/646/824 636/647/825 644/655/833
f 644/655/833 643/654/832 635/646/824
f 636/647/825 637/648/826 645/656/834
f 645/656/834 644/655/833 636/647/825
f 637/648/826 638/649/827 646/657/835
f 646/657/835 645/656/834 637/648/826
f 638/649/827 639/650/828 647/658/836
f 647/658/836 646/657/835 638/649/827
f 639/650/828 640/651/829 648/659/837
f 648/659/837 647/658/836 639/650/828
f 640/651/829 633/645/823 641/653/831
f 641/653/831 648/659/837 640/651/829
f 641/653/831 642/652/830 564/564/712
f 564/564/712 563/563/711 641/653/831
f 642/652/830 643/654/832 565/567/715
f 565/567/715 564/564/712 642/652/830
f 643/654/832 644/655/833 566/569/717
f 566/569/717 565/567/715 643/654/832
f 644/655/833 645/656/834 567/571/721
f 567/571/721 566/569/717 644/655/833
f 645/656/834 646/657/835 568/573/724
f 568/573/724 567/571/721 645/656/834
f 646/657/835 647/658/836 569/574/725
f 569/574/725 568/573/724 646/657/835
f 647/658/836 648/659/837 570/576/727
f 570/576/727 569/574/725 647/658/836
f 648/659/837 641/653/831 563/563/711
f 563/563/711 570/576/727 648/659/837
s 50
f 649/660/838 650/661/839 658/662/840
f 658/662/840 657/663/841 649/660/838
f 650/661/839 651/664/842 659/665/843
f 659/665/843 658/662/840 650/661/839
f 651/664/842 652/666/844 660/667/845
f 660/667/845 659/665/843 651/664/842
f 652/666/844 653/668/846 661/669/847
f 661/669/847 660/667/845 652/666/844
f 653/668/846 654/670/848 662/671/849
f 662/671/849 661/669/847 653/668/846
f 654/670/848 655/672/850 663/673/851
f 663/673/851 662/671/849 654/670/848
f 655/672/850 656/674/852 664/675/853
f 664/675/853 663/673/851 655/672/850
f 656/674/852 649/660/838 657/663/841
f 657/663/841 664/675/853 656/674/852
f 657/663/841 658/662/840 666/676/854
f 666/676/854 665/677/855 657/663/841
f 658/662/840 659/665/843 667/678/856
f 667/678/856 666/676/854 658/662/840
f 659/665/843 660/667/845 668/679/857
f 668/679/857 667/678/856 659/665/843
f 660/667/845 661/669/847 669/680/858
f 669/680/858 668/679/857 660/667/845
f 661/669/847 662/671/849 670/681/859
f 670/681/859 669/680/858 661/669/847
f 662/671/849 663/673/851 671/682/860
f 671/682/860 670/681/859 662/671/849
f 663/673/851 664/675/853 672/683/861
f 672/683/861 671/682/860 663/673/851
f 664/675/853 657/663/841 665/677/855
f 665/677/855 672/683/861 664/675/853
f 665/677/855 666/676/854 674/684/862
f 674/684/862 673/685/863 665/677/855
f 666/676/854 667/678/856 675/686/864
f 675/686/864 674/684/862 666/676/854
f 667/678/856 668/679/857 676/687/865
f 676/687/865 675/686/864 667/678/856
f 668/679/857 669/680/858 677/688/866
f 677/688/866 676/687/865 668/679/857
f 669/680/858 670/681/859 678/689/867
f 678/689/867 677/688/866 669/680/858
f 670/681/859 671/682/860 679/690/868
f 679/690/868 678/689/867 670/681/859
f 671/682/860 672/683/861 680/691/869
f 680/691/869 679/690/868 671/682/860
f 672/683/861 665/677/855 673/685/863
f 673/685/863 680/691/869 672/683/861
f 673/685/863 674/684/862 682/692/870
f 682/692/870 681/693/871 673/685/863
f 674/684/862 675/686/864 683/694/872
f 683/694/872 682/692/870 674/684/862
f 675/686/864 676/687/865 684/695/873
f 684/695/873 683/694/872 675/686/864
f 676/687/865 677/688/866 685/696/874
f 685/696/874 684/695/873 676/687/865
f 677/688/866 678/689/867 686/697/875
f 686/697/875 685/696/874 677/688/866
f 678/689/867 679/690/868 687/698/876
f 687/698/876 686/697/875 678/689/867
f 679/690/868 680/691/869 688/699/877
f 688/699/877 687/698/876 679/690/868
f 680/691/869 673/685/863 681/693/871
f 681/693/871 688/699/877 680/691/869
f 681/693/871 682/692/870 690/700/878
f 690/700/878 689/701/879 681/693/871
f 682/692/870 683/694/872 691/702/880
f 691/702/880 690/700/878 682/692/870
f 683/694/872 684/695/873 692/703/881
f 692/703/881 691/702/880 683/694/872
f 684/695/873 685/696/874 693/704/882
f 693/704/882 692/703/881 684/695/873
f 685/696/874 686/697/875 694/705/883
f 694/705/883 693/704/882 685/696/874
f 686/697/875 687/698/876 695/706/884
f 695/706/884 694/705/883 686/697/875
f 687/698/876 688/699/877 696/707/885
f 696/707/885 695/706/884 687/698/876
f 688/699/877 681/693/871 689/701/879
f 689/701/879 696/707/885 688/699/877
f 689/701/879 690/700/878 698/708/886
f 698/708/886 697/709/887 689/701/879
f 690/700/878 691/702/880 699/710/888
f 699/710/888 698/708/886 690/700/878
f 691/702/880 692/703/881 700/711/889
f 700/711/889 699/710/888 691/702/880
f 692/703/881 693/704/882 701/712/890
f 701/712/890 700/711/889 692/703/881
f 693/704/882 694/705/883 702/713/891
f 702/713/891 701/712/890 693/704/882
f 694/705/883 695/706/884 703/714/892
f 703/714/892 702/713/891 694/705/883
f 695/706/884 696/707/885 704/715/893
f 704/715/893 703/714/892 695/706/884
f 696/707/885 689/701/879 697/709/887
f 697/709/887 704/715/893 696/707/885
f 697/709/887 698/708/886 706/716/894
f 706/716/894 705/717/895 697/709/887
f 698/708/886 699/710/888 707/718/896
f 707/718/896 706/716/894 698/708/886
f 699/710/888 700/711/889 708/719/897
f 708/719/897 707/718/896 699/710/888
f 700/711/889 701/712/890 709/720/898
f 709/720/898 708/719/897 700/711/889
f 701/712/890 702/713/891 710/721/899
f 710/721/899 709/720/898 701/712/890
f 702/713/891 703/714/892 711/722/900
f 711/722/900 710/721/899 702/713/891
f 703/714/892 704/715/893 712/723/901
f 712/723/901 711/722/900 703/714/892
f 704/715/893 697/709/887 705/717/895
f 705/717/895 712/723/901 704/715/893
f 705/717/895 706/716/894 714/724/902
f 714/724/902 713/725/903 705/717/895
f 706/716/894 707/718/896 715/726/904
f 715/726/904 714/724/902 706/716/894
f 707/718/896 708/719/897 716/727/905
f 716/727/905 715/726/904 707/718/896
f 708/719/897 709/720/898 717/728/906
f 717/728/906 716/727/905 708/719/897
f 709/720/898 710/721/899 718/729/907
f 718/729/907 717/728/906 709/720/898
f 710/721/899 711/722/900 719/730/908
f 719/730/908 718/729/907 710/721/899
f 711/722/900 712/723/901 720/731/909
f 720/731/909 719/730/908 711/722/900
f 712/723/901 705/717/895 713/725/903
f 713/725/903 720/731/909 712/723/901
f 713/725/903 714/724/902 722/732/910
f 722/732/910 721/733/911 713/725/903
f 714/724/902 715/726/904 723/734/912
f 723/734/912 722/732/910 714/724/902
f 715/726/904 716/727/905 724/735/913
f 724/735/913 723/734/912 715/726/904
f 509/448/914 508/447/915 724/735/913
f 717/728/906 509/448/914 724/735/913
f 716/727/905 717/728/906 724/735/913
f 725/736/916 510/459/917 509/448/914
f 725/736/916 509/448/914 717/728/906
f 725/736/916 717/728/906 718/729/907
f 718/729/907 719/730/908 726/737/918
f 726/737/918 725/736/916 718/729/907
f 719/730/908 720/731/909 727/738/919
f 727/738/919 726/737/918 719/730/908
f 720/731/909 713/725/903 721/733/911
f 721/733/911 727/738/919 720/731/909
f 722/732/910 513/465/920 512/463/921
f 722/732/910 512/463/921 511/462/922
f 721/733/911 722/732/910 511/462/922
f 723/734/912 737/739/923 738/740/924
f 738/740/924 514/466/925 513/465/920
f 723/734/912 738/740/924 513/465/920
f 722/732/910 723/734/912 513/465/920
f 724/735/913 516/451/926 515/450/927
f 723/734/912 724/735/913 515/450/927
f 515/450/927 517/469/928 735/741/929
f 723/734/912 515/450/927 735/741/929
f 518/456/930 510/459/917 725/736/916
f 725/736/916 519/457/931 518/456/930
f 727/738/919 521/556/932 520/557/933
f 520/557/933 739/742/934 740/743/935
f 727/738/919 520/557/933 740/743/935
f 726/737/918 727/738/919 740/743/935
f 753/744/936 524/562/937 523/560/938
f 525/408/939 527/561/940 729/745/941
f 729/745/941 728/746/942 526/409/943
f 525/408/939 729/745/941 526/409/943
f 753/744/936 754/747/944 730/748/945
f 753/744/936 730/748/945 729/745/941
f 524/562/937 753/744/936 729/745/941
f 524/562/937 729/745/941 527/561/940
f 755/749/946 730/748/945 754/747/944
f 731/750/947 530/428/948 529/427/949
f 529/427/949 528/425/950 731/750/947
f 732/751/951 533/435/952 532/437/953
f 532/437/953 531/536/954 732/751/951
f 732/751/951 531/536/954 535/537/955
f 535/537/955 534/540/956 756/752/957
f 732/751/951 535/537/955 756/752/957
f 733/753/958 732/751/951 756/752/957
f 734/754/959 733/753/958 757/755/960
f 757/755/960 758/756/961 537/541/962
f 734/754/959 757/755/960 537/541/962
f 536/542/963 734/754/959 537/541/962
f 728/746/942 729/745/941 650/661/839
f 650/661/839 649/660/838 728/746/942
f 729/745/941 730/748/945 651/664/842
f 651/664/842 650/661/839 729/745/941
f 730/748/945 731/750/947 652/666/844
f 652/666/844 651/664/842 730/748/945
f 528/425/950 539/424/964 653/668/846
f 731/750/947 528/425/950 653/668/846
f 731/750/947 653/668/846 652/666/844
f 539/424/964 533/435/952 732/751/951
f 539/424/964 732/751/951 654/670/848
f 539/424/964 654/670/848 653/668/846
f 732/751/951 733/753/958 655/672/850
f 655/672/850 654/670/848 732/751/951
f 733/753/958 734/754/959 656/674/852
f 656/674/852 655/672/850 733/753/958
f 734/754/959 728/746/942 649/660/838
f 649/660/838 656/674/852 734/754/959
f 541/446/965 516/451/926 724/735/913
f 724/735/913 508/447/915 541/446/965
f 726/737/918 740/743/935 736/757/966
f 739/742/934 520/557/933 542/555/967
s 28
f 544/507/968 483/512/735 574/570/718
f 574/570/718 475/508/720 544/507/968
f 576/575/726 752/582/744 748/758/969
f 751/581/743 487/547/742 545/545/970
s 73
f 549/526/971 747/580/972 484/527/973
f 749/578/974 747/580/972 549/526/971
f 749/578/974 549/526/971 546/525/975
f 749/578/974 546/525/975 750/579/976
s 74
f 550/548/977 743/588/978 551/549/979
f 742/586/980 741/583/981 490/550/982
f 742/586/980 490/550/982 551/549/979
f 742/586/980 551/549/979 743/588/978
s 76
f 555/468/983 735/741/984 517/469/985
f 737/739/986 735/741/984 555/468/983
f 737/739/986 555/468/983 543/467/987
f 737/739/986 543/467/987 738/740/988
s 77
f 556/558/989 755/749/990 557/559/991
f 754/747/992 753/744/993 523/560/994
f 754/747/992 523/560/994 557/559/991
f 754/747/992 557/559/991 755/749/990
s 28
f 747/580/738 749/578/732 573/568/716
f 559/490/995 497/489/757 581/589/756
f 559/490/995 581/589/756 580/587/754
f 550/548/996 559/490/995 580/587/754
f 743/588/755 550/548/996 580/587/754
f 744/591/766 745/594/769 583/592/767
s 50
f 735/741/929 737/739/923 723/734/912
f 560/429/997 530/428/948 731/750/947
f 560/429/997 731/750/947 730/748/945
f 556/558/998 560/429/997 730/748/945
f 755/749/946 556/558/998 730/748/945
f 756/752/957 757/755/960 733/753/958
f 736/757/966 554/553/999 561/458/1000
f 561/458/1000 519/457/931 725/736/916
f 561/458/1000 725/736/916 726/737/918
f 736/757/966 561/458/1000 726/737/918
s 28
f 748/758/969 548/543/1001 562/519/1002
f 562/519/1002 486/518/740 575/572/722
f 562/519/1002 575/572/722 576/575/726
f 748/758/969 562/519/1002 576/575/726
s 50
f 538/421/1003 526/409/943 728/746/942
f 538/421/1003 728/746/942 734/754/959
f 538/421/1003 734/754/959 536/542/963
s 79
f 558/539/1004 756/752/1005 534/540/1006
f 757/755/1007 756/752/1005 558/539/1004
f 757/755/1007 558/539/1004 540/538/1008
f 757/755/1007 540/538/1008 758/756/1009
s 50
f 537/541/962 758/756/961 540/538/1010
f 514/466/925 738/740/924 543/467/1011
s 80
f 740/743/1012 739/742/1013 542/555/1014
f 740/743/1012 542/555/1014 553/554/1015
f 740/743/1012 553/554/1015 736/757/1016
f 554/553/1017 736/757/1016 553/554/1015
s 50
f 522/475/1018 521/556/932 727/738/919
f 522/475/1018 727/738/919 721/733/911
f 522/475/1018 721/733/911 511/462/922
s 28
f 505/483/1019 493/477/752 578/585/751
f 505/483/1019 578/585/751 584/593/768
f 505/483/1019 584/593/768 503/535/772
s 81
f 552/532/1020 744/591/1021 501/533/1022
f 745/594/1023 744/591/1021 552/532/1020
f 745/594/1023 552/532/1020 507/531/1024
f 745/594/1023 507/531/1024 746/595/1025
s 28
f 504/534/771 746/595/770 507/531/1026
f 481/524/734 750/579/733 546/525/1027
s 82
f 752/582/1028 751/581/1029 545/545/1030
f 752/582/1028 545/545/1030 547/544/1031
f 752/582/1028 547/544/1031 748/758/1032
f 548/543/1033 748/758/1032 547/544/1031
s 28
f 489/528/1034 488/546/741 577/577/728
f 489/528/1034 577/577/728 571/566/714
f 489/528/1034 571/566/714 478/521/731
g default
v -225.966599 94.402496 114.240196
v -225.177795 88.113701 115.926003
v -226.589905 93.594498 120.718697
v -224.834305 100.012497 117.443001
v -222.337097 98.498299 110.625801
v -222.549393 91.144402 109.688202
v -221.286697 83.443802 118.388603
v -223.689194 92.768204 126.542397
v -220.702301 103.687202 120.969498
v -216.453903 101.111000 109.371399
v -216.815094 88.599899 107.776299
v -223.839096 87.153099 123.157097
v -223.495605 99.051903 124.674103
v -219.242798 103.955704 114.581200
v -216.957993 95.087601 106.826401
v -219.798599 84.703102 112.126602
v -217.632706 83.148804 123.826698
v -219.044800 88.629601 128.619400
v -218.832504 95.983398 129.557007
v -217.076797 102.401398 126.281303
v -214.448502 105.432098 120.043602
v -211.951294 103.917900 113.226303
v -210.539200 98.437103 108.433601
v -210.751495 91.083298 107.496002
v -212.507095 84.665298 110.771698
v -215.135498 81.634598 117.009499
v -214.792007 93.533401 118.526497
v -224.667099 97.060204 130.988297
v -222.017197 96.671600 130.929993
v -220.229294 96.092102 129.021194
v -220.350601 95.661003 126.380096
v -222.310104 95.630997 124.553802
v -224.959900 96.019501 124.612099
v -226.747803 96.599098 126.520897
v -226.626495 97.030098 129.162003
v -218.473694 102.510101 125.745499
v -218.957108 100.755402 123.779999
v -221.066498 100.177002 122.233498
v -223.566406 101.113899 122.012001
v -224.992203 103.017097 123.245201
v -219.004395 109.264702 118.700104
v -216.729095 108.069000 119.454498
v -215.845306 105.540802 119.507797
v -216.870804 103.161003 118.828697
v -219.204803 102.323799 117.815102
v -221.480103 103.519501 117.060699
v -222.363800 106.047798 117.007401
v -221.338394 108.427498 117.686501
v -215.778900 107.308899 109.894501
v -213.716904 106.242500 111.231300
v -213.348099 104.026604 112.690598
v -214.888596 101.959099 113.417503
v -217.435898 101.251198 112.986298
v -219.497894 102.317596 111.649498
v -219.866699 104.533501 110.190201
v -218.326202 106.600998 109.463303
v -211.936005 98.545799 107.897797
v -213.767700 97.608704 109.613197
v -216.435699 97.369003 109.591400
v -218.376999 97.967201 107.845200
v -218.454498 99.052803 105.397499
v -214.229095 90.730797 102.492798
v -212.269608 90.760902 104.319199
v -212.148300 91.191902 106.960297
v -213.936203 91.771500 108.869003
v -216.586105 92.160004 108.927299
v -218.545502 92.129997 107.100998
v -218.666901 91.698898 104.459900
v -216.878906 91.119400 102.551102
v -213.904007 84.773903 110.235901
v -215.329803 86.677101 111.469101
v -217.829697 87.613998 111.247597
v -219.939102 87.035599 109.701103
v -220.422501 85.280899 107.735603
v -219.891800 78.526299 114.781097
v -217.557800 79.363503 115.794701
v -216.532303 81.743202 116.473701
v -217.416107 84.271500 116.420403
v -219.691406 85.467201 115.666000
v -222.025406 84.629997 114.652397
v -223.050903 82.250198 113.973297
v -222.167099 79.722000 114.026604
v -223.117294 80.482101 123.586601
v -220.570007 81.190002 124.017799
v -219.029495 83.257500 123.290901
v -219.398300 85.473396 121.831596
v -221.460205 86.539803 120.494904
v -224.007599 85.831902 120.063599
v -225.548004 83.764503 120.790604
v -225.179306 81.548500 122.249802
v -220.441605 88.738197 128.083603
v -220.519104 89.823799 125.635902
v -222.460495 90.421997 123.889702
v -225.128403 90.182297 123.867897
v -226.960098 89.245201 125.583298
v -224.311005 85.448700 127.923798
v -224.383804 85.397598 127.885002
v -224.456100 85.459999 127.868103
v -224.761307 93.794502 130.571899
v -222.117096 93.212700 130.488998
v -221.479797 93.727501 129.921799
v -221.154602 93.535797 129.561096
v -221.022202 88.441200 128.627396
v -221.429993 87.303101 128.489304
v -220.556702 89.653801 128.344299
v -226.587402 87.013702 127.028900
v -226.697800 87.712799 126.468697
v -226.772293 93.972702 127.406303
v -226.747604 94.137199 127.901199
v -226.726395 93.571198 128.720901
v -212.936096 88.313004 108.223503
v -212.881104 88.518898 106.974503
v -213.095398 87.742104 105.859901
v -215.008804 87.880699 103.947502
v -212.882904 88.514603 106.452400
v -217.447205 81.286697 109.185799
v -214.936905 82.385597 109.574699
v -214.614502 83.170303 109.883003
v -219.882202 83.580002 107.862396
v -219.546204 82.744003 107.806602
v -217.592300 81.297897 109.130096
v -220.074493 85.994904 107.198303
v -219.970505 84.677696 107.344704
v -218.150696 88.924301 104.431801
v -218.498795 88.955803 104.819702
v -217.704697 88.100601 104.091904
v -217.534500 81.244400 109.186699
v -219.317093 88.809303 105.775902
v -214.440094 102.331001 105.612999
v -214.512405 102.393402 105.596100
v -214.585205 102.342300 105.557297
v -214.134796 93.996498 102.909203
v -212.169800 94.219803 104.760201
v -212.148605 93.653801 105.579903
v -212.123901 93.818298 106.074898
v -211.960602 98.889900 107.122002
v -212.198395 100.078201 107.012398
v -211.970703 97.641800 107.579803
v -216.918106 101.135803 104.684196
v -217.466202 100.487900 104.991898
v -217.741501 94.255203 103.919998
v -217.416306 94.063499 103.559303
v -216.779099 94.578300 102.992104
v -219.579102 98.981697 127.705200
v -220.397400 98.835098 128.661407
v -221.191498 99.690399 129.389206
v -223.887405 99.910301 129.533600
v -220.745499 98.866699 129.049301
v -221.303802 106.493103 124.350998
v -219.350006 105.046898 125.674500
v -219.013901 104.210999 125.618698
v -224.281693 104.620697 123.598099
v -223.959198 105.405403 123.906403
v -221.448898 106.504303 124.295303
v -225.190399 102.291496 123.839897
v -224.839005 103.573196 123.868202
v -226.013199 99.276398 127.028702
v -226.014999 99.272102 126.506599
v -225.800797 100.048897 127.621201
v -221.361603 106.546600 124.294403
v -225.960098 99.477997 125.257599
v -212.308807 100.777298 106.452202
v -218.443802 94.920303 104.738403
v -212.062897 94.424103 107.185997
v -221.978104 86.655197 128.796906
v -226.833298 93.366898 126.295097
v -220.452301 92.870697 128.742706
v -226.911697 90.403099 126.088097
v -226.925507 90.149200 125.901398
v -220.656906 89.916603 128.487305
v -213.705704 85.499603 109.641197
v -213.658493 85.672897 109.381897
v -219.913300 86.159401 106.982697
v -218.239304 97.874397 104.993797
v -218.339401 98.137199 105.136803
v -211.984497 97.388000 107.392998
v -218.821594 101.796097 126.282799
v -218.982803 101.631599 126.498398
v -225.237595 102.118103 124.099197
v -214.057205 84.217796 109.612900
v -218.925598 103.113297 126.136398
v -217.873901 99.349800 104.853699
v -226.935593 88.901100 126.359100
v -227.938095 83.130997 136.691605
v -224.909698 82.686897 136.625000
v -222.866394 82.024597 134.443604
v -223.005005 81.531998 131.425201
v -225.244400 81.497597 129.337997
v -228.272797 81.941704 129.404602
v -230.316101 82.603996 131.585999
v -230.177505 83.096603 134.604401
v -226.436798 89.933998 134.157104
v -223.501007 89.070503 134.246704
v -221.681107 87.395401 132.442596
v -222.043304 85.889999 129.801498
v -227.311005 86.299698 127.780899
v -229.130905 87.974800 129.585098
v -228.768799 89.480202 132.226196
v -214.615799 82.765999 101.886101
v -212.408997 82.344498 103.965599
v -212.348801 81.736504 106.965500
v -214.470703 81.298203 109.128403
v -219.738403 81.707901 107.107803
v -219.798599 82.315903 104.108002
v -217.676697 82.754204 101.945000
v -215.143204 75.372398 101.761803
v -212.903793 75.406799 103.848999
v -212.765106 75.899399 106.867401
v -214.808502 76.561798 109.048798
v -217.836899 77.005798 109.115402
v -220.076202 76.971497 107.028198
v -220.214905 76.478798 104.009804
v -218.171494 75.816498 101.828400
v -216.644501 68.569397 104.296303
v -214.312500 69.023300 106.227203
v -213.950394 70.528603 108.868301
v -215.770203 72.203697 110.672501
v -218.705994 73.067200 110.582802
v -221.037994 72.613403 108.651901
v -221.400101 71.108002 106.010803
v -219.580307 69.432999 104.206596
v -218.891205 63.392700 109.103897
v -216.420700 64.165703 110.738403
v -215.724106 66.441704 112.663803
v -217.209503 68.887398 113.752197
v -220.006699 70.070198 113.366096
v -222.477203 69.297096 111.731598
v -223.173798 67.021103 109.806198
v -221.688400 64.575401 108.717796
v -221.541199 60.630299 115.452599
v -218.907303 61.573700 116.695602
v -217.816193 64.260902 117.675903
v -218.907104 67.117798 117.819298
v -221.541000 68.470901 117.041702
v -224.174896 67.527496 115.798698
v -225.266006 64.840302 114.818298
v -224.175095 61.983398 114.675003
v -224.191193 60.702900 122.375801
v -221.393906 61.641800 123.191902
v -219.908295 64.318199 123.141602
v -220.604706 67.164299 122.254303
v -223.075195 68.512901 121.049896
v -225.872498 67.573997 120.233704
v -227.358002 64.897598 120.284103
v -226.661606 62.051498 121.171303
v -226.437607 63.599400 128.819595
v -223.501801 64.359703 129.238403
v -221.681793 66.604897 128.228897
v -222.043793 69.019897 126.382301
v -224.375702 70.189796 124.780502
v -227.311600 69.429604 124.361702
v -229.131500 67.184303 125.371300
v -228.769501 64.769402 127.217796
v -227.938507 68.878799 133.802994
v -224.910095 69.313599 133.914505
v -222.866699 70.772903 132.163101
v -223.005295 72.401901 129.574707
v -225.244705 73.246300 127.665604
v -228.273102 72.811600 127.554100
v -230.316498 71.352303 129.305603
v -230.177902 69.723297 131.893906
v -228.465393 75.737396 136.567307
v -225.404495 75.749199 136.508301
v -223.282700 76.187500 134.345398
v -223.342804 76.795601 131.345596
v -225.549698 77.217102 129.266006
v -228.610596 77.205299 129.324997
v -230.732407 76.766899 131.487900
v -230.672302 76.158897 134.487793
v -223.753006 112.418602 131.719299
v -220.724594 111.974503 131.652695
v -218.681305 111.312202 129.471298
v -218.819901 110.819504 126.452904
v -221.059296 110.785202 124.365700
v -224.087708 111.229202 124.432297
v -226.130997 111.891602 126.613701
v -225.992401 112.384201 129.632095
v -222.251694 119.221603 129.184799
v -219.315903 118.358002 129.274506
v -217.496002 116.682999 127.470299
v -217.858200 115.177597 124.829300
v -220.190094 114.723801 122.898300
v -223.125900 115.587303 122.808701
v -224.945801 117.262398 124.612801
v -224.583694 118.767700 127.253899
v -220.005005 124.398300 124.377197
v -217.207703 123.215599 124.763298
v -215.722305 120.769897 123.674896
v -216.418900 118.493896 121.749496
v -218.889404 117.720802 120.114998
v -221.686707 118.903603 119.728897
v -223.172104 121.349297 120.817299
v -222.475494 123.625298 122.742699
v -217.354904 127.160698 118.028603
v -214.721100 125.807602 118.806099
v -213.630203 122.950699 118.662804
v -214.721298 120.263496 117.682503
v -217.355194 119.320099 116.439400
v -219.988998 120.673203 115.661903
v -221.079895 123.530098 115.805199
v -219.988907 126.217300 116.785500
v -214.705002 127.088097 111.105301
v -212.234497 125.739502 112.309799
v -211.538101 122.893402 113.197098
v -213.023697 120.217003 113.247398
v -215.820999 119.278099 112.431198
v -218.291397 120.626701 111.226799
v -218.987900 123.472801 110.339500
v -217.502304 126.149200 110.289200
v -212.458496 124.191597 104.661499
v -210.126602 123.021599 106.263298
v -209.764603 120.606697 108.109802
v -211.584595 118.361504 109.119400
v -214.520401 117.601097 108.700600
v -216.852402 118.771103 107.098801
v -217.214401 121.186096 105.252296
v -215.394394 123.431297 104.242699
v -210.957596 118.912201 99.678101
v -208.718307 118.067703 101.587196
v -208.579697 116.438698 104.175598
v -210.623093 114.979401 105.927002
v -213.651505 114.544701 105.815498
v -215.890900 115.389099 103.906403
v -216.029404 117.018097 101.318001
v -213.985992 118.477402 99.566597
v -210.430695 112.053596 96.913803
v -208.223907 111.632103 98.993401
v -208.163696 111.024002 101.993202
v -210.285599 110.585701 104.156197
v -213.346497 110.573898 104.215103
v -215.553299 110.995399 102.135597
v -215.613495 111.603500 99.135696
v -213.491592 112.041801 96.972801
v -210.958099 104.660004 96.789497
v -208.718704 104.694397 98.876701
v -208.580002 105.186996 101.895103
v -210.623398 105.849297 104.076500
v -213.651703 106.293404 104.143097
v -215.891205 106.259003 102.055901
v -216.029800 105.766403 99.037498
v -213.986496 105.104103 96.856102
v -212.459396 97.857002 99.323997
v -210.127396 98.310799 101.254997
v -209.765305 99.816200 103.896004
v -211.585098 101.491203 105.700203
v -216.852905 101.901001 103.679604
v -217.214996 100.395599 101.038498
v -215.395203 98.720497 99.234398
v -224.280304 105.024902 131.595001
v -221.219498 105.036797 131.536102
v -219.097595 105.475098 129.373199
v -219.157700 106.083099 126.373299
v -224.425507 106.492798 124.352699
v -226.547302 106.054497 126.515602
v -226.487198 105.446503 129.515503
v -211.808105 97.374298 107.460701
v -218.415695 97.888100 104.926201
v -211.454803 95.923203 107.511398
v -211.641907 95.393204 107.407204
v -218.769394 95.947502 104.673203
v -218.904602 96.502602 104.653801
v -212.785202 87.391701 108.765701
v -212.744995 86.894203 109.044296
v -213.482193 85.659203 109.449600
v -220.089706 86.173103 106.915100
v -220.194794 87.473602 106.186699
v -219.912796 87.945999 106.031700
v -220.480499 89.902901 128.554901
v -227.087997 90.416801 126.020401
v -219.991592 91.288399 128.827301
v -220.126801 91.843399 128.807907
v -227.254303 92.397797 126.073898
v -227.441299 91.867798 125.969704
v -218.983398 99.845001 127.449402
v -218.701401 100.317398 127.294403
v -218.806503 101.617897 126.566002
v -225.414001 102.131798 124.031502
v -226.151093 100.896797 124.436798
v -226.110901 100.399300 124.715500
vt 0.500000 0.500000
vt 0.590100 0.500000
vt 0.527900 0.585700
vt 0.427100 0.553000
vt 0.427100 0.447000
vt 0.527900 0.414300
vt 0.618000 0.585700
vt 0.454900 0.638700
vt 0.354200 0.500000
vt 0.454900 0.361300
vt 0.618000 0.414300
vt 0.653300 0.500000
vt 0.547400 0.645800
vt 0.376000 0.590100
vt 0.376000 0.409900
vt 0.547400 0.354200
vt 0.663000 0.553000
vt 0.600800 0.638700
vt 0.500000 0.671400
vt 0.399200 0.638700
vt 0.337000 0.553000
vt 0.337000 0.447000
vt 0.399200 0.361300
vt 0.500000 0.328600
vt 0.600800 0.361300
vt 0.663000 0.447000
vt 0.500000 0.500000
vt 0.500000 0.706800
vt 0.452600 0.691400
vt 0.455300 0.706900
vt 0.500000 0.721400
vt 0.500000 0.671400
vt 0.500000 0.636100
vt 0.420000 0.610100
vt 0.399200 0.638700
vt 0.500000 0.621400
vt 0.428600 0.598200
vt 0.500000 0.636100
vt 0.420000 0.610100
vt 0.500000 0.671400
vt 0.399200 0.638700
vt 0.452600 0.691400
vt 0.500000 0.706800
vt 0.289400 0.568400
vt 0.345300 0.645300
vt 0.346000 0.645600
vt 0.303300 0.563900
vt 0.365400 0.649400
vt 0.376300 0.644600
vt 0.392600 0.647800
vt 0.337000 0.553000
vt 0.370600 0.542000
vt 0.384500 0.537500
vt 0.370600 0.542000
vt 0.337000 0.553000
vt 0.346000 0.645600
vt 0.303300 0.563900
vt 0.365400 0.649400
vt 0.303300 0.436100
vt 0.289400 0.431600
vt 0.337000 0.447000
vt 0.370600 0.458000
vt 0.384500 0.462500
vt 0.370600 0.458000
vt 0.337000 0.447000
vt 0.303300 0.436100
vt 0.365400 0.350600
vt 0.346000 0.354400
vt 0.345300 0.354700
vt 0.399200 0.361300
vt 0.392600 0.352200
vt 0.376300 0.355400
vt 0.420000 0.389900
vt 0.428600 0.401800
vt 0.420000 0.389900
vt 0.399200 0.361300
vt 0.365400 0.350600
vt 0.376300 0.355400
vt 0.392600 0.352200
vt 0.346000 0.354400
vt 0.500000 0.293200
vt 0.500000 0.278600
vt 0.455300 0.293100
vt 0.452600 0.308600
vt 0.500000 0.328600
vt 0.462400 0.317600
vt 0.461200 0.324500
vt 0.455300 0.340600
vt 0.414300 0.351500
vt 0.411200 0.354700
vt 0.500000 0.363900
vt 0.500000 0.378600
vt 0.500000 0.363900
vt 0.500000 0.328600
vt 0.500000 0.293200
vt 0.452600 0.308600
vt 0.547400 0.308600
vt 0.544700 0.293100
vt 0.580000 0.389900
vt 0.600800 0.361300
vt 0.571400 0.401800
vt 0.580000 0.389900
vt 0.600800 0.361300
vt 0.547400 0.308600
vt 0.710600 0.431600
vt 0.654700 0.354700
vt 0.654000 0.354400
vt 0.696700 0.436100
vt 0.634600 0.350600
vt 0.623700 0.355400
vt 0.607400 0.352200
vt 0.663000 0.447000
vt 0.629400 0.458000
vt 0.615500 0.462500
vt 0.629400 0.458000
vt 0.663000 0.447000
vt 0.654000 0.354400
vt 0.696700 0.436100
vt 0.634600 0.350600
vt 0.696700 0.563900
vt 0.710600 0.568400
vt 0.663000 0.553000
vt 0.629400 0.542000
vt 0.615500 0.537500
vt 0.629400 0.542000
vt 0.663000 0.553000
vt 0.696700 0.563900
vt 0.634600 0.649400
vt 0.654000 0.645600
vt 0.654700 0.645300
vt 0.600800 0.638700
vt 0.607400 0.647800
vt 0.623700 0.644600
vt 0.580000 0.610100
vt 0.571400 0.598200
vt 0.580000 0.610100
vt 0.600800 0.638700
vt 0.634600 0.649400
vt 0.623700 0.644600
vt 0.607400 0.647800
vt 0.654000 0.645600
vt 0.544700 0.706900
vt 0.547400 0.691400
vt 0.537600 0.682400
vt 0.538800 0.675500
vt 0.544700 0.659400
vt 0.585700 0.648500
vt 0.588800 0.645300
vt 0.547400 0.691400
vt 0.623700 0.355400
vt 0.607400 0.352200
vt 0.544700 0.340600
vt 0.585700 0.351500
vt 0.588800 0.354700
vt 0.538800 0.324500
vt 0.537600 0.317600
vt 0.376300 0.644600
vt 0.392600 0.647800
vt 0.455300 0.659400
vt 0.414300 0.648500
vt 0.411200 0.645300
vt 0.461200 0.675500
vt 0.462400 0.682400
vt 0.588800 0.645300
vt 0.585700 0.648500
vt 0.544700 0.659400
vt 0.537600 0.682400
vt 0.538800 0.675500
vt 0.588800 0.354700
vt 0.585700 0.351500
vt 0.544700 0.340600
vt 0.537600 0.317600
vt 0.538800 0.324500
vt 0.411200 0.354700
vt 0.414300 0.351500
vt 0.455300 0.340600
vt 0.462400 0.317600
vt 0.461200 0.324500
vt 0.411200 0.645300
vt 0.414300 0.648500
vt 0.455300 0.659400
vt 0.462400 0.682400
vt 0.461200 0.675500
vt 0.714300 0.771400
vt 0.714300 0.754700
vt 0.616800 0.735300
vt 0.610400 0.750800
vt 0.714300 0.714300
vt 0.632300 0.698000
vt 0.714300 0.673900
vt 0.647700 0.660600
vt 0.714300 0.657100
vt 0.647700 0.660600
vt 0.714300 0.673900
vt 0.714300 0.714300
vt 0.632300 0.698000
vt 0.714300 0.754700
vt 0.616800 0.735300
vt 0.566100 0.653700
vt 0.558500 0.655700
vt 0.585700 0.648500
vt 0.558500 0.655700
vt 0.566100 0.653700
vt 0.558500 0.344300
vt 0.616800 0.264700
vt 0.610400 0.249200
vt 0.566100 0.346300
vt 0.632300 0.302000
vt 0.585700 0.351500
vt 0.647700 0.339400
vt 0.647700 0.339400
vt 0.585700 0.351500
vt 0.632300 0.302000
vt 0.616800 0.264700
vt 0.566100 0.346300
vt 0.558500 0.344300
vt 0.714300 0.245300
vt 0.714300 0.228600
vt 0.714300 0.285700
vt 0.714300 0.326100
vt 0.714300 0.342900
vt 0.714300 0.326100
vt 0.714300 0.285700
vt 0.714300 0.245300
vt 0.811800 0.264700
vt 0.818200 0.249200
vt 0.796300 0.302000
vt 0.780800 0.339400
vt 0.774400 0.354800
vt 0.780800 0.339400
vt 0.796300 0.302000
vt 0.811800 0.264700
vt 0.894400 0.319900
vt 0.906200 0.308100
vt 0.865800 0.348500
vt 0.837200 0.377000
vt 0.825400 0.388900
vt 0.837200 0.377000
vt 0.865800 0.348500
vt 0.894400 0.319900
vt 0.949600 0.402500
vt 0.965100 0.396100
vt 0.912300 0.418000
vt 0.874900 0.433500
vt 0.859500 0.439900
vt 0.874900 0.433500
vt 0.912300 0.418000
vt 0.949600 0.402500
vt 0.969000 0.500000
vt 0.985700 0.500000
vt 0.928600 0.500000
vt 0.888200 0.500000
vt 0.871400 0.500000
vt 0.888200 0.500000
vt 0.928600 0.500000
vt 0.969000 0.500000
vt 0.949600 0.597500
vt 0.965100 0.603900
vt 0.912300 0.582000
vt 0.874900 0.566500
vt 0.859500 0.560100
vt 0.874900 0.566500
vt 0.912300 0.582000
vt 0.949600 0.597500
vt 0.894400 0.680100
vt 0.906200 0.691900
vt 0.865800 0.651500
vt 0.837200 0.623000
vt 0.825400 0.611100
vt 0.837200 0.623000
vt 0.865800 0.651500
vt 0.894400 0.680100
vt 0.811800 0.735300
vt 0.818200 0.750800
vt 0.796300 0.698000
vt 0.780800 0.660600
vt 0.774400 0.645200
vt 0.780800 0.660600
vt 0.796300 0.698000
vt 0.811800 0.735300
vt 0.285700 0.771400
vt 0.285700 0.754700
vt 0.188200 0.735300
vt 0.181800 0.750800
vt 0.285700 0.714300
vt 0.203700 0.698000
vt 0.285700 0.673900
vt 0.219200 0.660600
vt 0.285700 0.657100
vt 0.225600 0.645200
vt 0.285700 0.673900
vt 0.219200 0.660600
vt 0.285700 0.714300
vt 0.203700 0.698000
vt 0.285700 0.754700
vt 0.188200 0.735300
vt 0.105600 0.680100
vt 0.093800 0.691900
vt 0.134200 0.651500
vt 0.162800 0.623000
vt 0.174600 0.611100
vt 0.162800 0.623000
vt 0.134200 0.651500
vt 0.105600 0.680100
vt 0.050400 0.597500
vt 0.034900 0.603900
vt 0.087700 0.582000
vt 0.125100 0.566500
vt 0.140500 0.560100
vt 0.125100 0.566500
vt 0.087700 0.582000
vt 0.050400 0.597500
vt 0.031000 0.500000
vt 0.014300 0.500000
vt 0.071400 0.500000
vt 0.111800 0.500000
vt 0.128600 0.500000
vt 0.111800 0.500000
vt 0.071400 0.500000
vt 0.031000 0.500000
vt 0.050400 0.402500
vt 0.034900 0.396100
vt 0.087700 0.418000
vt 0.125100 0.433500
vt 0.140500 0.439900
vt 0.125100 0.433500
vt 0.087700 0.418000
vt 0.050400 0.402500
vt 0.105600 0.319900
vt 0.093800 0.308100
vt 0.134200 0.348500
vt 0.162800 0.377000
vt 0.174600 0.388900
vt 0.162800 0.377000
vt 0.134200 0.348500
vt 0.105600 0.319900
vt 0.188200 0.264700
vt 0.181800 0.249200
vt 0.203700 0.302000
vt 0.219200 0.339400
vt 0.225600 0.354800
vt 0.219200 0.339400
vt 0.203700 0.302000
vt 0.188200 0.264700
vt 0.285700 0.245300
vt 0.285700 0.228600
vt 0.285700 0.285700
vt 0.285700 0.326100
vt 0.285700 0.342900
vt 0.285700 0.326100
vt 0.285700 0.285700
vt 0.285700 0.245300
vt 0.383200 0.264700
vt 0.389600 0.249200
vt 0.367700 0.302000
vt 0.352300 0.339400
vt 0.352300 0.339400
vt 0.367700 0.302000
vt 0.383200 0.264700
vt 0.433900 0.346300
vt 0.441500 0.344300
vt 0.414300 0.351500
vt 0.441500 0.344300
vt 0.433900 0.346300
vt 0.441500 0.655700
vt 0.383200 0.735300
vt 0.389600 0.750800
vt 0.433900 0.653700
vt 0.367700 0.698000
vt 0.414300 0.648500
vt 0.352300 0.660600
vt 0.352300 0.660600
vt 0.414300 0.648500
vt 0.367700 0.698000
vt 0.383200 0.735300
vt 0.433900 0.653700
vt 0.441500 0.655700
vt 0.414300 0.351500
vt 0.585700 0.648500
vn -0.931218 0.072423 -0.357195
vn -0.865481 -0.451641 -0.216712
vn -0.983159 0.005092 0.182683
vn -0.836856 0.539926 -0.090290
vn -0.628756 0.413742 -0.658395
vn -0.646450 -0.199084 -0.736525
vn -0.753928 -0.531686 0.385879
vn -0.725299 0.459878 0.512301
vn -0.370898 0.868527 -0.328779
vn -0.180499 0.129521 -0.975010
vn -0.417220 -0.735859 -0.533328
vn -0.541227 -0.840798 -0.011501
vn -0.741432 -0.063761 0.667992
vn -0.492522 0.846152 0.203587
vn -0.138490 0.631471 -0.762932
vn -0.168594 -0.411123 -0.895854
vn -0.439977 -0.823852 0.357333
vn -0.551985 -0.389116 0.737497
vn -0.534328 0.222483 0.815472
vn -0.395066 0.731559 0.555648
vn -0.176472 0.983615 0.036872
vn 0.021596 0.863503 -0.503881
vn 0.139032 0.407687 -0.902475
vn 0.122191 -0.175624 -0.976845
vn -0.023821 -0.709389 -0.704414
vn -0.232298 -0.949784 -0.209637
vn 0.931217 -0.072422 0.357196
vn 0.931217 -0.072421 0.357198
vn 0.931218 -0.072424 0.357195
vn 0.931219 -0.072422 0.357193
vn 0.931218 -0.072428 0.357194
vn 0.931219 -0.072429 0.357191
vn 0.931219 -0.072425 0.357191
vn 0.931218 -0.072426 0.357195
vn 0.931218 -0.072428 0.357195
vn 0.931218 -0.072422 0.357195
vn 0.931218 -0.072418 0.357196
vn 0.431486 0.125084 0.893406
vn 0.447292 0.306499 0.840231
vn -0.277116 0.495861 0.823000
vn -0.336713 0.204171 0.919205
vn 0.836669 -0.072321 0.542914
vn 0.894976 -0.224429 -0.385552
vn 0.787141 -0.590348 -0.178602
vn 0.895768 -0.018355 0.444143
vn 0.336693 -0.204176 -0.919212
vn 0.190405 -0.739006 -0.646232
vn -0.422534 -0.062048 -0.904221
vn -0.519988 -0.446562 -0.728145
vn -0.976846 0.133724 -0.167001
vn -0.934710 0.128789 -0.331257
vn -0.846108 0.407056 0.344103
vn -0.899628 0.194889 0.390754
vn 0.066501 0.979540 0.189943
vn -0.085625 0.909836 0.406038
vn 0.261874 0.820096 0.508787
vn 0.672039 0.640828 0.371083
vn 0.679618 0.505238 0.531840
vn 0.819794 0.296905 0.489679
vn 0.787488 0.215901 0.577278
vn 0.908855 -0.019878 0.416639
vn 0.631865 -0.750484 0.193701
vn -0.028623 -0.991564 -0.126420
vn -0.672045 -0.640822 -0.371084
vn -0.923315 0.174191 -0.342268
vn -0.420490 0.873017 0.247041
vn -0.544290 0.830670 -0.117196
vn -0.784723 0.619127 -0.029846
vn 0.804536 0.584533 -0.105082
vn 0.194021 0.844268 -0.499567
vn 0.938085 -0.011656 0.346208
vn 0.488494 -0.643640 0.589153
vn -0.236729 -0.865378 0.441680
vn -0.820647 -0.570616 0.030584
vn -0.898166 0.094702 -0.429337
vn -0.488501 0.643634 -0.589153
vn 0.870297 0.431645 -0.237205
vn 0.630553 0.596607 -0.496451
vn 0.311064 0.669789 -0.674257
vn 0.948739 -0.030689 0.314566
vn 0.995959 0.089441 0.008096
vn 0.977852 0.201048 0.058180
vn 0.411771 -0.310645 0.856705
vn -0.354401 -0.408649 0.841074
vn -0.909040 -0.262740 0.323441
vn -0.886429 0.083638 -0.455245
vn -0.540163 0.470802 -0.697546
vn -0.729676 0.333852 -0.596755
vn -0.724737 0.223315 -0.651833
vn -0.052097 0.649742 -0.758367
vn 0.894323 -0.228188 -0.384858
vn 0.336717 -0.204176 -0.919203
vn 0.363351 0.107506 -0.925429
vn 0.956692 0.009491 -0.290947
vn 0.985339 -0.069363 0.155871
vn 0.998841 -0.023455 -0.042028
vn 0.998840 -0.023453 -0.042053
vn 0.998838 -0.023481 -0.042082
vn 0.998848 -0.023508 -0.041828
vn 0.998835 -0.023478 -0.042168
vn 0.430995 0.121309 0.894163
vn -0.336716 0.204180 0.919202
vn -0.903439 0.165178 0.395618
vn -0.846433 0.008071 -0.532435
vn -0.426961 -0.091723 -0.899606
vn -0.385273 0.127641 -0.913933
vn 0.846087 -0.407070 -0.344137
vn 0.277117 -0.495863 -0.822998
vn 0.538843 0.487218 0.687217
vn 0.955737 -0.125658 0.266041
vn -0.190407 0.739006 0.646231
vn -0.806001 0.549699 0.219529
vn -0.924122 0.015769 -0.381772
vn -0.447293 -0.306500 -0.840230
vn 0.043388 -0.988075 -0.147735
vn 0.085595 -0.909917 -0.405862
vn 0.420410 -0.873070 -0.246992
vn 0.653921 -0.743958 0.137527
vn 0.784733 -0.619114 0.029853
vn 0.887725 -0.429685 0.165273
vn 0.933196 -0.349721 0.082707
vn 0.947254 -0.124472 0.295326
vn 0.694097 0.647349 0.314911
vn 0.028635 0.991563 0.126422
vn -0.653929 0.743951 -0.137527
vn -0.929213 -0.030082 -0.368319
vn -0.261792 -0.820155 -0.508735
vn -0.589698 -0.742483 -0.317767
vn -0.679641 -0.505195 -0.531851
vn 0.442045 -0.681487 0.583243
vn -0.303938 -0.835705 0.457405
vn 0.920759 -0.132909 0.366795
vn 0.837470 0.540516 -0.080544
vn 0.236731 0.865378 -0.441677
vn -0.505318 0.673738 -0.539194
vn -0.957943 0.049660 -0.282628
vn -0.837476 -0.540506 0.080539
vn 0.423046 -0.532250 0.733309
vn 0.052099 -0.649737 0.758372
vn -0.311152 -0.669760 0.674244
vn 0.910136 -0.113883 0.398352
vn 0.724726 -0.223322 0.651843
vn 0.729658 -0.333869 0.596767
vn 0.914198 0.207521 -0.348106
vn 0.354396 0.408645 -0.841078
vn -0.416931 0.365875 -0.832048
vn -0.965056 0.060365 -0.254995
vn -0.924213 -0.356900 0.135839
vn -0.977850 -0.201039 -0.058244
vn -0.995954 -0.089492 -0.008232
vn -0.630598 -0.596581 0.496424
vn -0.363345 -0.107509 0.925431
vn 0.507671 -0.123359 0.852674
vn 0.708657 -0.109306 0.697035
vn 0.708669 -0.109316 0.697021
vn 0.708654 -0.109310 0.697038
vn 0.708392 -0.109355 0.697297
vn 0.708698 -0.109322 0.696991
vn -0.908118 -0.027040 0.417840
vn -0.819790 -0.296866 -0.489709
vn -0.787431 -0.215901 -0.577355
vn -0.743159 -0.131545 -0.656056
vn -0.743197 -0.131532 -0.656016
vn -0.743099 -0.131582 -0.656118
vn -0.743100 -0.131598 -0.656113
vn -0.743095 -0.131606 -0.656117
vn -0.887713 0.429712 -0.165271
vn -0.933200 0.349715 -0.082683
vn -0.964418 0.264381 0.001058
vn -0.964372 0.264548 0.001369
vn -0.964416 0.264388 0.001093
vn -0.964414 0.264396 0.001169
vn -0.964419 0.264378 0.001125
vn -0.998846 0.023485 0.041899
vn -0.998844 0.023525 0.041930
vn -0.998845 0.023505 0.041916
vn -0.998840 0.023491 0.042043
vn -0.998841 0.023480 0.042029
vn 0.964414 -0.264396 -0.001029
vn 0.964389 -0.264486 -0.001095
vn 0.964415 -0.264390 -0.001060
vn 0.964409 -0.264412 -0.001150
vn 0.964409 -0.264411 -0.001141
vn -0.708736 0.109334 -0.696950
vn -0.708676 0.109327 -0.697012
vn -0.708695 0.109335 -0.696992
vn -0.708689 0.109322 -0.697000
vn -0.708678 0.109330 -0.697009
vn 0.743180 0.131490 0.656044
vn 0.743125 0.131419 0.656121
vn 0.743155 0.131506 0.656069
vn 0.743106 0.131625 0.656101
vn 0.743112 0.131612 0.656097
vn -0.336704 0.204171 0.919208
vn 0.420187 0.073947 0.904420
vn 0.331103 0.441376 0.834001
vn -0.382629 0.566846 0.729575
vn 0.927038 -0.099200 0.361608
vn 0.915988 -0.054018 0.397553
vn 0.931313 -0.170787 -0.321697
vn 0.824765 -0.445195 -0.348661
vn 0.302908 -0.391089 -0.869078
vn 0.594324 -0.547434 -0.589148
vn 0.387018 -0.235693 -0.891440
vn -0.385760 -0.377927 -0.841641
vn -0.118411 -0.492026 -0.862490
vn -0.420188 -0.073948 -0.904419
vn -0.927036 0.099194 -0.361613
vn -0.874771 -0.036498 -0.483160
vn -0.894922 0.213923 0.391600
vn -0.876784 0.438087 0.198316
vn 0.662475 0.334781 0.670111
vn 0.162959 0.632498 0.757226
vn -0.075666 0.695978 0.714065
vn 0.931207 -0.072363 0.357237
vn 0.793547 0.231567 0.562726
vn 0.806942 0.252455 0.533958
vn 0.798056 -0.557887 -0.227748
vn 0.936620 -0.343769 0.067574
vn 0.936626 -0.343726 0.067704
vn 0.936621 -0.343763 0.067584
vn -0.162877 -0.632476 -0.757261
vn -0.509748 -0.456146 -0.729443
vn -0.798075 0.557873 0.227712
vn -0.925846 0.365280 -0.096847
vn -0.913701 0.386328 -0.126102
vn -0.952961 0.217980 -0.210594
vn 0.993784 0.110152 0.016116
vn 0.992417 0.120761 0.022903
vn 0.975767 0.204909 0.076753
vn 0.681636 0.317964 -0.658992
vn 0.908429 0.214413 -0.358864
vn 0.933326 0.122391 -0.337524
vn 0.364470 0.184964 -0.912661
vn 0.479191 0.359525 -0.800698
vn 0.931216 -0.072431 0.357198
vn 0.872579 -0.105932 0.476848
vn 0.718774 -0.211705 0.662228
vn 0.348537 -0.197797 0.916187
vn 0.399509 -0.316149 0.860490
vn 0.019350 -0.372495 0.927832
vn 0.019440 -0.138322 0.990197
vn -0.934601 -0.079577 0.346682
vn -0.693128 -0.142991 0.706489
vn -0.681688 -0.317968 0.658937
vn -0.908436 -0.214418 0.358843
vn -0.996926 -0.078235 0.004235
vn -0.996927 -0.078211 0.004335
vn -0.996925 -0.078243 0.004209
vn -0.930870 0.045487 -0.362509
vn -0.403253 0.202057 -0.892502
vn -0.837282 0.147924 -0.526382
vn -0.731483 0.275922 -0.623538
vn -0.725647 0.243937 -0.643375
vn -0.399394 0.316140 -0.860546
vn 0.900247 -0.176643 -0.397936
vn 0.336711 -0.204173 -0.919206
vn 0.934699 -0.045595 0.352504
vn 0.425503 0.111241 0.898094
vn -0.535787 0.024119 0.844009
vn -0.285032 0.171776 0.943001
vn -0.900250 0.176645 0.397927
vn -0.934699 0.045598 -0.352504
vn -0.425505 -0.111226 -0.898095
vn 0.846804 -0.431967 -0.310367
vn 0.257693 -0.562225 -0.785810
vn 0.937944 -0.049795 0.343192
vn 0.483477 0.360723 0.797577
vn -0.257697 0.562224 0.785810
vn -0.846803 0.431968 0.310369
vn -0.937945 0.049781 -0.343192
vn -0.483481 -0.360732 -0.797571
vn 0.764948 -0.629353 -0.137000
vn 0.139444 -0.834688 -0.532778
vn 0.940113 -0.057404 0.335993
vn 0.568352 0.547493 0.614189
vn -0.139451 0.834684 0.532782
vn -0.764952 0.629349 0.136999
vn -0.940110 0.057407 -0.336003
vn -0.568345 -0.547503 -0.614186
vn 0.667152 -0.738738 0.095782
vn -0.000026 -0.980073 -0.198639
vn 0.940873 -0.067322 0.332003
vn 0.667197 0.643105 0.375850
vn 0.000030 0.980073 0.198640
vn -0.667160 0.738731 -0.095786
vn -0.940873 0.067326 -0.332001
vn -0.667195 -0.643105 -0.375854
vn 0.568298 -0.743475 0.352537
vn -0.139503 -0.976252 0.165744
vn 0.940110 -0.078008 0.331826
vn 0.764989 0.632983 0.118847
vn 0.139509 0.976252 -0.165741
vn -0.568314 0.743461 -0.352542
vn -0.940113 0.078001 -0.331819
vn -0.764996 -0.632975 -0.118846
vn 0.483436 -0.642844 0.594173
vn -0.257738 -0.823806 0.504891
vn 0.937940 -0.087842 0.335489
vn 0.846828 0.518679 -0.117700
vn 0.257740 0.823805 -0.504892
vn -0.483445 0.642835 -0.594175
vn -0.937945 0.087814 -0.335483
vn -0.846835 -0.518670 0.117690
vn 0.425498 -0.452157 0.783904
vn -0.336728 -0.545947 0.767174
vn 0.934694 -0.095316 0.342434
vn 0.900262 0.317588 -0.297768
vn 0.336725 0.545947 -0.767175
vn -0.425497 0.452163 -0.783901
vn -0.934700 0.095301 -0.342424
vn -0.900261 -0.317594 0.297764
vn 0.403291 -0.200458 0.892846
vn -0.364454 -0.184972 0.912666
vn 0.930866 -0.099300 0.351609
vn 0.917153 0.060332 -0.393943
vn 0.364459 0.184966 -0.912665
vn -0.403289 0.200457 -0.892847
vn -0.930867 0.099305 -0.351603
vn -0.917150 -0.060334 0.393949
vn -0.336708 0.204171 0.919208
vn 0.420184 0.073943 0.904421
vn 0.473631 0.329270 0.816857
vn -0.257696 0.562227 0.785807
vn 0.927036 -0.099197 0.361614
vn 0.923792 -0.095022 0.370917
vn 0.894926 -0.213921 -0.391592
vn 0.836965 -0.463425 -0.291078
vn 0.394969 -0.180331 -0.900822
vn 0.257691 -0.562225 -0.785810
vn -0.420184 -0.073943 -0.904421
vn -0.473630 -0.329273 -0.816856
vn -0.927037 0.099194 -0.361611
vn -0.923790 0.095015 -0.370924
vn -0.894926 0.213921 0.391594
vn -0.836963 0.463427 0.291082
vn 0.555479 0.526662 0.643484
vn -0.139446 0.834684 0.532782
vn 0.921624 -0.087384 0.378119
vn 0.752096 -0.650194 -0.107699
vn 0.139449 -0.834683 -0.532783
vn -0.555483 -0.526652 -0.643488
vn -0.921622 0.087379 -0.378123
vn -0.752091 0.650200 0.107703
vn 0.653280 0.636036 0.410712
vn 0.000036 0.980072 0.198645
vn 0.920862 -0.077473 0.382115
vn 0.653239 -0.745797 0.130635
vn -0.000032 -0.980072 -0.198645
vn -0.653282 -0.636036 -0.410708
vn -0.920859 0.077470 -0.382121
vn -0.653240 0.745795 -0.130643
vn 0.752134 0.640776 0.153954
vn 0.139501 0.976252 -0.165746
vn 0.921622 -0.066794 0.382299
vn 0.555443 -0.735674 0.387643
vn -0.139505 -0.976250 0.165751
vn -0.752137 -0.640774 -0.153947
vn -0.921625 0.066786 -0.382292
vn -0.555443 0.735675 -0.387642
vn 0.836993 0.540143 -0.087688
vn 0.257743 0.823805 -0.504891
vn 0.923792 -0.056964 0.378633
vn 0.473603 -0.621368 0.624181
vn -0.257724 -0.823806 0.504898
vn -0.836996 -0.540138 0.087688
vn -0.923792 0.056963 -0.378634
vn -0.473599 0.621368 -0.624184
vn 0.894941 0.349458 -0.277417
vn 0.336742 0.545942 -0.767172
vn 0.927041 -0.049481 0.371682
vn 0.420163 -0.420281 0.804255
vn -0.336729 -0.545944 0.767176
vn -0.894938 -0.349464 0.277417
vn -0.927034 0.049488 -0.371697
vn -0.420171 0.420279 -0.804253
vn 0.917154 0.097761 -0.386357
vn 0.364469 0.184964 -0.912661
vn 0.930871 -0.045488 0.362506
vn 0.403279 -0.163032 0.900437
vn -0.364466 -0.184969 0.912662
vn -0.917152 -0.097759 0.386362
vn -0.930867 0.045494 -0.362515
vn -0.403280 0.163031 -0.900437
vn 0.900250 -0.176642 -0.397928
vn 0.336709 -0.204170 -0.919207
vn 0.934700 -0.045599 0.352501
vn 0.492910 0.060025 0.868008
vn -0.277041 0.227136 0.933626
vn -0.900250 0.176640 0.397931
vn -0.934697 0.045595 -0.352508
vn -0.425513 -0.111224 -0.898091
vn 0.738426 -0.524559 -0.423751
vn 0.127904 -0.547034 -0.827281
vn 0.944404 -0.090680 0.316037
vn 0.433781 0.347300 0.831394
vn -0.302847 0.391186 0.869055
vn 0.118478 0.492000 0.862496
vn -0.792177 0.469592 0.389793
vn -0.594242 0.547618 0.589059
vn -0.958873 0.179115 -0.220184
vn -0.571022 -0.325471 -0.753659
vn 0.887118 -0.455290 -0.075711
vn 0.538089 -0.687026 -0.488319
vn 0.325599 -0.715419 -0.618192
vn 0.931244 -0.072497 0.357112
vn 0.925842 -0.365299 0.096817
vn 0.913713 -0.386290 0.126127
vn 0.509752 0.456135 0.729448
vn 0.779029 0.210371 0.590641
vn 0.778903 0.210419 0.590791
vn 0.779032 0.210365 0.590641
vn -0.538013 0.687032 0.488394
vn -0.798056 0.557883 0.227756
vn -0.509853 -0.456098 -0.729400
vn -0.793576 -0.231595 -0.562673
vn -0.806974 -0.252568 -0.533857
vn -0.869300 -0.076292 -0.488362
vn 0.725627 -0.243889 0.643415
vn 0.727689 -0.254570 0.636917
vn 0.739960 -0.338350 0.581359
vn 0.019251 -0.372479 0.927841
vn 0.399345 -0.316167 0.860559
vn 0.444312 -0.229546 0.865965
vn -0.364461 -0.184964 0.912665
vn -0.229266 -0.378967 0.896560
vn 0.931205 -0.072446 0.357224
vn 0.972268 -0.037571 0.230831
vn 0.996929 0.078206 -0.004054
vn 0.892095 0.101293 -0.440347
vn 0.908389 0.214440 -0.358949
vn 0.681606 0.317937 -0.659037
vn 0.691866 0.082955 -0.717244
vn -0.444952 0.186974 -0.875819
vn -0.019654 0.198851 -0.979833
vn -0.019364 0.372505 -0.927828
vn -0.399506 0.316149 -0.860491
vn -0.718748 0.211691 -0.662260
vn -0.718702 0.211686 -0.662311
vn -0.718753 0.211688 -0.662255
vn -0.930867 0.099304 -0.351605
vn -0.917132 -0.099356 0.386002
vn -0.984984 -0.006073 -0.172542
vn -0.989215 -0.141888 -0.036354
vn -0.993791 -0.110094 -0.016107
vn -0.908473 -0.214383 0.358772
vn 0.164995 0.004942 -0.986282
vn 0.162908 0.632484 0.757248
vn -0.936616 0.343799 -0.067477
vn -0.830195 -0.293244 -0.474114
vn 0.538042 -0.687028 -0.488369
vn -0.779064 -0.210333 -0.590609
vn -0.885473 0.426709 -0.184003
vn 0.363964 0.225773 -0.903635
vn 0.361069 0.311306 -0.879044
vn 0.336546 0.545814 -0.767348
vn 0.361402 0.055606 -0.930751
vn 0.361597 0.055607 -0.930675
vn 0.361839 0.055772 -0.930571
vn -0.139599 0.834860 0.532466
vn -0.222040 0.665145 0.712938
vn -0.246836 0.596317 0.763857
vn -0.289774 0.449805 0.844811
vn -0.290814 0.449440 0.844648
vn -0.289989 0.449665 0.844812
vn -0.364268 -0.225908 0.903479
vn -0.361511 -0.311511 0.878789
vn -0.336778 -0.546264 0.766927
vn -0.361863 -0.055375 0.930585
vn -0.362006 -0.055310 0.930533
vn -0.362644 -0.055178 0.930293
vn 0.139481 -0.834674 -0.532790
vn 0.221832 -0.664941 -0.713193
vn 0.246698 -0.596167 -0.764019
vn 0.288970 -0.449802 -0.845089
vn 0.288665 -0.449639 -0.845280
vn 0.288920 -0.449752 -0.845132
vn 0.718784 -0.211704 0.662217
vn 0.718770 -0.211712 0.662229
vn 0.996926 0.078240 -0.004127
vn 0.996930 0.078200 -0.004046
vn -0.936617 0.343815 -0.067380
vn -0.936621 0.343781 -0.067504
vn -0.779010 -0.210344 -0.590677
vn -0.779062 -0.210346 -0.590608
vn -0.681697 -0.317952 0.658935
vn 0.246854 -0.596214 -0.763932
vn 0.222045 -0.665000 -0.713071
vn 0.139620 -0.834728 -0.532668
vn 0.288762 -0.449952 -0.845079
vn 0.288475 -0.449951 -0.845178
vn 0.287733 -0.450018 -0.845396
vn -0.975776 -0.204902 -0.076655
vn 0.885494 -0.426660 0.184016
vn -0.361354 -0.055533 0.930773
vn -0.361674 -0.055557 0.930648
vn -0.361510 -0.055508 0.930714
vn -0.363933 -0.225779 0.903646
vn -0.361026 -0.311307 0.879061
vn -0.336431 -0.545838 0.767382
vn -0.162967 -0.632498 -0.757224
vn -0.019265 0.372471 -0.927844
vn -0.246564 0.596206 0.764031
vn -0.221637 0.665004 0.713194
vn -0.139271 0.834716 0.532778
vn -0.288877 0.449861 0.845089
vn -0.288864 0.449801 0.845125
vn -0.288572 0.449757 0.845248
vn -0.739947 0.338283 -0.581415
vn 0.830202 0.293125 0.474176
vn 0.361422 0.055527 -0.930747
vn 0.361273 0.055580 -0.930802
vn 0.361344 0.055514 -0.930779
vn 0.364352 0.225724 -0.903491
vn 0.361623 0.311228 -0.878843
vn 0.337056 0.545722 -0.767190
vn -0.538054 0.687047 0.488328
s 1
g Toasters040_WindupKey04
f 759/759/1035 760/760/1036 761/761/1037
f 759/759/1035 761/761/1037 762/762/1038
f 759/759/1035 762/762/1038 763/763/1039
f 759/759/1035 763/763/1039 764/764/1040
f 759/759/1035 764/764/1040 760/760/1036
f 770/765/1041 761/761/1037 760/760/1036
f 771/766/1042 762/762/1038 761/761/1037
f 772/767/1043 763/763/1039 762/762/1038
f 773/768/1044 764/764/1040 763/763/1039
f 774/769/1045 760/760/1036 764/764/1040
f 760/760/1036 774/769/1045 765/770/1046
f 760/760/1036 765/770/1046 770/765/1041
f 761/761/1037 770/765/1041 766/771/1047
f 761/761/1037 766/771/1047 771/766/1042
f 762/762/1038 771/766/1042 767/772/1048
f 762/762/1038 767/772/1048 772/767/1043
f 763/763/1039 772/767/1043 768/773/1049
f 763/763/1039 768/773/1049 773/768/1044
f 764/764/1040 773/768/1044 769/774/1050
f 764/764/1040 769/774/1050 774/769/1045
f 775/775/1051 770/765/1041 765/770/1046
f 776/776/1052 766/771/1047 770/765/1041
f 777/777/1053 771/766/1042 766/771/1047
f 778/778/1054 767/772/1048 771/766/1042
f 779/779/1055 772/767/1043 767/772/1048
f 780/780/1056 768/773/1049 772/767/1043
f 781/781/1057 773/768/1044 768/773/1049
f 782/782/1058 769/774/1050 773/768/1044
f 783/783/1059 774/769/1045 769/774/1050
f 784/784/1060 765/770/1046 774/769/1045
f 765/770/1046 784/784/1060 775/775/1051
f 770/765/1041 775/775/1051 776/776/1052
f 766/771/1047 776/776/1052 777/777/1053
f 771/766/1042 777/777/1053 778/778/1054
f 767/772/1048 778/778/1054 779/779/1055
f 772/767/1043 779/779/1055 780/780/1056
f 768/773/1049 780/780/1056 781/781/1057
f 773/768/1044 781/781/1057 782/782/1058
f 769/774/1050 782/782/1058 783/783/1059
f 774/769/1045 783/783/1059 784/784/1060
s 2
f 775/775/1061 784/784/1062 785/785/1063
f 776/776/1064 775/775/1061 785/785/1063
f 777/777/1065 776/776/1064 785/785/1063
f 778/778/1066 777/777/1065 785/785/1063
f 779/779/1067 778/778/1066 785/785/1063
f 780/780/1068 779/779/1067 785/785/1063
f 781/781/1069 780/780/1068 785/785/1063
f 782/782/1070 781/781/1069 785/785/1063
f 783/783/1071 782/782/1070 785/785/1063
f 784/784/1062 783/783/1071 785/785/1063
s 3
f 787/786/1072 904/787/1073 905/788/1074
f 905/788/1074 786/789/1075 787/786/1072
f 788/790/1076 789/791/1077 795/792/1078
f 795/792/1078 794/793/1079 788/790/1076
f 789/791/1077 790/794/1080 796/795/1081
f 796/795/1081 795/792/1078 789/791/1077
f 790/794/1080 791/796/1082 797/797/1083
f 797/797/1083 796/795/1081 790/794/1080
f 791/796/1082 792/798/1084 798/799/1085
f 798/799/1085 797/797/1083 791/796/1082
f 905/788/1074 917/800/1086 793/801/1087
f 793/801/1087 786/789/1075 905/788/1074
f 799/802/1088 918/803/1089 907/804/1090
f 800/805/1091 799/802/1088 907/804/1090
f 908/806/1092 800/805/1091 907/804/1090
f 909/807/1093 939/808/1094 794/793/1079
f 909/807/1093 794/793/1079 801/809/1095
f 801/809/1095 800/805/1091 908/806/1092
f 909/807/1093 801/809/1095 908/806/1092
f 794/793/1079 795/792/1078 802/810/1096
f 802/810/1096 801/809/1095 794/793/1079
f 795/792/1078 796/795/1081 803/811/1097
f 803/811/1097 802/810/1096 795/792/1078
f 796/795/1081 797/797/1083 804/812/1098
f 804/812/1098 803/811/1097 796/795/1081
f 797/797/1083 798/799/1085 805/813/1099
f 805/813/1099 804/812/1098 797/797/1083
f 912/814/1100 918/803/1089 799/802/1088
f 912/814/1100 799/802/1088 806/815/1101
f 912/814/1100 806/815/1101 911/816/1102
f 799/802/1088 800/805/1091 808/817/1103
f 808/817/1103 807/818/1104 799/802/1088
f 800/805/1091 801/809/1095 809/819/1105
f 809/819/1105 808/817/1103 800/805/1091
f 801/809/1095 802/810/1096 810/820/1106
f 810/820/1106 809/819/1105 801/809/1095
f 802/810/1096 803/811/1097 811/821/1107
f 811/821/1107 810/820/1106 802/810/1096
f 803/811/1097 804/812/1098 812/822/1108
f 812/822/1108 811/821/1107 803/811/1097
f 804/812/1098 805/813/1099 813/823/1109
f 813/823/1109 812/822/1108 804/812/1098
f 805/813/1099 806/815/1101 814/824/1110
f 814/824/1110 813/823/1109 805/813/1099
f 806/815/1101 799/802/1088 807/818/1104
f 807/818/1104 814/824/1110 806/815/1101
f 808/817/1103 920/825/1111 887/826/1112
f 807/818/1104 808/817/1103 887/826/1112
f 807/818/1104 887/826/1112 888/827/1113
f 815/828/1114 894/829/1115 895/830/1116
f 809/819/1105 815/828/1114 895/830/1116
f 808/817/1103 809/819/1105 895/830/1116
f 808/817/1103 895/830/1116 920/825/1111
f 809/819/1105 810/820/1106 816/831/1117
f 816/831/1117 815/828/1114 809/819/1105
f 810/820/1106 811/821/1107 817/832/1118
f 817/832/1118 816/831/1117 810/820/1106
f 811/821/1107 812/822/1108 818/833/1119
f 818/833/1119 817/832/1118 811/821/1107
f 812/822/1108 813/823/1109 819/834/1120
f 819/834/1120 818/833/1119 812/822/1108
f 813/823/1109 814/824/1110 897/835/1121
f 813/823/1109 897/835/1121 898/836/1122
f 898/836/1122 940/837/1123 819/834/1120
f 813/823/1109 898/836/1122 819/834/1120
f 807/818/1104 888/827/1113 889/838/1124
f 814/824/1110 807/818/1104 889/838/1124
f 814/824/1110 889/838/1124 897/835/1121
f 821/839/1125 820/840/1126 890/841/1127
f 890/841/1127 891/842/1128 821/839/1125
f 822/843/1129 821/839/1125 891/842/1128
f 822/843/1129 891/842/1128 892/844/1130
f 822/843/1129 892/844/1130 893/845/1131
f 822/843/1129 893/845/1131 922/846/1132
f 922/846/1132 934/847/1133 896/848/1134
f 822/843/1129 922/846/1132 896/848/1134
f 896/848/1134 894/829/1115 815/828/1114
f 822/843/1129 896/848/1134 815/828/1114
f 815/828/1114 816/831/1117 823/849/1135
f 823/849/1135 822/843/1129 815/828/1114
f 816/831/1117 817/832/1118 824/850/1136
f 824/850/1136 823/849/1135 816/831/1117
f 817/832/1118 818/833/1119 825/851/1137
f 825/851/1137 824/850/1136 817/832/1118
f 818/833/1119 819/834/1120 826/852/1138
f 826/852/1138 825/851/1137 818/833/1119
f 890/841/1127 820/840/1126 827/853/1139
f 827/853/1139 901/854/1140 890/841/1127
f 821/839/1125 871/855/1141 872/856/1142
f 872/856/1142 820/840/1126 821/839/1125
f 822/843/1129 823/849/1135 829/857/1143
f 829/857/1143 828/858/1144 822/843/1129
f 823/849/1135 824/850/1136 830/859/1145
f 830/859/1145 829/857/1143 823/849/1135
f 824/850/1136 825/851/1137 831/860/1146
f 831/860/1146 830/859/1145 824/850/1136
f 825/851/1137 826/852/1138 832/861/1147
f 832/861/1147 831/860/1146 825/851/1137
f 872/856/1142 884/862/1148 827/853/1139
f 827/853/1139 820/840/1126 872/856/1142
f 833/863/1149 885/864/1150 874/865/1151
f 834/866/1152 833/863/1149 874/865/1151
f 875/867/1153 834/866/1152 874/865/1151
f 876/868/1154 938/869/1155 828/858/1144
f 876/868/1154 828/858/1144 835/870/1156
f 835/870/1156 834/866/1152 875/867/1153
f 876/868/1154 835/870/1156 875/867/1153
f 828/858/1144 829/857/1143 836/871/1157
f 836/871/1157 835/870/1156 828/858/1144
f 829/857/1143 830/859/1145 837/872/1158
f 837/872/1158 836/871/1157 829/857/1143
f 830/859/1145 831/860/1146 838/873/1159
f 838/873/1159 837/872/1158 830/859/1145
f 831/860/1146 832/861/1147 839/874/1160
f 839/874/1160 838/873/1159 831/860/1146
f 879/875/1161 885/864/1150 833/863/1149
f 879/875/1161 833/863/1149 840/876/1162
f 879/875/1161 840/876/1162 878/877/1163
f 833/863/1149 834/866/1152 842/878/1164
f 842/878/1164 841/879/1165 833/863/1149
f 834/866/1152 835/870/1156 843/880/1166
f 843/880/1166 842/878/1164 834/866/1152
f 835/870/1156 836/871/1157 844/881/1167
f 844/881/1167 843/880/1166 835/870/1156
f 836/871/1157 837/872/1158 845/882/1168
f 845/882/1168 844/881/1167 836/871/1157
f 837/872/1158 838/873/1159 846/883/1169
f 846/883/1169 845/882/1168 837/872/1158
f 838/873/1159 839/874/1160 847/884/1170
f 847/884/1170 846/883/1169 838/873/1159
f 839/874/1160 840/876/1162 848/885/1171
f 848/885/1171 847/884/1170 839/874/1160
f 840/876/1162 833/863/1149 841/879/1165
f 841/879/1165 848/885/1171 840/876/1162
f 842/878/1164 923/886/1172 854/887/1173
f 841/879/1165 842/878/1164 854/887/1173
f 841/879/1165 854/887/1173 855/888/1174
f 849/889/1175 861/890/1176 862/891/1177
f 843/880/1166 849/889/1175 862/891/1177
f 842/878/1164 843/880/1166 862/891/1177
f 842/878/1164 862/891/1177 923/886/1172
f 843/880/1166 844/881/1167 850/892/1178
f 850/892/1178 849/889/1175 843/880/1166
f 844/881/1167 845/882/1168 851/893/1179
f 851/893/1179 850/892/1178 844/881/1167
f 845/882/1168 846/883/1169 852/894/1180
f 852/894/1180 851/893/1179 845/882/1168
f 846/883/1169 847/884/1170 853/895/1181
f 853/895/1181 852/894/1180 846/883/1169
f 847/884/1170 848/885/1171 864/896/1182
f 847/884/1170 864/896/1182 865/897/1183
f 865/897/1183 941/898/1184 853/895/1181
f 847/884/1170 865/897/1183 853/895/1181
f 841/879/1165 855/888/1174 856/899/1185
f 848/885/1171 841/879/1165 856/899/1185
f 848/885/1171 856/899/1185 864/896/1182
f 787/786/1072 786/789/1075 857/900/1186
f 857/900/1186 858/901/1187 787/786/1072
f 788/790/1076 787/786/1072 858/901/1187
f 788/790/1076 858/901/1187 859/902/1188
f 788/790/1076 859/902/1188 860/903/1189
f 788/790/1076 860/903/1189 925/904/1190
f 925/904/1190 928/905/1191 863/906/1192
f 788/790/1076 925/904/1190 863/906/1192
f 863/906/1192 861/890/1176 849/889/1175
f 788/790/1076 863/906/1192 849/889/1175
f 849/889/1175 850/892/1178 789/791/1077
f 789/791/1077 788/790/1076 849/889/1175
f 850/892/1178 851/893/1179 790/794/1080
f 790/794/1080 789/791/1077 850/892/1178
f 851/893/1179 852/894/1180 791/796/1082
f 791/796/1082 790/794/1080 851/893/1179
f 852/894/1180 853/895/1181 792/798/1084
f 792/798/1084 791/796/1082 852/894/1180
f 857/900/1186 786/789/1075 793/801/1087
f 793/801/1087 868/907/1193 857/900/1186
f 878/877/1163 840/876/1162 839/874/1160
f 877/908/1194 878/877/1163 839/874/1160
f 877/908/1194 839/874/1160 832/861/1147
f 877/908/1194 832/861/1147 881/909/1195
f 886/910/1196 931/911/1197 880/912/1198
f 880/912/1198 881/909/1195 832/861/1147
f 880/912/1198 832/861/1147 826/852/1138
f 886/910/1196 880/912/1198 826/852/1138
f 883/913/1199 886/910/1196 826/852/1138
f 827/853/1139 884/862/1148 882/914/1200
f 826/852/1138 827/853/1139 882/914/1200
f 883/913/1199 826/852/1138 882/914/1200
f 911/816/1102 806/815/1101 805/813/1099
f 910/915/1201 911/816/1102 805/813/1099
f 910/915/1201 805/813/1099 798/799/1085
f 910/915/1201 798/799/1085 914/916/1202
f 919/917/1203 937/918/1204 913/919/1205
f 913/919/1205 914/916/1202 798/799/1085
f 913/919/1205 798/799/1085 792/798/1084
f 919/917/1203 913/919/1205 792/798/1084
f 916/920/1206 919/917/1203 792/798/1084
f 793/801/1087 917/800/1086 915/921/1207
f 792/798/1084 793/801/1087 915/921/1207
f 916/920/1206 792/798/1084 915/921/1207
f 927/922/1208 926/923/1209 924/924/1210
f 867/925/1211 868/907/1193 793/801/1087
f 867/925/1211 793/801/1087 792/798/1084
f 866/926/1212 867/925/1211 792/798/1084
f 924/924/1210 866/926/1212 792/798/1084
f 924/924/1210 792/798/1084 853/895/1181
f 927/922/1208 924/924/1210 853/895/1181
f 927/922/1208 853/895/1181 941/898/1184
f 929/927/1213 930/928/1214 869/929/1215
f 873/930/1216 871/855/1141 821/839/1125
f 870/931/1217 873/930/1216 821/839/1125
f 870/931/1217 821/839/1125 822/843/1129
f 869/929/1215 870/931/1217 822/843/1129
f 869/929/1215 822/843/1129 828/858/1144
f 929/927/1213 869/929/1215 828/858/1144
f 929/927/1213 828/858/1144 938/869/1155
f 933/932/1218 932/933/1219 921/934/1220
f 900/935/1221 901/854/1140 827/853/1139
f 900/935/1221 827/853/1139 826/852/1138
f 899/936/1222 900/935/1221 826/852/1138
f 921/934/1220 899/936/1222 826/852/1138
f 921/934/1220 826/852/1138 819/834/1120
f 933/932/1218 921/934/1220 819/834/1120
f 933/932/1218 819/834/1120 940/837/1123
f 935/937/1223 936/938/1224 902/939/1225
f 906/940/1226 904/787/1073 787/786/1072
f 903/941/1227 906/940/1226 787/786/1072
f 903/941/1227 787/786/1072 788/790/1076
f 902/939/1225 903/941/1227 788/790/1076
f 902/939/1225 788/790/1076 794/793/1079
f 935/937/1223 902/939/1225 794/793/1079
f 935/937/1223 794/793/1079 939/808/1094
s 28
f 942/942/1228 943/943/1229 951/944/1230
f 951/944/1230 950/945/1231 942/942/1228
f 943/943/1229 944/946/1232 952/947/1233
f 952/947/1233 951/944/1230 943/943/1229
f 944/946/1232 945/948/1234 953/949/1235
f 953/949/1235 952/947/1233 944/946/1232
f 855/888/1236 854/887/1237 953/949/1235
f 946/950/1238 855/888/1236 953/949/1235
f 945/948/1234 946/950/1238 953/949/1235
f 954/951/1239 856/899/1240 855/888/1236
f 954/951/1239 855/888/1236 946/950/1238
f 954/951/1239 946/950/1238 947/952/1241
f 947/952/1241 948/953/1242 955/954/1243
f 955/954/1243 954/951/1239 947/952/1241
f 948/953/1242 949/955/1244 956/956/1245
f 956/956/1245 955/954/1243 948/953/1242
f 949/955/1244 942/942/1228 950/945/1231
f 950/945/1231 956/956/1245 949/955/1244
f 951/944/1230 859/902/1246 858/901/1247
f 951/944/1230 858/901/1247 857/900/1248
f 950/945/1231 951/944/1230 857/900/1248
f 952/947/1233 1128/957/1249 1129/958/1250
f 1129/958/1250 860/903/1251 859/902/1246
f 952/947/1233 1129/958/1250 859/902/1246
f 951/944/1230 952/947/1233 859/902/1246
f 953/949/1235 862/891/1252 861/890/1253
f 952/947/1233 953/949/1235 861/890/1253
f 861/890/1253 863/906/1254 1126/959/1255
f 952/947/1233 861/890/1253 1126/959/1255
f 864/896/1256 856/899/1240 954/951/1239
f 954/951/1239 865/897/1257 864/896/1256
f 956/956/1245 867/925/1258 866/926/1259
f 866/926/1259 1130/960/1260 1131/961/1261
f 956/956/1245 866/926/1259 1131/961/1261
f 955/954/1243 956/956/1245 1131/961/1261
f 1120/962/1262 870/931/1263 869/929/1264
f 871/855/1265 873/930/1266 958/963/1267
f 958/963/1267 957/964/1268 872/856/1269
f 871/855/1265 958/963/1267 872/856/1269
f 1120/962/1262 1121/965/1270 959/966/1271
f 1120/962/1262 959/966/1271 958/963/1267
f 870/931/1263 1120/962/1262 958/963/1267
f 870/931/1263 958/963/1267 873/930/1266
f 1122/967/1272 959/966/1271 1121/965/1270
f 960/968/1273 876/868/1274 875/867/1275
f 875/867/1275 874/865/1276 960/968/1273
f 961/969/1277 879/875/1278 878/877/1279
f 878/877/1279 877/908/1280 961/969/1277
f 961/969/1277 877/908/1280 881/909/1281
f 881/909/1281 880/912/1282 1123/970/1283
f 961/969/1277 881/909/1281 1123/970/1283
f 962/971/1284 961/969/1277 1123/970/1283
f 963/972/1285 962/971/1284 1124/973/1286
f 1124/973/1286 1125/974/1287 883/913/1288
f 963/972/1285 1124/973/1286 883/913/1288
f 882/914/1289 963/972/1285 883/913/1288
f 957/964/1268 958/963/1267 965/975/1290
f 965/975/1290 964/976/1291 957/964/1268
f 958/963/1267 959/966/1271 966/977/1292
f 966/977/1292 965/975/1290 958/963/1267
f 959/966/1271 960/968/1273 967/978/1293
f 967/978/1293 966/977/1292 959/966/1271
f 874/865/1276 885/864/1294 968/979/1295
f 960/968/1273 874/865/1276 968/979/1295
f 960/968/1273 968/979/1295 967/978/1293
f 885/864/1294 879/875/1278 961/969/1277
f 885/864/1294 961/969/1277 969/980/1296
f 885/864/1294 969/980/1296 968/979/1295
f 961/969/1277 962/971/1284 970/981/1297
f 970/981/1297 969/980/1296 961/969/1277
f 962/971/1284 963/972/1285 971/982/1298
f 971/982/1298 970/981/1297 962/971/1284
f 963/972/1285 957/964/1268 964/976/1291
f 964/976/1291 971/982/1298 963/972/1285
f 964/976/1291 965/975/1290 973/983/1299
f 973/983/1299 972/984/1300 964/976/1291
f 965/975/1290 966/977/1292 974/985/1301
f 974/985/1301 973/983/1299 965/975/1290
f 966/977/1292 967/978/1293 975/986/1302
f 975/986/1302 974/985/1301 966/977/1292
f 967/978/1293 968/979/1295 976/987/1303
f 976/987/1303 975/986/1302 967/978/1293
f 968/979/1295 969/980/1296 977/988/1304
f 977/988/1304 976/987/1303 968/979/1295
f 969/980/1296 970/981/1297 978/989/1305
f 978/989/1305 977/988/1304 969/980/1296
f 970/981/1297 971/982/1298 979/990/1306
f 979/990/1306 978/989/1305 970/981/1297
f 971/982/1298 964/976/1291 972/984/1300
f 972/984/1300 979/990/1306 971/982/1298
f 972/984/1300 973/983/1299 981/991/1307
f 981/991/1307 980/992/1308 972/984/1300
f 973/983/1299 974/985/1301 982/993/1309
f 982/993/1309 981/991/1307 973/983/1299
f 974/985/1301 975/986/1302 983/994/1310
f 983/994/1310 982/993/1309 974/985/1301
f 975/986/1302 976/987/1303 984/995/1311
f 984/995/1311 983/994/1310 975/986/1302
f 976/987/1303 977/988/1304 985/996/1312
f 985/996/1312 984/995/1311 976/987/1303
f 977/988/1304 978/989/1305 986/997/1313
f 986/997/1313 985/996/1312 977/988/1304
f 978/989/1305 979/990/1306 987/998/1314
f 987/998/1314 986/997/1313 978/989/1305
f 979/990/1306 972/984/1300 980/992/1308
f 980/992/1308 987/998/1314 979/990/1306
f 980/992/1308 981/991/1307 989/999/1315
f 989/999/1315 988/1000/1316 980/992/1308
f 981/991/1307 982/993/1309 990/1001/1317
f 990/1001/1317 989/999/1315 981/991/1307
f 982/993/1309 983/994/1310 991/1002/1318
f 991/1002/1318 990/1001/1317 982/993/1309
f 983/994/1310 984/995/1311 992/1003/1319
f 992/1003/1319 991/1002/1318 983/994/1310
f 984/995/1311 985/996/1312 993/1004/1320
f 993/1004/1320 992/1003/1319 984/995/1311
f 985/996/1312 986/997/1313 994/1005/1321
f 994/1005/1321 993/1004/1320 985/996/1312
f 986/997/1313 987/998/1314 995/1006/1322
f 995/1006/1322 994/1005/1321 986/997/1313
f 987/998/1314 980/992/1308 988/1000/1316
f 988/1000/1316 995/1006/1322 987/998/1314
f 988/1000/1316 989/999/1315 997/1007/1323
f 997/1007/1323 996/1008/1324 988/1000/1316
f 989/999/1315 990/1001/1317 998/1009/1325
f 998/1009/1325 997/1007/1323 989/999/1315
f 990/1001/1317 991/1002/1318 999/1010/1326
f 999/1010/1326 998/1009/1325 990/1001/1317
f 991/1002/1318 992/1003/1319 1000/1011/1327
f 1000/1011/1327 999/1010/1326 991/1002/1318
f 992/1003/1319 993/1004/1320 1001/1012/1328
f 1001/1012/1328 1000/1011/1327 992/1003/1319
f 993/1004/1320 994/1005/1321 1002/1013/1329
f 1002/1013/1329 1001/1012/1328 993/1004/1320
f 994/1005/1321 995/1006/1322 1003/1014/1330
f 1003/1014/1330 1002/1013/1329 994/1005/1321
f 995/1006/1322 988/1000/1316 996/1008/1324
f 996/1008/1324 1003/1014/1330 995/1006/1322
f 996/1008/1324 997/1007/1323 1005/1015/1331
f 1005/1015/1331 1004/1016/1332 996/1008/1324
f 997/1007/1323 998/1009/1325 1006/1017/1333
f 1006/1017/1333 1005/1015/1331 997/1007/1323
f 998/1009/1325 999/1010/1326 1007/1018/1334
f 1007/1018/1334 1006/1017/1333 998/1009/1325
f 999/1010/1326 1000/1011/1327 1008/1019/1335
f 1008/1019/1335 1007/1018/1334 999/1010/1326
f 1000/1011/1327 1001/1012/1328 1009/1020/1336
f 1009/1020/1336 1008/1019/1335 1000/1011/1327
f 1001/1012/1328 1002/1013/1329 1010/1021/1337
f 1010/1021/1337 1009/1020/1336 1001/1012/1328
f 1002/1013/1329 1003/1014/1330 1011/1022/1338
f 1011/1022/1338 1010/1021/1337 1002/1013/1329
f 1003/1014/1330 996/1008/1324 1004/1016/1332
f 1004/1016/1332 1011/1022/1338 1003/1014/1330
f 1004/1016/1332 1005/1015/1331 1013/1023/1339
f 1013/1023/1339 1012/1024/1340 1004/1016/1332
f 1005/1015/1331 1006/1017/1333 1014/1025/1341
f 1014/1025/1341 1013/1023/1339 1005/1015/1331
f 1006/1017/1333 1007/1018/1334 1015/1026/1342
f 1015/1026/1342 1014/1025/1341 1006/1017/1333
f 1007/1018/1334 1008/1019/1335 1016/1027/1343
f 1016/1027/1343 1015/1026/1342 1007/1018/1334
f 1008/1019/1335 1009/1020/1336 1017/1028/1344
f 1017/1028/1344 1016/1027/1343 1008/1019/1335
f 1009/1020/1336 1010/1021/1337 1018/1029/1345
f 1018/1029/1345 1017/1028/1344 1009/1020/1336
f 1010/1021/1337 1011/1022/1338 1019/1030/1346
f 1019/1030/1346 1018/1029/1345 1010/1021/1337
f 1011/1022/1338 1004/1016/1332 1012/1024/1340
f 1012/1024/1340 1019/1030/1346 1011/1022/1338
f 1012/1024/1340 1013/1023/1339 1021/1031/1347
f 1021/1031/1347 1020/1032/1348 1012/1024/1340
f 1013/1023/1339 1014/1025/1341 1022/1033/1349
f 1022/1033/1349 1021/1031/1347 1013/1023/1339
f 1014/1025/1341 1015/1026/1342 1023/1034/1350
f 1023/1034/1350 1022/1033/1349 1014/1025/1341
f 1015/1026/1342 1016/1027/1343 1024/1035/1351
f 1024/1035/1351 1023/1034/1350 1015/1026/1342
f 1016/1027/1343 1017/1028/1344 1025/1036/1352
f 1025/1036/1352 1024/1035/1351 1016/1027/1343
f 1017/1028/1344 1018/1029/1345 1026/1037/1353
f 1026/1037/1353 1025/1036/1352 1017/1028/1344
f 1018/1029/1345 1019/1030/1346 1027/1038/1354
f 1027/1038/1354 1026/1037/1353 1018/1029/1345
f 1019/1030/1346 1012/1024/1340 1020/1032/1348
f 1020/1032/1348 1027/1038/1354 1019/1030/1346
f 1020/1032/1348 1021/1031/1347 943/943/1229
f 943/943/1229 942/942/1228 1020/1032/1348
f 1021/1031/1347 1022/1033/1349 944/946/1232
f 944/946/1232 943/943/1229 1021/1031/1347
f 1022/1033/1349 1023/1034/1350 945/948/1234
f 945/948/1234 944/946/1232 1022/1033/1349
f 1023/1034/1350 1024/1035/1351 946/950/1238
f 946/950/1238 945/948/1234 1023/1034/1350
f 1024/1035/1351 1025/1036/1352 947/952/1241
f 947/952/1241 946/950/1238 1024/1035/1351
f 1025/1036/1352 1026/1037/1353 948/953/1242
f 948/953/1242 947/952/1241 1025/1036/1352
f 1026/1037/1353 1027/1038/1354 949/955/1244
f 949/955/1244 948/953/1242 1026/1037/1353
f 1027/1038/1354 1020/1032/1348 942/942/1228
f 942/942/1228 949/955/1244 1027/1038/1354
s 50
f 1028/1039/1355 1029/1040/1356 1037/1041/1357
f 1037/1041/1357 1036/1042/1358 1028/1039/1355
f 1029/1040/1356 1030/1043/1359 1038/1044/1360
f 1038/1044/1360 1037/1041/1357 1029/1040/1356
f 1030/1043/1359 1031/1045/1361 1039/1046/1362
f 1039/1046/1362 1038/1044/1360 1030/1043/1359
f 1031/1045/1361 1032/1047/1363 1040/1048/1364
f 1040/1048/1364 1039/1046/1362 1031/1045/1361
f 1032/1047/1363 1033/1049/1365 1041/1050/1366
f 1041/1050/1366 1040/1048/1364 1032/1047/1363
f 1033/1049/1365 1034/1051/1367 1042/1052/1368
f 1042/1052/1368 1041/1050/1366 1033/1049/1365
f 1034/1051/1367 1035/1053/1369 1043/1054/1370
f 1043/1054/1370 1042/1052/1368 1034/1051/1367
f 1035/1053/1369 1028/1039/1355 1036/1042/1358
f 1036/1042/1358 1043/1054/1370 1035/1053/1369
f 1036/1042/1358 1037/1041/1357 1045/1055/1371
f 1045/1055/1371 1044/1056/1372 1036/1042/1358
f 1037/1041/1357 1038/1044/1360 1046/1057/1373
f 1046/1057/1373 1045/1055/1371 1037/1041/1357
f 1038/1044/1360 1039/1046/1362 1047/1058/1374
f 1047/1058/1374 1046/1057/1373 1038/1044/1360
f 1039/1046/1362 1040/1048/1364 1048/1059/1375
f 1048/1059/1375 1047/1058/1374 1039/1046/1362
f 1040/1048/1364 1041/1050/1366 1049/1060/1376
f 1049/1060/1376 1048/1059/1375 1040/1048/1364
f 1041/1050/1366 1042/1052/1368 1050/1061/1377
f 1050/1061/1377 1049/1060/1376 1041/1050/1366
f 1042/1052/1368 1043/1054/1370 1051/1062/1378
f 1051/1062/1378 1050/1061/1377 1042/1052/1368
f 1043/1054/1370 1036/1042/1358 1044/1056/1372
f 1044/1056/1372 1051/1062/1378 1043/1054/1370
f 1044/1056/1372 1045/1055/1371 1053/1063/1379
f 1053/1063/1379 1052/1064/1380 1044/1056/1372
f 1045/1055/1371 1046/1057/1373 1054/1065/1381
f 1054/1065/1381 1053/1063/1379 1045/1055/1371
f 1046/1057/1373 1047/1058/1374 1055/1066/1382
f 1055/1066/1382 1054/1065/1381 1046/1057/1373
f 1047/1058/1374 1048/1059/1375 1056/1067/1383
f 1056/1067/1383 1055/1066/1382 1047/1058/1374
f 1048/1059/1375 1049/1060/1376 1057/1068/1384
f 1057/1068/1384 1056/1067/1383 1048/1059/1375
f 1049/1060/1376 1050/1061/1377 1058/1069/1385
f 1058/1069/1385 1057/1068/1384 1049/1060/1376
f 1050/1061/1377 1051/1062/1378 1059/1070/1386
f 1059/1070/1386 1058/1069/1385 1050/1061/1377
f 1051/1062/1378 1044/1056/1372 1052/1064/1380
f 1052/1064/1380 1059/1070/1386 1051/1062/1378
f 1052/1064/1380 1053/1063/1379 1061/1071/1387
f 1061/1071/1387 1060/1072/1388 1052/1064/1380
f 1053/1063/1379 1054/1065/1381 1062/1073/1389
f 1062/1073/1389 1061/1071/1387 1053/1063/1379
f 1054/1065/1381 1055/1066/1382 1063/1074/1390
f 1063/1074/1390 1062/1073/1389 1054/1065/1381
f 1055/1066/1382 1056/1067/1383 1064/1075/1391
f 1064/1075/1391 1063/1074/1390 1055/1066/1382
f 1056/1067/1383 1057/1068/1384 1065/1076/1392
f 1065/1076/1392 1064/1075/1391 1056/1067/1383
f 1057/1068/1384 1058/1069/1385 1066/1077/1393
f 1066/1077/1393 1065/1076/1392 1057/1068/1384
f 1058/1069/1385 1059/1070/1386 1067/1078/1394
f 1067/1078/1394 1066/1077/1393 1058/1069/1385
f 1059/1070/1386 1052/1064/1380 1060/1072/1388
f 1060/1072/1388 1067/1078/1394 1059/1070/1386
f 1060/1072/1388 1061/1071/1387 1069/1079/1395
f 1069/1079/1395 1068/1080/1396 1060/1072/1388
f 1061/1071/1387 1062/1073/1389 1070/1081/1397
f 1070/1081/1397 1069/1079/1395 1061/1071/1387
f 1062/1073/1389 1063/1074/1390 1071/1082/1398
f 1071/1082/1398 1070/1081/1397 1062/1073/1389
f 1063/1074/1390 1064/1075/1391 1072/1083/1399
f 1072/1083/1399 1071/1082/1398 1063/1074/1390
f 1064/1075/1391 1065/1076/1392 1073/1084/1400
f 1073/1084/1400 1072/1083/1399 1064/1075/1391
f 1065/1076/1392 1066/1077/1393 1074/1085/1401
f 1074/1085/1401 1073/1084/1400 1065/1076/1392
f 1066/1077/1393 1067/1078/1394 1075/1086/1402
f 1075/1086/1402 1074/1085/1401 1066/1077/1393
f 1067/1078/1394 1060/1072/1388 1068/1080/1396
f 1068/1080/1396 1075/1086/1402 1067/1078/1394
f 1068/1080/1396 1069/1079/1395 1077/1087/1403
f 1077/1087/1403 1076/1088/1404 1068/1080/1396
f 1069/1079/1395 1070/1081/1397 1078/1089/1405
f 1078/1089/1405 1077/1087/1403 1069/1079/1395
f 1070/1081/1397 1071/1082/1398 1079/1090/1406
f 1079/1090/1406 1078/1089/1405 1070/1081/1397
f 1071/1082/1398 1072/1083/1399 1080/1091/1407
f 1080/1091/1407 1079/1090/1406 1071/1082/1398
f 1072/1083/1399 1073/1084/1400 1081/1092/1408
f 1081/1092/1408 1080/1091/1407 1072/1083/1399
f 1073/1084/1400 1074/1085/1401 1082/1093/1409
f 1082/1093/1409 1081/1092/1408 1073/1084/1400
f 1074/1085/1401 1075/1086/1402 1083/1094/1410
f 1083/1094/1410 1082/1093/1409 1074/1085/1401
f 1075/1086/1402 1068/1080/1396 1076/1088/1404
f 1076/1088/1404 1083/1094/1410 1075/1086/1402
f 1076/1088/1404 1077/1087/1403 1085/1095/1411
f 1085/1095/1411 1084/1096/1412 1076/1088/1404
f 1077/1087/1403 1078/1089/1405 1086/1097/1413
f 1086/1097/1413 1085/1095/1411 1077/1087/1403
f 1078/1089/1405 1079/1090/1406 1087/1098/1414
f 1087/1098/1414 1086/1097/1413 1078/1089/1405
f 1079/1090/1406 1080/1091/1407 1088/1099/1415
f 1088/1099/1415 1087/1098/1414 1079/1090/1406
f 1080/1091/1407 1081/1092/1408 1089/1100/1416
f 1089/1100/1416 1088/1099/1415 1080/1091/1407
f 1081/1092/1408 1082/1093/1409 1090/1101/1417
f 1090/1101/1417 1089/1100/1416 1081/1092/1408
f 1082/1093/1409 1083/1094/1410 1091/1102/1418
f 1091/1102/1418 1090/1101/1417 1082/1093/1409
f 1083/1094/1410 1076/1088/1404 1084/1096/1412
f 1084/1096/1412 1091/1102/1418 1083/1094/1410
f 1084/1096/1412 1085/1095/1411 1093/1103/1419
f 1093/1103/1419 1092/1104/1420 1084/1096/1412
f 1085/1095/1411 1086/1097/1413 1094/1105/1421
f 1094/1105/1421 1093/1103/1419 1085/1095/1411
f 1086/1097/1413 1087/1098/1414 1095/1106/1422
f 1095/1106/1422 1094/1105/1421 1086/1097/1413
f 1087/1098/1414 1088/1099/1415 1096/1107/1423
f 1096/1107/1423 1095/1106/1422 1087/1098/1414
f 1088/1099/1415 1089/1100/1416 1097/1108/1424
f 1097/1108/1424 1096/1107/1423 1088/1099/1415
f 1089/1100/1416 1090/1101/1417 1098/1109/1425
f 1098/1109/1425 1097/1108/1424 1089/1100/1416
f 1090/1101/1417 1091/1102/1418 1099/1110/1426
f 1099/1110/1426 1098/1109/1425 1090/1101/1417
f 1091/1102/1418 1084/1096/1412 1092/1104/1420
f 1092/1104/1420 1099/1110/1426 1091/1102/1418
f 1092/1104/1420 1093/1103/1419 1101/1111/1427
f 1101/1111/1427 1100/1112/1428 1092/1104/1420
f 1093/1103/1419 1094/1105/1421 1102/1113/1429
f 1102/1113/1429 1101/1111/1427 1093/1103/1419
f 1094/1105/1421 1095/1106/1422 1103/1114/1430
f 1103/1114/1430 1102/1113/1429 1094/1105/1421
f 888/827/1431 887/826/1432 1103/1114/1430
f 1096/1107/1423 888/827/1431 1103/1114/1430
f 1095/1106/1422 1096/1107/1423 1103/1114/1430
f 1104/1115/1433 889/838/1434 888/827/1431
f 1104/1115/1433 888/827/1431 1096/1107/1423
f 1104/1115/1433 1096/1107/1423 1097/1108/1424
f 1097/1108/1424 1098/1109/1425 1105/1116/1435
f 1105/1116/1435 1104/1115/1433 1097/1108/1424
f 1098/1109/1425 1099/1110/1426 1106/1117/1436
f 1106/1117/1436 1105/1116/1435 1098/1109/1425
f 1099/1110/1426 1092/1104/1420 1100/1112/1428
f 1100/1112/1428 1106/1117/1436 1099/1110/1426
f 1101/1111/1427 892/844/1437 891/842/1438
f 1101/1111/1427 891/842/1438 890/841/1439
f 1100/1112/1428 1101/1111/1427 890/841/1439
f 1102/1113/1429 1116/1118/1440 1117/1119/1441
f 1117/1119/1441 893/845/1442 892/844/1437
f 1102/1113/1429 1117/1119/1441 892/844/1437
f 1101/1111/1427 1102/1113/1429 892/844/1437
f 1103/1114/1430 895/830/1443 894/829/1444
f 1102/1113/1429 1103/1114/1430 894/829/1444
f 894/829/1444 896/848/1445 1114/1120/1446
f 1102/1113/1429 894/829/1444 1114/1120/1446
f 897/835/1447 889/838/1434 1104/1115/1433
f 1104/1115/1433 898/836/1448 897/835/1447
f 1106/1117/1436 900/935/1449 899/936/1450
f 899/936/1450 1118/1121/1451 1119/1122/1452
f 1106/1117/1436 899/936/1450 1119/1122/1452
f 1105/1116/1435 1106/1117/1436 1119/1122/1452
f 1132/1123/1453 903/941/1454 902/939/1455
f 904/787/1456 906/940/1457 1108/1124/1458
f 1108/1124/1458 1107/1125/1459 905/788/1460
f 904/787/1456 1108/1124/1458 905/788/1460
f 1132/1123/1453 1133/1126/1461 1109/1127/1462
f 1132/1123/1453 1109/1127/1462 1108/1124/1458
f 903/941/1454 1132/1123/1453 1108/1124/1458
f 903/941/1454 1108/1124/1458 906/940/1457
f 1134/1128/1463 1109/1127/1462 1133/1126/1461
f 1110/1129/1464 909/807/1465 908/806/1466
f 908/806/1466 907/804/1467 1110/1129/1464
f 1111/1130/1468 912/814/1469 911/816/1470
f 911/816/1470 910/915/1471 1111/1130/1468
f 1111/1130/1468 910/915/1471 914/916/1472
f 914/916/1472 913/919/1473 1135/1131/1474
f 1111/1130/1468 914/916/1472 1135/1131/1474
f 1112/1132/1475 1111/1130/1468 1135/1131/1474
f 1113/1133/1476 1112/1132/1475 1136/1134/1477
f 1136/1134/1477 1137/1135/1478 916/920/1479
f 1113/1133/1476 1136/1134/1477 916/920/1479
f 915/921/1480 1113/1133/1476 916/920/1479
f 1107/1125/1459 1108/1124/1458 1029/1040/1356
f 1029/1040/1356 1028/1039/1355 1107/1125/1459
f 1108/1124/1458 1109/1127/1462 1030/1043/1359
f 1030/1043/1359 1029/1040/1356 1108/1124/1458
f 1109/1127/1462 1110/1129/1464 1031/1045/1361
f 1031/1045/1361 1030/1043/1359 1109/1127/1462
f 907/804/1467 918/803/1481 1032/1047/1363
f 1110/1129/1464 907/804/1467 1032/1047/1363
f 1110/1129/1464 1032/1047/1363 1031/1045/1361
f 918/803/1481 912/814/1469 1111/1130/1468
f 918/803/1481 1111/1130/1468 1033/1049/1365
f 918/803/1481 1033/1049/1365 1032/1047/1363
f 1111/1130/1468 1112/1132/1475 1034/1051/1367
f 1034/1051/1367 1033/1049/1365 1111/1130/1468
f 1112/1132/1475 1113/1133/1476 1035/1053/1369
f 1035/1053/1369 1034/1051/1367 1112/1132/1475
f 1113/1133/1476 1107/1125/1459 1028/1039/1355
f 1028/1039/1355 1035/1053/1369 1113/1133/1476
f 920/825/1482 895/830/1443 1103/1114/1430
f 1103/1114/1430 887/826/1432 920/825/1482
f 1105/1116/1435 1119/1122/1452 1115/1136/1483
f 1118/1121/1451 899/936/1450 921/934/1484
s 28
f 923/886/1485 862/891/1252 953/949/1235
f 953/949/1235 854/887/1237 923/886/1485
f 955/954/1243 1131/961/1261 1127/1137/1486
f 1130/960/1260 866/926/1259 924/924/1487
s 73
f 928/905/1488 1126/959/1489 863/906/1490
f 1128/957/1491 1126/959/1489 928/905/1488
f 1128/957/1491 928/905/1488 925/904/1492
f 1128/957/1491 925/904/1492 1129/958/1493
s 74
f 929/927/1494 1122/967/1495 930/928/1496
f 1121/965/1497 1120/962/1498 869/929/1499
f 1121/965/1497 869/929/1499 930/928/1496
f 1121/965/1497 930/928/1496 1122/967/1495
s 76
f 934/847/1500 1114/1120/1501 896/848/1502
f 1116/1118/1503 1114/1120/1501 934/847/1500
f 1116/1118/1503 934/847/1500 922/846/1504
f 1116/1118/1503 922/846/1504 1117/1119/1505
s 77
f 935/937/1506 1134/1128/1507 936/938/1508
f 1133/1126/1509 1132/1123/1510 902/939/1511
f 1133/1126/1509 902/939/1511 936/938/1508
f 1133/1126/1509 936/938/1508 1134/1128/1507
s 28
f 1126/959/1255 1128/957/1249 952/947/1233
f 938/869/1512 876/868/1274 960/968/1273
f 938/869/1512 960/968/1273 959/966/1271
f 929/927/1513 938/869/1512 959/966/1271
f 1122/967/1272 929/927/1513 959/966/1271
f 1123/970/1283 1124/973/1286 962/971/1284
s 50
f 1114/1120/1446 1116/1118/1440 1102/1113/1429
f 939/808/1514 909/807/1465 1110/1129/1464
f 939/808/1514 1110/1129/1464 1109/1127/1462
f 935/937/1515 939/808/1514 1109/1127/1462
f 1134/1128/1463 935/937/1515 1109/1127/1462
f 1135/1131/1474 1136/1134/1477 1112/1132/1475
f 1115/1136/1483 933/932/1516 940/837/1517
f 940/837/1517 898/836/1448 1104/1115/1433
f 940/837/1517 1104/1115/1433 1105/1116/1435
f 1115/1136/1483 940/837/1517 1105/1116/1435
s 28
f 1127/1137/1486 927/922/1518 941/898/1519
f 941/898/1519 865/897/1257 954/951/1239
f 941/898/1519 954/951/1239 955/954/1243
f 1127/1137/1486 941/898/1519 955/954/1243
s 50
f 917/800/1520 905/788/1460 1107/1125/1459
f 917/800/1520 1107/1125/1459 1113/1133/1476
f 917/800/1520 1113/1133/1476 915/921/1480
s 79
f 937/918/1521 1135/1131/1522 913/919/1523
f 1136/1134/1524 1135/1131/1522 937/918/1521
f 1136/1134/1524 937/918/1521 919/917/1525
f 1136/1134/1524 919/917/1525 1137/1135/1526
s 50
f 916/920/1479 1137/1135/1478 919/917/1527
f 893/845/1442 1117/1119/1441 922/846/1528
s 80
f 1119/1122/1529 1118/1121/1530 921/934/1531
f 1119/1122/1529 921/934/1531 932/933/1532
f 1119/1122/1529 932/933/1532 1115/1136/1533
f 933/932/1534 1115/1136/1533 932/933/1532
s 50
f 901/854/1535 900/935/1449 1106/1117/1436
f 901/854/1535 1106/1117/1436 1100/1112/1428
f 901/854/1535 1100/1112/1428 890/841/1439
s 28
f 884/862/1536 872/856/1269 957/964/1268
f 884/862/1536 957/964/1268 963/972/1285
f 884/862/1536 963/972/1285 882/914/1289
s 81
f 931/911/1537 1123/970/1538 880/912/1539
f 1124/973/1540 1123/970/1538 931/911/1537
f 1124/973/1540 931/911/1537 886/910/1541
f 1124/973/1540 886/910/1541 1125/974/1542
s 28
f 883/913/1288 1125/974/1287 886/910/1543
f 860/903/1251 1129/958/1250 925/904/1544
s 82
f 1131/961/1545 1130/960/1546 924/924/1547
f 1131/961/1545 924/924/1547 926/923/1548
f 1131/961/1545 926/923/1548 1127/1137/1549
f 927/922/1550 1127/1137/1549 926/923/1548
s 28
f 868/907/1551 867/925/1258 956/956/1245
f 868/907/1551 956/956/1245 950/945/1231
f 868/907/1551 950/945/1231 857/900/1248
g default
v -17.024401 99.898697 -168.422806
v -16.250799 94.170898 -171.522202
v -13.796900 100.686401 -174.077499
v -17.528601 106.066498 -170.594498
v -22.288900 102.876099 -165.886597
v -21.499201 95.524200 -166.459900
v -18.205299 90.086197 -176.266495
v -14.030400 101.170998 -180.613800
v -20.379200 110.324303 -174.688095
v -28.477800 104.896500 -166.678497
v -27.134300 92.388702 -167.654007
v -14.491000 94.918701 -178.687897
v -15.768800 106.814400 -177.760101
v -24.260799 109.004204 -169.569199
v -28.231300 98.461800 -165.434692
v -22.193300 89.756599 -171.070297
v -19.345900 90.966698 -182.664597
v -16.892000 97.482201 -185.219894
v -17.681700 104.834099 -184.646500
v -21.413401 110.214203 -181.163498
v -26.661699 111.567596 -176.101196
v -31.422001 108.377197 -171.393295
v -33.875900 101.861702 -168.837997
v -33.086201 94.509804 -169.411407
v -29.354500 89.129601 -172.894394
v -24.106199 87.776299 -177.956696
v -25.383900 99.671898 -177.029007
v -11.952000 106.434196 -183.282394
v -14.334100 105.946404 -184.406601
v -16.636700 104.862396 -183.570801
v -17.511101 103.817200 -181.264496
v -16.445000 103.422897 -178.838898
v -14.063000 103.910698 -177.714706
v -11.760300 104.994698 -178.550507
v -10.885900 106.040001 -180.856796
v -20.368401 110.242599 -180.087708
v -20.473200 108.087700 -178.499802
v -19.088301 107.233902 -176.371704
v -17.025000 108.181198 -174.949997
v -15.492000 110.374901 -175.067505
v -23.551201 115.131599 -172.244705
v -25.166100 114.068703 -174.098907
v -25.616800 111.595901 -175.025497
v -24.639099 109.161903 -174.481598
v -22.805901 108.192497 -172.785904
v -21.191000 109.255501 -170.931702
v -20.740299 111.728203 -170.005203
v -21.718000 114.162201 -170.549103
v -29.699900 111.010696 -166.163696
v -30.908199 110.220299 -168.419998
v -30.377001 108.405502 -170.317596
v -28.417601 106.629501 -170.744598
v -26.177700 105.932602 -169.451096
v -24.969500 106.723099 -167.194794
v -25.500601 108.537804 -165.297302
v -27.459999 110.313797 -164.870193
v -32.831001 101.889999 -167.762299
v -30.365400 101.457802 -168.716400
v -27.915899 101.317497 -167.641205
v -26.917299 101.551300 -165.166504
v -27.954500 102.022301 -162.742004
v -31.849501 93.098602 -163.603699
v -32.915600 93.492798 -166.029404
v -32.041302 94.538101 -168.335602
v -29.738600 95.622101 -169.171494
v -27.356600 96.109901 -168.047302
v -26.290501 95.715698 -165.621597
v -27.164801 94.670403 -163.315399
v -29.467501 93.586403 -162.479507
v -28.309500 89.157997 -171.818695
v -26.776501 91.351601 -171.936203
v -24.713301 92.298897 -170.514404
v -23.328400 91.445099 -168.386307
v -23.433100 89.290199 -166.798401
v -20.250299 84.401199 -174.641403
v -22.083599 85.370598 -176.337097
v -23.061199 87.804604 -176.880997
v -22.610600 90.277298 -175.954407
v -20.995701 91.340302 -174.100204
v -19.162500 90.370903 -172.404495
v -18.184799 87.936897 -171.860703
v -18.635401 85.464203 -172.787201
v -14.101700 88.522102 -180.722504
v -16.341600 89.219002 -182.016006
v -18.301001 90.995003 -181.588898
v -18.832100 92.809799 -179.691406
v -17.623800 93.600197 -177.434998
v -15.384000 92.903297 -176.141495
v -13.424600 91.127296 -176.568604
v -12.893400 89.312500 -178.466095
v -15.847000 97.510498 -184.144104
v -16.884300 97.981499 -181.719696
v -15.885600 98.215302 -179.244995
v -13.436100 98.074997 -178.169800
v -10.970600 97.642799 -179.123901
v -11.958400 94.421799 -183.068298
v -11.900800 94.365601 -183.014206
v -11.849900 94.424698 -182.956604
v -11.601300 103.169403 -183.537003
v -13.962600 102.488403 -184.676300
v -14.833600 102.829102 -184.332306
v -15.246400 102.544899 -184.185806
v -15.065500 97.373497 -184.446594
v -14.599500 96.251099 -184.386307
v -15.759900 98.465500 -184.141800
v -10.446500 95.809502 -181.014099
v -10.658800 96.357903 -180.329300
v -11.043900 102.658897 -179.859299
v -10.892800 102.935997 -180.275299
v -10.514500 102.581902 -181.126404
v -30.448400 92.075401 -169.714996
v -31.017900 91.974701 -168.587708
v -31.160400 90.962196 -167.667694
v -30.192400 90.709396 -165.150497
v -31.221500 91.845703 -168.124496
v -25.042601 85.652603 -170.128006
v -27.316900 86.720100 -171.289200
v -27.591801 87.543503 -171.536896
v -23.650999 87.650398 -167.479904
v -23.868799 86.813698 -167.739395
v -24.934099 85.655502 -170.016296
v -24.055300 89.841797 -166.320694
v -23.919100 88.594902 -166.761200
v -27.280800 91.952499 -164.067596
v -26.815399 92.088600 -164.261200
v -27.712200 91.055801 -164.117798
v -24.957300 85.614899 -170.101303
v -25.674801 92.204903 -164.800705
v -31.951700 105.108101 -163.929596
v -31.900700 105.167297 -163.871994
v -31.843100 105.111000 -163.817795
v -32.200199 96.363403 -163.349106
v -33.287102 96.950897 -165.759705
v -32.908798 96.596802 -166.610794
v -32.757702 96.873901 -167.026794
v -33.159698 102.039299 -166.993805
v -33.142799 103.174896 -166.556793
v -32.806099 100.938103 -167.649200
v -29.907000 103.816902 -162.322205
v -29.202000 103.281799 -162.499802
v -28.555201 96.987900 -162.700394
v -28.968000 96.703697 -162.553802
v -29.838900 97.044403 -162.209793
v -18.126699 107.327904 -182.085403
v -16.986200 107.444199 -182.624893
v -16.089300 108.476997 -182.768295
v -13.609200 108.823402 -181.735703
v -16.520800 107.580299 -182.818604
v -18.867500 113.877296 -176.869904
v -19.932800 112.719200 -179.146805
v -20.150499 111.882401 -179.406204
v -16.209801 111.989304 -175.349197
v -16.484600 112.812698 -175.596893
v -18.758900 113.880203 -176.758102
v -14.981900 109.820198 -175.660507
v -15.458800 111.057899 -175.570801
v -12.580000 107.687202 -178.761597
v -12.783700 107.558197 -178.298401
v -12.641200 108.570602 -179.218506
v -18.844299 113.917900 -176.784897
v -13.353200 107.457397 -177.171097
v -33.355099 103.723297 -165.871994
v -27.681200 97.854599 -163.000702
v -32.454700 97.725098 -167.915100
v -13.894600 95.716003 -184.563995
v -11.346900 101.807701 -178.971100
v -16.120399 101.678200 -183.885406
v -10.967800 98.885201 -179.356796
v -10.995500 98.594704 -179.236893
v -15.646900 98.758301 -184.173996
v -28.819700 89.712601 -171.225693
v -28.987600 89.817101 -170.979904
v -24.308500 89.944000 -166.162796
v -28.154600 100.774597 -162.712204
v -28.041700 101.067398 -162.744293
v -32.833801 100.647697 -167.529404
v -19.746300 109.691002 -180.565399
v -19.493099 109.588799 -180.723404
v -14.813900 109.715698 -175.906204
v -28.342699 88.474899 -171.315308
v -19.882500 110.937897 -180.125000
v -28.736000 102.159302 -162.439606
v -10.641800 97.493500 -179.892395
v -4.897900 94.401604 -189.817398
v -7.620200 93.844200 -191.102203
v -10.251800 92.605301 -190.147003
v -11.251100 91.410797 -187.511307
v -10.032700 90.960197 -184.739105
v -7.310400 91.517601 -183.454300
v -4.678800 92.756500 -184.409500
v -3.679500 93.951103 -187.045197
v -8.156600 100.341904 -186.808594
v -10.678000 99.418198 -188.278900
v -12.824500 97.294998 -187.771606
v -13.338700 95.216103 -185.583801
v -9.397900 95.322998 -181.526794
v -7.251500 97.446198 -182.034103
v -6.737300 99.525101 -184.221893
v -30.690500 85.239403 -164.522507
v -31.822399 85.246902 -167.367004
v -30.614401 85.372002 -170.177307
v -27.774099 85.541298 -171.307098
v -23.833300 85.648201 -167.250107
v -25.041401 85.523102 -164.439804
v -27.881701 85.353798 -163.309998
v -29.288401 78.054802 -165.695206
v -30.506701 78.505402 -168.467407
v -29.507500 79.699997 -171.103104
v -26.875900 80.938797 -172.058304
v -24.153500 81.496201 -170.773499
v -22.935101 81.045700 -168.001297
v -23.934401 79.851097 -165.365601
v -26.566000 78.612198 -164.410400
v -26.029600 72.114601 -168.703995
v -27.448900 72.931396 -171.290695
v -26.934799 75.010300 -173.478500
v -24.788300 77.133499 -173.985794
v -22.266899 78.057198 -172.515503
v -20.847500 77.240303 -169.928802
v -21.361700 75.161499 -167.740997
v -23.508200 73.038300 -167.233704
v -21.410400 68.322998 -173.091003
v -23.114500 69.373596 -175.407196
v -23.288000 72.016998 -176.941895
v -21.829201 74.704597 -176.796204
v -19.592600 75.862099 -175.055298
v -17.888399 74.811401 -172.739197
v -17.714899 72.168098 -171.204498
v -19.173800 69.480499 -171.350204
v -16.133900 67.257401 -178.188202
v -18.163401 68.373703 -180.190094
v -19.122299 71.175697 -180.966003
v -18.448999 74.021896 -180.061493
v -16.537800 75.245102 -178.006393
v -14.508200 74.128799 -176.004501
v -13.549300 71.326797 -175.228607
v -14.222600 68.480598 -176.133102
v -11.003400 69.079903 -183.219696
v -13.349300 70.083801 -184.911301
v -15.072000 72.614502 -184.938202
v -15.162300 75.189400 -183.284698
v -13.567500 76.300201 -180.919296
v -11.221600 75.296303 -179.227707
v -9.498900 72.765602 -179.200806
v -9.408500 70.190697 -180.854294
v -6.800000 73.513000 -187.419403
v -9.405100 74.243599 -188.852097
v -11.753500 76.114304 -188.253799
v -12.469600 78.029297 -185.975098
v -11.134000 78.866798 -183.350800
v -8.528900 78.136200 -181.918106
v -6.180500 76.265503 -182.516403
v -5.464300 74.350502 -184.795105
v -4.163700 79.882004 -190.147995
v -6.931300 80.219902 -191.412399
v -9.672200 81.142502 -190.408005
v -10.780800 82.109299 -187.723099
v -9.607700 82.554100 -184.930496
v -6.840000 82.216202 -183.666107
v -4.099100 81.293602 -184.670502
v -2.990600 80.326797 -187.355499
v -3.495700 87.217102 -190.990097
v -6.304500 87.102699 -192.202606
v -9.144900 86.933296 -191.072800
v -10.352900 86.808296 -188.262497
v -9.220900 86.800697 -185.417999
v -6.412100 86.915199 -184.205505
v -3.571800 87.084503 -185.335297
v -2.363800 87.209602 -188.145599
v -14.513200 121.477997 -181.190994
v -17.235600 120.920601 -182.475800
v -19.867201 119.681702 -181.520493
v -20.866400 118.487099 -178.884796
v -19.648001 118.036598 -176.112595
v -16.925699 118.594002 -174.827805
v -14.294100 119.832901 -175.783096
v -13.294800 121.027496 -178.418793
v -17.771900 127.418198 -178.182098
v -20.293400 126.494499 -179.652405
v -22.439800 124.371399 -179.145096
v -22.954000 122.292503 -176.957306
v -21.534700 121.475700 -174.370605
v -19.013300 122.399399 -172.900299
v -16.866800 124.522499 -173.407700
v -16.352600 126.601402 -175.595505
v -22.391199 131.209793 -173.795105
v -24.627800 130.052307 -175.535995
v -26.086599 127.364700 -175.681702
v -25.913099 124.721397 -174.147003
v -24.209000 123.670799 -171.830795
v -21.972401 124.828300 -170.089996
v -20.513599 127.515900 -169.944199
v -20.687000 130.159195 -171.479004
v -27.667700 132.275497 -168.697906
v -29.578899 131.052200 -170.753006
v -30.252300 128.205994 -171.657593
v -29.293301 125.404099 -170.881607
v -27.263800 124.287697 -168.879807
v -25.352600 125.510902 -166.824600
v -24.679199 128.357193 -165.920105
v -25.638201 131.159103 -166.695999
v -32.798199 130.453003 -163.666397
v -34.393002 129.342102 -166.031799
v -34.302700 126.767197 -167.685303
v -32.580002 124.236504 -167.658401
v -30.234100 123.232597 -165.966797
v -28.639200 124.343399 -163.601395
v -28.729601 126.918404 -161.947906
v -30.452299 129.449005 -161.974792
v -37.001499 126.019798 -159.466705
v -38.337200 125.182297 -162.091003
v -37.621101 123.267303 -164.369797
v -35.272701 121.396599 -164.968002
v -32.667599 120.666000 -163.535400
v -31.331900 121.503502 -160.911102
v -32.048000 123.418503 -158.632294
v -34.396500 125.289200 -158.034103
v -39.637901 119.650803 -156.738098
v -40.811001 119.206100 -159.530701
v -39.702400 118.239197 -162.215607
v -36.961498 117.316597 -163.220093
v -34.193901 116.978699 -161.955704
v -33.020802 117.423500 -159.163101
v -34.129398 118.390404 -156.478195
v -36.870300 119.313004 -155.473694
v -40.305801 112.315697 -155.895996
v -41.437801 112.323303 -158.740601
v -40.229698 112.448303 -161.550797
v -37.389400 112.617699 -162.680603
v -34.580601 112.732101 -161.468201
v -33.448700 112.724602 -158.623703
v -34.656700 112.599503 -155.813400
v -37.497002 112.430199 -154.683594
v -38.903702 105.131203 -157.068695
v -40.122101 105.581703 -159.840897
v -39.122799 106.776299 -162.476593
v -36.491199 108.015198 -163.431900
v -33.768902 108.572601 -162.147095
v -32.550499 108.122101 -159.374893
v -33.549801 106.927498 -156.739197
v -36.181400 105.688599 -155.783905
v -35.645000 99.190903 -160.077606
v -37.064301 100.007797 -162.664200
v -36.550098 102.086700 -164.852005
v -34.403599 104.209801 -165.359406
v -30.462900 104.316704 -161.302399
v -30.977100 102.237801 -159.114594
v -33.123501 100.114700 -158.607300
v -13.111100 114.293503 -182.363602
v -15.919900 114.179001 -183.576096
v -18.760201 114.009697 -182.446304
v -19.968201 113.884598 -179.636002
v -16.027500 113.991501 -175.578995
v -13.187200 114.160896 -176.708893
v -11.979200 114.285896 -179.519104
v -32.965698 100.644096 -167.665207
v -28.022699 100.778198 -162.576401
v -33.076401 99.235397 -168.151093
v -32.877701 98.703003 -168.088806
v -27.545700 98.847603 -162.599503
v -27.503401 99.386497 -162.413605
v -30.250799 91.305603 -170.445602
v -30.112101 90.888000 -170.810501
v -29.119600 89.813599 -171.115799
v -24.176600 89.947601 -166.026901
v -24.539101 91.039200 -165.073105
v -24.918699 91.450203 -164.956299
v -15.778900 98.754700 -184.309799
v -10.835900 98.888702 -179.220993
v -16.298201 100.146301 -184.472504
v -16.255899 100.685204 -184.286606
v -10.923800 100.829803 -178.797302
v -10.725200 100.297401 -178.735107
v -18.882799 108.082603 -181.929794
v -19.262501 108.493599 -181.813095
v -19.625000 109.585197 -180.859207
v -14.682000 109.719299 -175.770401
v -13.689500 108.644798 -176.075607
v -13.550800 108.227203 -176.440506
vt 0.500000 0.500000
vt 0.590100 0.500000
vt 0.527900 0.585700
vt 0.427100 0.553000
vt 0.427100 0.447000
vt 0.527900 0.414300
vt 0.618000 0.585700
vt 0.454900 0.638700
vt 0.354200 0.500000
vt 0.454900 0.361300
vt 0.618000 0.414300
vt 0.653300 0.500000
vt 0.547400 0.645800
vt 0.376000 0.590100
vt 0.376000 0.409900
vt 0.547400 0.354200
vt 0.663000 0.553000
vt 0.600800 0.638700
vt 0.500000 0.671400
vt 0.399200 0.638700
vt 0.337000 0.553000
vt 0.337000 0.447000
vt 0.399200 0.361300
vt 0.500000 0.328600
vt 0.600800 0.361300
vt 0.663000 0.447000
vt 0.500000 0.500000
vt 0.500000 0.706800
vt 0.452600 0.691400
vt 0.455300 0.706900
vt 0.500000 0.721400
vt 0.500000 0.671400
vt 0.500000 0.636100
vt 0.420000 0.610100
vt 0.399200 0.638700
vt 0.500000 0.621400
vt 0.428600 0.598200
vt 0.500000 0.636100
vt 0.420000 0.610100
vt 0.500000 0.671400
vt 0.399200 0.638700
vt 0.452600 0.691400
vt 0.500000 0.706800
vt 0.289400 0.568400
vt 0.345300 0.645300
vt 0.346000 0.645600
vt 0.303300 0.563900
vt 0.365400 0.649400
vt 0.376300 0.644600
vt 0.392600 0.647800
vt 0.337000 0.553000
vt 0.370600 0.542000
vt 0.384500 0.537500
vt 0.370600 0.542000
vt 0.337000 0.553000
vt 0.346000 0.645600
vt 0.303300 0.563900
vt 0.365400 0.649400
vt 0.303300 0.436100
vt 0.289400 0.431600
vt 0.337000 0.447000
vt 0.370600 0.458000
vt 0.384500 0.462500
vt 0.370600 0.458000
vt 0.337000 0.447000
vt 0.303300 0.436100
vt 0.365400 0.350600
vt 0.346000 0.354400
vt 0.345300 0.354700
vt 0.399200 0.361300
vt 0.392600 0.352200
vt 0.376300 0.355400
vt 0.420000 0.389900
vt 0.428600 0.401800
vt 0.420000 0.389900
vt 0.399200 0.361300
vt 0.365400 0.350600
vt 0.376300 0.355400
vt 0.392600 0.352200
vt 0.346000 0.354400
vt 0.500000 0.293200
vt 0.500000 0.278600
vt 0.455300 0.293100
vt 0.452600 0.308600
vt 0.500000 0.328600
vt 0.462400 0.317600
vt 0.461200 0.324500
vt 0.455300 0.340600
vt 0.414300 0.351500
vt 0.411200 0.354700
vt 0.500000 0.363900
vt 0.500000 0.378600
vt 0.500000 0.363900
vt 0.500000 0.328600
vt 0.500000 0.293200
vt 0.452600 0.308600
vt 0.547400 0.308600
vt 0.544700 0.293100
vt 0.580000 0.389900
vt 0.600800 0.361300
vt 0.571400 0.401800
vt 0.580000 0.389900
vt 0.600800 0.361300
vt 0.547400 0.308600
vt 0.710600 0.431600
vt 0.654700 0.354700
vt 0.654000 0.354400
vt 0.696700 0.436100
vt 0.634600 0.350600
vt 0.623700 0.355400
vt 0.607400 0.352200
vt 0.663000 0.447000
vt 0.629400 0.458000
vt 0.615500 0.462500
vt 0.629400 0.458000
vt 0.663000 0.447000
vt 0.654000 0.354400
vt 0.696700 0.436100
vt 0.634600 0.350600
vt 0.696700 0.563900
vt 0.710600 0.568400
vt 0.663000 0.553000
vt 0.629400 0.542000
vt 0.615500 0.537500
vt 0.629400 0.542000
vt 0.663000 0.553000
vt 0.696700 0.563900
vt 0.634600 0.649400
vt 0.654000 0.645600
vt 0.654700 0.645300
vt 0.600800 0.638700
vt 0.607400 0.647800
vt 0.623700 0.644600
vt 0.580000 0.610100
vt 0.571400 0.598200
vt 0.580000 0.610100
vt 0.600800 0.638700
vt 0.634600 0.649400
vt 0.623700 0.644600
vt 0.607400 0.647800
vt 0.654000 0.645600
vt 0.544700 0.706900
vt 0.547400 0.691400
vt 0.537600 0.682400
vt 0.538800 0.675500
vt 0.544700 0.659400
vt 0.585700 0.648500
vt 0.588800 0.645300
vt 0.547400 0.691400
vt 0.623700 0.355400
vt 0.607400 0.352200
vt 0.544700 0.340600
vt 0.585700 0.351500
vt 0.588800 0.354700
vt 0.538800 0.324500
vt 0.537600 0.317600
vt 0.376300 0.644600
vt 0.392600 0.647800
vt 0.455300 0.659400
vt 0.414300 0.648500
vt 0.411200 0.645300
vt 0.461200 0.675500
vt 0.462400 0.682400
vt 0.588800 0.645300
vt 0.585700 0.648500
vt 0.544700 0.659400
vt 0.537600 0.682400
vt 0.538800 0.675500
vt 0.588800 0.354700
vt 0.585700 0.351500
vt 0.544700 0.340600
vt 0.537600 0.317600
vt 0.538800 0.324500
vt 0.411200 0.354700
vt 0.414300 0.351500
vt 0.455300 0.340600
vt 0.462400 0.317600
vt 0.461200 0.324500
vt 0.411200 0.645300
vt 0.414300 0.648500
vt 0.455300 0.659400
vt 0.462400 0.682400
vt 0.461200 0.675500
vt 0.714300 0.771400
vt 0.714300 0.754700
vt 0.616800 0.735300
vt 0.610400 0.750800
vt 0.714300 0.714300
vt 0.632300 0.698000
vt 0.714300 0.673900
vt 0.647700 0.660600
vt 0.714300 0.657100
vt 0.647700 0.660600
vt 0.714300 0.673900
vt 0.714300 0.714300
vt 0.632300 0.698000
vt 0.714300 0.754700
vt 0.616800 0.735300
vt 0.566100 0.653700
vt 0.558500 0.655700
vt 0.585700 0.648500
vt 0.558500 0.655700
vt 0.566100 0.653700
vt 0.558500 0.344300
vt 0.616800 0.264700
vt 0.610400 0.249200
vt 0.566100 0.346300
vt 0.632300 0.302000
vt 0.585700 0.351500
vt 0.647700 0.339400
vt 0.647700 0.339400
vt 0.585700 0.351500
vt 0.632300 0.302000
vt 0.616800 0.264700
vt 0.566100 0.346300
vt 0.558500 0.344300
vt 0.714300 0.245300
vt 0.714300 0.228600
vt 0.714300 0.285700
vt 0.714300 0.326100
vt 0.714300 0.342900
vt 0.714300 0.326100
vt 0.714300 0.285700
vt 0.714300 0.245300
vt 0.811800 0.264700
vt 0.818200 0.249200
vt 0.796300 0.302000
vt 0.780800 0.339400
vt 0.774400 0.354800
vt 0.780800 0.339400
vt 0.796300 0.302000
vt 0.811800 0.264700
vt 0.894400 0.319900
vt 0.906200 0.308100
vt 0.865800 0.348500
vt 0.837200 0.377000
vt 0.825400 0.388900
vt 0.837200 0.377000
vt 0.865800 0.348500
vt 0.894400 0.319900
vt 0.949600 0.402500
vt 0.965100 0.396100
vt 0.912300 0.418000
vt 0.874900 0.433500
vt 0.859500 0.439900
vt 0.874900 0.433500
vt 0.912300 0.418000
vt 0.949600 0.402500
vt 0.969000 0.500000
vt 0.985700 0.500000
vt 0.928600 0.500000
vt 0.888200 0.500000
vt 0.871400 0.500000
vt 0.888200 0.500000
vt 0.928600 0.500000
vt 0.969000 0.500000
vt 0.949600 0.597500
vt 0.965100 0.603900
vt 0.912300 0.582000
vt 0.874900 0.566500
vt 0.859500 0.560100
vt 0.874900 0.566500
vt 0.912300 0.582000
vt 0.949600 0.597500
vt 0.894400 0.680100
vt 0.906200 0.691900
vt 0.865800 0.651500
vt 0.837200 0.623000
vt 0.825400 0.611100
vt 0.837200 0.623000
vt 0.865800 0.651500
vt 0.894400 0.680100
vt 0.811800 0.735300
vt 0.818200 0.750800
vt 0.796300 0.698000
vt 0.780800 0.660600
vt 0.774400 0.645200
vt 0.780800 0.660600
vt 0.796300 0.698000
vt 0.811800 0.735300
vt 0.285700 0.771400
vt 0.285700 0.754700
vt 0.188200 0.735300
vt 0.181800 0.750800
vt 0.285700 0.714300
vt 0.203700 0.698000
vt 0.285700 0.673900
vt 0.219200 0.660600
vt 0.285700 0.657100
vt 0.225600 0.645200
vt 0.285700 0.673900
vt 0.219200 0.660600
vt 0.285700 0.714300
vt 0.203700 0.698000
vt 0.285700 0.754700
vt 0.188200 0.735300
vt 0.105600 0.680100
vt 0.093800 0.691900
vt 0.134200 0.651500
vt 0.162800 0.623000
vt 0.174600 0.611100
vt 0.162800 0.623000
vt 0.134200 0.651500
vt 0.105600 0.680100
vt 0.050400 0.597500
vt 0.034900 0.603900
vt 0.087700 0.582000
vt 0.125100 0.566500
vt 0.140500 0.560100
vt 0.125100 0.566500
vt 0.087700 0.582000
vt 0.050400 0.597500
vt 0.031000 0.500000
vt 0.014300 0.500000
vt 0.071400 0.500000
vt 0.111800 0.500000
vt 0.128600 0.500000
vt 0.111800 0.500000
vt 0.071400 0.500000
vt 0.031000 0.500000
vt 0.050400 0.402500
vt 0.034900 0.396100
vt 0.087700 0.418000
vt 0.125100 0.433500
vt 0.140500 0.439900
vt 0.125100 0.433500
vt 0.087700 0.418000
vt 0.050400 0.402500
vt 0.105600 0.319900
vt 0.093800 0.308100
vt 0.134200 0.348500
vt 0.162800 0.377000
vt 0.174600 0.388900
vt 0.162800 0.377000
vt 0.134200 0.348500
vt 0.105600 0.319900
vt 0.188200 0.264700
vt 0.181800 0.249200
vt 0.203700 0.302000
vt 0.219200 0.339400
vt 0.225600 0.354800
vt 0.219200 0.339400
vt 0.203700 0.302000
vt 0.188200 0.264700
vt 0.285700 0.245300
vt 0.285700 0.228600
vt 0.285700 0.285700
vt 0.285700 0.326100
vt 0.285700 0.342900
vt 0.285700 0.326100
vt 0.285700 0.285700
vt 0.285700 0.245300
vt 0.383200 0.264700
vt 0.389600 0.249200
vt 0.367700 0.302000
vt 0.352300 0.339400
vt 0.352300 0.339400
vt 0.367700 0.302000
vt 0.383200 0.264700
vt 0.433900 0.346300
vt 0.441500 0.344300
vt 0.414300 0.351500
vt 0.441500 0.344300
vt 0.433900 0.346300
vt 0.441500 0.655700
vt 0.383200 0.735300
vt 0.389600 0.750800
vt 0.433900 0.653700
vt 0.367700 0.698000
vt 0.414300 0.648500
vt 0.352300 0.660600
vt 0.352300 0.660600
vt 0.414300 0.648500
vt 0.367700 0.698000
vt 0.383200 0.735300
vt 0.433900 0.653700
vt 0.441500 0.655700
vt 0.414300 0.351500
vt 0.585700 0.648500
vn 0.696627 0.018901 0.717184
vn 0.761092 -0.458419 0.458901
vn 0.965586 0.084539 0.245963
vn 0.654611 0.532880 0.536213
vn 0.257924 0.267014 0.928536
vn 0.323729 -0.345641 0.880756
vn 0.907740 -0.396101 -0.138245
vn 0.801259 0.595207 -0.060930
vn 0.093601 0.777683 0.621650
vn -0.237280 -0.100843 0.966193
vn 0.265887 -0.826278 0.496557
vn 0.598213 -0.798814 0.063540
vn 0.946123 0.124927 -0.298738
vn 0.417063 0.887697 0.195070
vn -0.257819 0.435373 0.862543
vn -0.145864 -0.606937 0.781250
vn 0.649316 -0.697888 -0.302226
vn 0.843963 -0.181075 -0.504914
vn 0.778288 0.430368 -0.457222
vn 0.482290 0.857120 -0.180947
vn 0.045805 0.969675 0.240069
vn -0.331782 0.716609 0.613508
vn -0.535861 0.174730 0.826028
vn -0.473222 -0.408421 0.780547
vn -0.162866 -0.855871 0.490876
vn 0.253424 -0.963222 0.089326
vn -0.696629 -0.018897 -0.717183
vn -0.696630 -0.018895 -0.717182
vn -0.696631 -0.018896 -0.717181
vn -0.696631 -0.018897 -0.717181
vn -0.696630 -0.018895 -0.717182
vn -0.696632 -0.018895 -0.717180
vn -0.696631 -0.018893 -0.717181
vn -0.696630 -0.018896 -0.717182
vn -0.696632 -0.018896 -0.717180
vn -0.696632 -0.018895 -0.717180
vn -0.696633 -0.018897 -0.717179
vn -0.056620 0.319198 -0.945995
vn -0.115781 0.481965 -0.868507
vn 0.511385 0.688031 -0.514878
vn 0.641849 0.430179 -0.634805
vn -0.537364 0.029076 -0.842849
vn -0.936548 -0.342647 -0.073971
vn -0.708782 -0.644290 -0.287261
vn -0.637203 0.055681 -0.768682
vn -0.641853 -0.430179 0.634800
vn -0.330878 -0.878527 0.344544
vn 0.035925 -0.260957 0.964682
vn 0.244513 -0.588411 0.770705
vn 0.805086 0.125521 0.579725
vn 0.702627 0.079924 0.707056
vn 0.851733 0.508218 0.127541
vn 0.946711 0.315405 0.065262
vn -0.114451 0.993425 0.002722
vn 0.117961 0.983027 -0.140513
vn -0.145629 0.907674 -0.393600
vn -0.549134 0.685983 -0.477367
vn -0.474846 0.592535 -0.650710
vn -0.591591 0.375174 -0.713627
vn -0.517048 0.318716 -0.794406
vn -0.659759 0.047102 -0.750000
vn -0.399726 -0.704976 -0.585857
vn 0.106496 -0.991304 -0.077302
vn 0.549135 -0.685976 0.477376
vn 0.681959 0.120898 0.721329
vn 0.365142 0.921522 0.132168
vn 0.339690 0.797876 0.498000
vn 0.620634 0.622256 0.477085
vn -0.850000 0.512667 -0.121131
vn -0.484265 0.692665 0.534511
vn -0.715186 0.037189 -0.697944
vn -0.127430 -0.501521 -0.855709
vn 0.503183 -0.725434 -0.469630
vn 0.833460 -0.516369 0.196741
vn 0.635193 0.022062 0.772038
vn 0.127438 0.501520 0.855709
vn -0.941817 0.330331 -0.062142
vn -0.847570 0.437185 0.300822
vn -0.636417 0.477339 0.605905
vn -0.734859 0.010760 -0.678135
vn -0.914454 0.052321 -0.401293
vn -0.892887 0.173264 -0.415610
vn 0.004099 -0.111644 -0.993740
vn 0.707667 -0.182482 -0.682574
vn 0.988865 -0.144402 0.035985
vn 0.615743 0.004674 0.787933
vn 0.154382 0.309811 0.938181
vn 0.384495 0.207912 0.899409
vn 0.372808 0.087241 0.923798
vn -0.336884 0.451040 0.826482
vn -0.935185 -0.346113 -0.075066
vn -0.641856 -0.430178 0.634797
vn -0.709487 -0.130227 0.692581
vn -0.986119 -0.095338 -0.135940
vn -0.825596 -0.066021 -0.560385
vn -0.921973 -0.069309 -0.381002
vn -0.921980 -0.069306 -0.380984
vn -0.921923 -0.069292 -0.381126
vn -0.921925 -0.069286 -0.381122
vn -0.921967 -0.069317 -0.381015
vn -0.055381 0.315739 -0.947228
vn 0.641855 0.430170 -0.634804
vn 0.956004 0.287860 0.056510
vn 0.558908 -0.088525 0.824491
vn 0.045692 -0.288484 0.956394
vn -0.026720 -0.080587 0.996389
vn -0.851760 -0.508155 -0.127609
vn -0.511393 -0.688027 0.514874
vn -0.283147 0.617388 -0.733935
vn -0.747863 -0.093212 -0.657277
vn 0.330883 0.878525 -0.344544
vn 0.747422 0.615319 0.250486
vn 0.687933 -0.042195 0.724547
vn 0.115832 -0.481929 0.868520
vn 0.032199 -0.995650 -0.087437
vn -0.118150 -0.983042 0.140247
vn -0.365261 -0.921446 -0.132370
vn -0.442796 -0.712881 -0.543813
vn -0.620628 -0.622269 -0.477077
vn -0.685807 -0.409848 -0.601410
vn -0.770213 -0.353677 -0.530740
vn -0.728773 -0.084773 -0.679488
vn -0.592205 0.678068 -0.435337
vn -0.106482 0.991305 0.077308
vn 0.442795 0.712879 0.543817
vn 0.703894 -0.083322 0.705401
vn 0.145656 -0.907648 0.393648
vn 0.508632 -0.774858 0.375352
vn 0.474835 -0.592568 0.650688
vn -0.082559 -0.537954 -0.838921
vn 0.566512 -0.690435 -0.449849
vn -0.675383 -0.074900 -0.733654
vn -0.864499 0.474616 -0.165474
vn -0.503169 0.725439 0.469638
vn 0.158480 0.543286 0.824454
vn 0.753338 0.015597 0.657449
vn 0.864500 -0.474607 0.165495
vn -0.025744 -0.356566 -0.933915
vn 0.336872 -0.450976 -0.826522
vn 0.636527 -0.477296 -0.605823
vn -0.655750 -0.048505 -0.753418
vn -0.372873 -0.087316 -0.923765
vn -0.384527 -0.207920 -0.899394
vn -0.996025 0.084739 -0.027458
vn -0.707657 0.182482 0.682584
vn 0.003069 0.171313 0.985212
vn 0.769339 0.032882 0.637994
vn 0.941069 -0.280079 0.189594
vn 0.892866 -0.173293 0.415643
vn 0.914405 -0.052376 0.401398
vn 0.847616 -0.437188 -0.300688
vn 0.709484 0.130221 -0.692586
vn -0.109325 0.065632 -0.991837
vn -0.355366 0.034711 -0.934083
vn -0.355414 0.034672 -0.934066
vn -0.355570 0.034647 -0.934007
vn -0.355919 0.034608 -0.933876
vn -0.355493 0.034656 -0.934036
vn 0.994280 0.106809 -0.000301
vn 0.591531 -0.375237 0.713644
vn 0.516861 -0.318784 0.794501
vn 0.434491 -0.257402 0.863112
vn 0.434295 -0.257528 0.863173
vn 0.434462 -0.257424 0.863119
vn 0.434413 -0.257410 0.863149
vn 0.434453 -0.257405 0.863130
vn 0.685789 0.409841 0.601435
vn 0.770235 0.353644 0.530730
vn 0.842853 0.291919 0.452087
vn 0.842804 0.291893 0.452193
vn 0.842878 0.291978 0.452002
vn 0.842869 0.292046 0.451974
vn 0.842883 0.292063 0.451938
vn 0.921984 0.069335 0.380971
vn 0.921972 0.069331 0.381001
vn 0.921991 0.069330 0.380954
vn 0.921981 0.069305 0.380982
vn 0.921982 0.069297 0.380982
vn -0.842879 -0.292112 -0.451914
vn -0.842953 -0.292396 -0.451591
vn -0.842884 -0.292054 -0.451942
vn -0.842883 -0.292083 -0.451926
vn -0.842889 -0.292107 -0.451899
vn 0.355362 -0.034681 0.934085
vn 0.355483 -0.034668 0.934040
vn 0.355378 -0.034677 0.934079
vn 0.355430 -0.034652 0.934061
vn 0.355401 -0.034636 0.934072
vn -0.434640 0.257278 -0.863074
vn -0.434651 0.257188 -0.863095
vn -0.434554 0.257344 -0.863097
vn -0.434460 0.257406 -0.863126
vn -0.434502 0.257382 -0.863112
vn 0.641858 0.430180 -0.634794
vn -0.035283 0.272638 -0.961470
vn -0.030295 0.615584 -0.787489
vn 0.561209 0.738424 -0.373864
vn -0.687564 -0.043663 -0.724810
vn -0.669290 0.009156 -0.742945
vn -0.951470 -0.276657 -0.134781
vn -0.829133 -0.545477 -0.122449
vn -0.566643 -0.598507 0.566309
vn -0.700881 -0.693792 0.165583
vn -0.672523 -0.455961 0.582934
vn 0.068756 -0.553907 0.829735
vn -0.167444 -0.679550 0.714265
vn 0.035282 -0.272633 0.961471
vn 0.687562 0.043666 0.724812
vn 0.609931 -0.118975 0.783472
vn 0.940266 0.333894 0.066447
vn 0.818108 0.504524 0.275961
vn -0.382319 0.460887 -0.800884
vn 0.067271 0.788833 -0.610916
vn 0.258924 0.848805 -0.460965
vn -0.696642 -0.018891 -0.717170
vn -0.530379 0.330233 -0.780797
vn -0.556652 0.343210 -0.756536
vn -0.742383 -0.624931 -0.241514
vn -0.780132 -0.351681 -0.517411
vn -0.780187 -0.351736 -0.517290
vn -0.780128 -0.351675 -0.517422
vn -0.067301 -0.788841 0.610902
vn 0.236022 -0.598392 0.765651
vn 0.742383 0.624906 0.241579
vn 0.755974 0.365069 0.543349
vn 0.730692 0.378047 0.568480
vn 0.755134 0.195956 0.625599
vn -0.911997 0.074441 -0.403387
vn -0.909504 0.086431 -0.406611
vn -0.884159 0.181577 -0.430456
vn -0.921608 0.126062 0.367080
vn -0.995925 0.089077 -0.014065
vn -0.998066 0.003967 -0.062039
vn -0.715662 -0.052044 0.696505
vn -0.798799 0.139912 0.585103
vn -0.696611 -0.018891 -0.717200
vn -0.591712 -0.020654 -0.805885
vn -0.364876 -0.073330 -0.928164
vn 0.070219 0.014409 -0.997428
vn 0.017438 -0.115577 -0.993146
vn 0.397142 -0.140272 -0.906974
vn 0.390670 0.101814 -0.914883
vn 0.997211 0.039824 0.063123
vn 0.927738 0.055479 -0.369087
vn 0.921606 -0.126039 -0.367093
vn 0.995926 -0.089051 0.014169
vn 0.918671 -0.038501 0.393142
vn 0.918674 -0.038545 0.393131
vn 0.918672 -0.038506 0.393140
vn 0.697741 -0.008520 0.716300
vn -0.011667 -0.002585 0.999929
vn 0.534528 0.048132 0.843779
vn 0.383166 0.145177 0.912199
vn 0.374219 0.109287 0.920878
vn -0.017565 0.115623 0.993138
vn -0.952506 -0.299426 -0.055469
vn -0.641866 -0.430180 0.634786
vn -0.705168 0.005890 -0.709016
vn -0.047528 0.307105 -0.950488
vn 0.816806 0.244756 -0.522420
vn 0.608396 0.402551 -0.683964
vn 0.952506 0.299425 0.055466
vn 0.705158 -0.005892 0.709026
vn 0.047529 -0.307103 0.950489
vn -0.835820 -0.524283 -0.162886
vn -0.470345 -0.742822 0.476436
vn -0.711245 -0.000523 -0.702944
vn -0.172662 0.523055 -0.834627
vn 0.470343 0.742826 -0.476431
vn 0.835820 0.524284 0.162882
vn 0.711241 0.000513 0.702949
vn 0.172666 -0.523049 0.834629
vn -0.667083 -0.671358 -0.322921
vn -0.227223 -0.942379 0.245543
vn -0.715048 -0.009728 -0.699007
vn -0.346705 0.657328 -0.669116
vn 0.227228 0.942380 -0.245535
vn 0.667083 0.671357 0.322925
vn 0.715054 0.009720 0.699002
vn 0.346707 -0.657330 0.669113
vn -0.471976 -0.718272 -0.511199
vn 0.050490 -0.998466 -0.022734
vn -0.716013 -0.020311 -0.697791
vn -0.543153 0.689489 -0.479155
vn -0.050486 0.998466 0.022724
vn 0.471977 0.718270 0.511202
vn 0.716013 0.020316 0.697791
vn 0.543155 -0.689497 0.479142
vn -0.280206 -0.657878 -0.699058
vn 0.320507 -0.902548 -0.287547
vn -0.713995 -0.030687 -0.699478
vn -0.732106 0.614653 -0.293637
vn -0.320512 0.902547 0.287542
vn 0.280208 0.657878 0.699056
vn 0.713989 0.030700 0.699483
vn 0.732103 -0.614656 0.293638
vn -0.120967 -0.499360 -0.857908
vn 0.541738 -0.669222 -0.508589
vn -0.709285 -0.039282 -0.703826
vn -0.884792 0.444193 -0.140837
vn -0.541743 0.669223 0.508582
vn 0.120970 0.499363 0.857906
vn 0.709285 0.039281 0.703827
vn 0.884795 -0.444187 0.140839
vn -0.018501 -0.266861 -0.963557
vn 0.680497 -0.334013 -0.652196
vn -0.702602 -0.044763 -0.710173
vn -0.977966 0.204075 -0.044002
vn -0.680498 0.334014 0.652194
vn 0.018510 0.266859 0.963558
vn 0.702609 0.044753 0.710167
vn 0.977965 -0.204080 0.043997
vn 0.011586 0.004228 -0.999924
vn 0.715657 0.052048 -0.696510
vn -0.694978 -0.046301 -0.717539
vn -0.997446 -0.069154 -0.017873
vn -0.715652 -0.052044 0.696515
vn -0.011581 -0.004230 0.999924
vn 0.694978 0.046302 0.717538
vn 0.997446 0.069154 0.017877
vn 0.641856 0.430179 -0.634797
vn -0.035299 0.272630 -0.961471
vn -0.151982 0.497489 -0.854053
vn 0.470342 0.742824 -0.476437
vn -0.687575 -0.043672 -0.724799
vn -0.681498 -0.037258 -0.730871
vn -0.940265 -0.333898 -0.066442
vn -0.815132 -0.549839 -0.182309
vn -0.690710 -0.404783 0.599225
vn -0.470342 -0.742824 0.476436
vn 0.035291 -0.272629 0.961472
vn 0.151979 -0.497491 0.854052
vn 0.687572 0.043669 0.724802
vn 0.681499 0.037263 0.730870
vn 0.940267 0.333890 0.066448
vn 0.815129 0.549843 0.182310
vn -0.320718 0.644573 -0.694022
vn 0.227223 0.942378 -0.245546
vn -0.677685 -0.028070 -0.734816
vn -0.641094 -0.684116 -0.347827
vn -0.227222 -0.942381 0.245536
vn 0.320720 -0.644573 0.694021
vn 0.677688 0.028058 0.734815
vn 0.641093 0.684119 0.347823
vn -0.515827 0.691485 -0.505738
vn -0.050491 0.998466 0.022724
vn -0.676720 -0.017463 -0.736033
vn -0.444639 -0.716289 -0.537797
vn 0.050477 -0.998466 -0.022744
vn 0.515831 -0.691481 0.505740
vn 0.676723 0.017463 0.736031
vn 0.444646 0.716285 0.537797
vn -0.707595 0.631078 -0.317883
vn -0.320515 0.902544 0.287550
vn -0.678751 -0.007068 -0.734334
vn -0.255686 -0.641448 -0.723305
vn 0.320509 -0.902544 -0.287556
vn 0.707593 -0.631084 0.317877
vn 0.678741 0.007090 0.734343
vn 0.255694 0.641441 0.723307
vn -0.866828 0.472566 -0.159030
vn -0.541737 0.669219 0.508593
vn -0.683458 0.001508 -0.729988
vn -0.103009 -0.470986 -0.876106
vn 0.541741 -0.669219 -0.508589
vn 0.866824 -0.472575 0.159026
vn 0.683450 -0.001502 0.729995
vn 0.102999 0.470998 0.876101
vn -0.969287 0.240068 -0.053391
vn -0.680496 0.334016 0.652195
vn -0.690133 0.006980 -0.723649
vn -0.009837 -0.230872 -0.972934
vn 0.680498 -0.334008 -0.652197
vn 0.969287 -0.240067 0.053385
vn 0.690129 -0.006989 0.723652
vn 0.009831 0.230870 0.972935
vn -0.999374 -0.031019 -0.017028
vn -0.715643 -0.052048 0.696525
vn -0.697746 0.008527 -0.716294
vn 0.009641 0.042359 -0.999056
vn 0.715648 0.052039 -0.696520
vn 0.999374 0.031019 0.017016
vn 0.697759 -0.008524 0.716282
vn -0.009639 -0.042359 0.999056
vn -0.952505 -0.299428 -0.055468
vn -0.641854 -0.430179 0.634799
vn -0.705166 0.005889 -0.709017
vn -0.113976 0.247763 -0.962093
vn 0.590255 0.453735 -0.667626
vn 0.952507 0.299421 0.055468
vn 0.705171 -0.005892 0.709013
vn 0.047541 -0.307100 0.950489
vn -0.769781 -0.637281 -0.036185
vn -0.370641 -0.733257 0.570052
vn -0.722447 -0.046906 -0.689833
vn -0.112281 0.519819 -0.846865
vn 0.567123 0.597676 -0.566706
vn 0.168029 0.678851 -0.714792
vn 0.812667 0.577576 0.077321
vn 0.701386 0.693179 -0.166014
vn 0.761782 0.156181 0.628726
vn 0.264986 -0.475129 0.839068
vn -0.776884 -0.492315 -0.392526
vn -0.591656 -0.803048 0.071110
vn -0.445887 -0.853874 0.268483
vn -0.696654 -0.018919 -0.717158
vn -0.755933 -0.365102 -0.543383
vn -0.730592 -0.378060 -0.568600
vn -0.235933 0.598425 -0.765652
vn -0.503342 0.316856 -0.803896
vn -0.503215 0.316911 -0.803954
vn -0.503334 0.316861 -0.803899
vn 0.591654 0.803052 -0.071087
vn 0.742374 0.624901 0.241619
vn 0.236105 -0.598301 0.765696
vn 0.530362 -0.330198 0.780823
vn 0.556602 -0.343194 0.756579
vn 0.608098 -0.159023 0.777772
vn -0.374249 -0.109341 -0.920860
vn -0.377332 -0.121329 -0.918096
vn -0.399347 -0.216409 -0.890892
vn 0.397237 -0.140286 -0.906930
vn 0.017531 -0.115603 -0.993141
vn -0.032551 -0.031920 -0.998960
vn 0.715654 0.052047 -0.696513
vn 0.611829 -0.144975 -0.777591
vn -0.696577 -0.018904 -0.717233
vn -0.788384 -0.016781 -0.614954
vn -0.918652 0.038527 -0.393185
vn -0.998336 -0.039571 0.041935
vn -0.995926 0.089047 -0.014198
vn -0.921642 0.126056 0.366996
vn -0.922958 -0.116252 0.366927
vn 0.034770 -0.011701 0.999327
vn -0.394675 -0.040490 0.917928
vn -0.397256 0.140257 0.906926
vn -0.017618 0.115582 0.993142
vn 0.364764 0.073307 0.928210
vn 0.364609 0.073287 0.928272
vn 0.364800 0.073318 0.928195
vn 0.694984 0.046299 0.717533
vn 0.999424 0.029386 0.016980
vn 0.828656 -0.011171 0.559647
vn 0.904039 -0.110292 0.412977
vn 0.912004 -0.074400 0.403378
vn 0.995926 -0.089056 0.014129
vn -0.539614 -0.236966 0.807876
vn 0.067359 0.788836 -0.610901
vn 0.780101 0.351646 0.517482
vn 0.606690 -0.367563 0.704858
vn -0.591664 -0.803041 0.071122
vn 0.503455 -0.316799 0.803848
vn 0.676812 0.402365 0.616464
vn -0.716961 -0.010132 0.697039
vn -0.715863 0.078927 0.693766
vn -0.680162 0.334281 0.652408
vn -0.702442 -0.182066 0.688061
vn -0.702288 -0.182193 0.688184
vn -0.701679 -0.182439 0.688740
vn 0.227492 0.942382 -0.245284
vn 0.395785 0.823857 -0.405726
vn 0.447410 0.770183 -0.454579
vn 0.536999 0.649227 -0.538643
vn 0.536822 0.649338 -0.538686
vn 0.536939 0.649232 -0.538697
vn 0.717159 0.010263 -0.696834
vn 0.716157 -0.078715 -0.693486
vn 0.680525 -0.333970 -0.652189
vn 0.702851 0.181898 -0.687687
vn 0.702778 0.181896 -0.687762
vn 0.702623 0.181867 -0.687928
vn -0.227115 -0.942390 0.245602
vn -0.395531 -0.823833 0.406023
vn -0.447238 -0.770159 0.454789
vn -0.537188 -0.649127 0.538575
vn -0.537530 -0.649147 0.538209
vn -0.537287 -0.649127 0.538477
vn -0.364813 -0.073331 -0.928188
vn -0.364817 -0.073356 -0.928185
vn -0.918662 0.038524 -0.393162
vn -0.918656 0.038528 -0.393175
vn 0.780107 0.351673 0.517455
vn 0.780091 0.351641 0.517500
vn 0.503586 -0.316758 0.803782
vn 0.503455 -0.316800 0.803847
vn 0.921600 -0.126056 -0.367101
vn -0.447241 -0.770169 0.454769
vn -0.395526 -0.823842 0.406009
vn -0.227009 -0.942426 0.245563
vn -0.537083 -0.649117 0.538692
vn -0.537090 -0.649141 0.538656
vn -0.537120 -0.649161 0.538602
vn 0.884169 -0.181559 0.430444
vn -0.676921 -0.402301 -0.616386
vn 0.702491 0.182121 -0.687996
vn 0.701546 0.182588 -0.688836
vn 0.702274 0.182245 -0.688184
vn 0.717169 0.010267 -0.696824
vn 0.716139 -0.078695 -0.693507
vn 0.680581 -0.333904 -0.652164
vn -0.067252 -0.788818 0.610937
vn -0.397186 0.140295 0.906951
vn 0.447355 0.770116 -0.454747
vn 0.395708 0.823778 -0.405962
vn 0.227263 0.942350 -0.245616
vn 0.537021 0.649167 -0.538693
vn 0.536938 0.649216 -0.538717
vn 0.536825 0.649334 -0.538688
vn 0.399342 0.216400 0.890897
vn -0.606728 0.367563 -0.704825
vn -0.702984 -0.181830 0.687569
vn -0.702986 -0.181672 0.687609
vn -0.702964 -0.181801 0.687597
vn -0.717125 -0.010208 0.696870
vn -0.716094 0.078803 0.693541
vn -0.680352 0.334121 0.652292
vn 0.591650 0.803055 -0.071085
s 1
g Toasters040_WindupKey03
f 1138/1138/1552 1139/1139/1553 1140/1140/1554
f 1138/1138/1552 1140/1140/1554 1141/1141/1555
f 1138/1138/1552 1141/1141/1555 1142/1142/1556
f 1138/1138/1552 1142/1142/1556 1143/1143/1557
f 1138/1138/1552 1143/1143/1557 1139/1139/1553
f 1149/1144/1558 1140/1140/1554 1139/1139/1553
f 1150/1145/1559 1141/1141/1555 1140/1140/1554
f 1151/1146/1560 1142/1142/1556 1141/1141/1555
f 1152/1147/1561 1143/1143/1557 1142/1142/1556
f 1153/1148/1562 1139/1139/1553 1143/1143/1557
f 1139/1139/1553 1153/1148/1562 1144/1149/1563
f 1139/1139/1553 1144/1149/1563 1149/1144/1558
f 1140/1140/1554 1149/1144/1558 1145/1150/1564
f 1140/1140/1554 1145/1150/1564 1150/1145/1559
f 1141/1141/1555 1150/1145/1559 1146/1151/1565
f 1141/1141/1555 1146/1151/1565 1151/1146/1560
f 1142/1142/1556 1151/1146/1560 1147/1152/1566
f 1142/1142/1556 1147/1152/1566 1152/1147/1561
f 1143/1143/1557 1152/1147/1561 1148/1153/1567
f 1143/1143/1557 1148/1153/1567 1153/1148/1562
f 1154/1154/1568 1149/1144/1558 1144/1149/1563
f 1155/1155/1569 1145/1150/1564 1149/1144/1558
f 1156/1156/1570 1150/1145/1559 1145/1150/1564
f 1157/1157/1571 1146/1151/1565 1150/1145/1559
f 1158/1158/1572 1151/1146/1560 1146/1151/1565
f 1159/1159/1573 1147/1152/1566 1151/1146/1560
f 1160/1160/1574 1152/1147/1561 1147/1152/1566
f 1161/1161/1575 1148/1153/1567 1152/1147/1561
f 1162/1162/1576 1153/1148/1562 1148/1153/1567
f 1163/1163/1577 1144/1149/1563 1153/1148/1562
f 1144/1149/1563 1163/1163/1577 1154/1154/1568
f 1149/1144/1558 1154/1154/1568 1155/1155/1569
f 1145/1150/1564 1155/1155/1569 1156/1156/1570
f 1150/1145/1559 1156/1156/1570 1157/1157/1571
f 1146/1151/1565 1157/1157/1571 1158/1158/1572
f 1151/1146/1560 1158/1158/1572 1159/1159/1573
f 1147/1152/1566 1159/1159/1573 1160/1160/1574
f 1152/1147/1561 1160/1160/1574 1161/1161/1575
f 1148/1153/1567 1161/1161/1575 1162/1162/1576
f 1153/1148/1562 1162/1162/1576 1163/1163/1577
s 2
f 1154/1154/1578 1163/1163/1579 1164/1164/1580
f 1155/1155/1581 1154/1154/1578 1164/1164/1580
f 1156/1156/1582 1155/1155/1581 1164/1164/1580
f 1157/1157/1583 1156/1156/1582 1164/1164/1580
f 1158/1158/1584 1157/1157/1583 1164/1164/1580
f 1159/1159/1585 1158/1158/1584 1164/1164/1580
f 1160/1160/1586 1159/1159/1585 1164/1164/1580
f 1161/1161/1587 1160/1160/1586 1164/1164/1580
f 1162/1162/1588 1161/1161/1587 1164/1164/1580
f 1163/1163/1579 1162/1162/1588 1164/1164/1580
s 3
f 1166/1165/1589 1283/1166/1590 1284/1167/1591
f 1284/1167/1591 1165/1168/1592 1166/1165/1589
f 1167/1169/1593 1168/1170/1594 1174/1171/1595
f 1174/1171/1595 1173/1172/1596 1167/1169/1593
f 1168/1170/1594 1169/1173/1597 1175/1174/1598
f 1175/1174/1598 1174/1171/1595 1168/1170/1594
f 1169/1173/1597 1170/1175/1599 1176/1176/1600
f 1176/1176/1600 1175/1174/1598 1169/1173/1597
f 1170/1175/1599 1171/1177/1601 1177/1178/1602
f 1177/1178/1602 1176/1176/1600 1170/1175/1599
f 1284/1167/1591 1296/1179/1603 1172/1180/1604
f 1172/1180/1604 1165/1168/1592 1284/1167/1591
f 1178/1181/1605 1297/1182/1606 1286/1183/1607
f 1179/1184/1608 1178/1181/1605 1286/1183/1607
f 1287/1185/1609 1179/1184/1608 1286/1183/1607
f 1288/1186/1610 1318/1187/1611 1173/1172/1596
f 1288/1186/1610 1173/1172/1596 1180/1188/1612
f 1180/1188/1612 1179/1184/1608 1287/1185/1609
f 1288/1186/1610 1180/1188/1612 1287/1185/1609
f 1173/1172/1596 1174/1171/1595 1181/1189/1613
f 1181/1189/1613 1180/1188/1612 1173/1172/1596
f 1174/1171/1595 1175/1174/1598 1182/1190/1614
f 1182/1190/1614 1181/1189/1613 1174/1171/1595
f 1175/1174/1598 1176/1176/1600 1183/1191/1615
f 1183/1191/1615 1182/1190/1614 1175/1174/1598
f 1176/1176/1600 1177/1178/1602 1184/1192/1616
f 1184/1192/1616 1183/1191/1615 1176/1176/1600
f 1291/1193/1617 1297/1182/1606 1178/1181/1605
f 1291/1193/1617 1178/1181/1605 1185/1194/1618
f 1291/1193/1617 1185/1194/1618 1290/1195/1619
f 1178/1181/1605 1179/1184/1608 1187/1196/1620
f 1187/1196/1620 1186/1197/1621 1178/1181/1605
f 1179/1184/1608 1180/1188/1612 1188/1198/1622
f 1188/1198/1622 1187/1196/1620 1179/1184/1608
f 1180/1188/1612 1181/1189/1613 1189/1199/1623
f 1189/1199/1623 1188/1198/1622 1180/1188/1612
f 1181/1189/1613 1182/1190/1614 1190/1200/1624
f 1190/1200/1624 1189/1199/1623 1181/1189/1613
f 1182/1190/1614 1183/1191/1615 1191/1201/1625
f 1191/1201/1625 1190/1200/1624 1182/1190/1614
f 1183/1191/1615 1184/1192/1616 1192/1202/1626
f 1192/1202/1626 1191/1201/1625 1183/1191/1615
f 1184/1192/1616 1185/1194/1618 1193/1203/1627
f 1193/1203/1627 1192/1202/1626 1184/1192/1616
f 1185/1194/1618 1178/1181/1605 1186/1197/1621
f 1186/1197/1621 1193/1203/1627 1185/1194/1618
f 1187/1196/1620 1299/1204/1628 1266/1205/1629
f 1186/1197/1621 1187/1196/1620 1266/1205/1629
f 1186/1197/1621 1266/1205/1629 1267/1206/1630
f 1194/1207/1631 1273/1208/1632 1274/1209/1633
f 1188/1198/1622 1194/1207/1631 1274/1209/1633
f 1187/1196/1620 1188/1198/1622 1274/1209/1633
f 1187/1196/1620 1274/1209/1633 1299/1204/1628
f 1188/1198/1622 1189/1199/1623 1195/1210/1634
f 1195/1210/1634 1194/1207/1631 1188/1198/1622
f 1189/1199/1623 1190/1200/1624 1196/1211/1635
f 1196/1211/1635 1195/1210/1634 1189/1199/1623
f 1190/1200/1624 1191/1201/1625 1197/1212/1636
f 1197/1212/1636 1196/1211/1635 1190/1200/1624
f 1191/1201/1625 1192/1202/1626 1198/1213/1637
f 1198/1213/1637 1197/1212/1636 1191/1201/1625
f 1192/1202/1626 1193/1203/1627 1276/1214/1638
f 1192/1202/1626 1276/1214/1638 1277/1215/1639
f 1277/1215/1639 1319/1216/1640 1198/1213/1637
f 1192/1202/1626 1277/1215/1639 1198/1213/1637
f 1186/1197/1621 1267/1206/1630 1268/1217/1641
f 1193/1203/1627 1186/1197/1621 1268/1217/1641
f 1193/1203/1627 1268/1217/1641 1276/1214/1638
f 1200/1218/1642 1199/1219/1643 1269/1220/1644
f 1269/1220/1644 1270/1221/1645 1200/1218/1642
f 1201/1222/1646 1200/1218/1642 1270/1221/1645
f 1201/1222/1646 1270/1221/1645 1271/1223/1647
f 1201/1222/1646 1271/1223/1647 1272/1224/1648
f 1201/1222/1646 1272/1224/1648 1301/1225/1649
f 1301/1225/1649 1313/1226/1650 1275/1227/1651
f 1201/1222/1646 1301/1225/1649 1275/1227/1651
f 1275/1227/1651 1273/1208/1632 1194/1207/1631
f 1201/1222/1646 1275/1227/1651 1194/1207/1631
f 1194/1207/1631 1195/1210/1634 1202/1228/1652
f 1202/1228/1652 1201/1222/1646 1194/1207/1631
f 1195/1210/1634 1196/1211/1635 1203/1229/1653
f 1203/1229/1653 1202/1228/1652 1195/1210/1634
f 1196/1211/1635 1197/1212/1636 1204/1230/1654
f 1204/1230/1654 1203/1229/1653 1196/1211/1635
f 1197/1212/1636 1198/1213/1637 1205/1231/1655
f 1205/1231/1655 1204/1230/1654 1197/1212/1636
f 1269/1220/1644 1199/1219/1643 1206/1232/1656
f 1206/1232/1656 1280/1233/1657 1269/1220/1644
f 1200/1218/1642 1250/1234/1658 1251/1235/1659
f 1251/1235/1659 1199/1219/1643 1200/1218/1642
f 1201/1222/1646 1202/1228/1652 1208/1236/1660
f 1208/1236/1660 1207/1237/1661 1201/1222/1646
f 1202/1228/1652 1203/1229/1653 1209/1238/1662
f 1209/1238/1662 1208/1236/1660 1202/1228/1652
f 1203/1229/1653 1204/1230/1654 1210/1239/1663
f 1210/1239/1663 1209/1238/1662 1203/1229/1653
f 1204/1230/1654 1205/1231/1655 1211/1240/1664
f 1211/1240/1664 1210/1239/1663 1204/1230/1654
f 1251/1235/1659 1263/1241/1665 1206/1232/1656
f 1206/1232/1656 1199/1219/1643 1251/1235/1659
f 1212/1242/1666 1264/1243/1667 1253/1244/1668
f 1213/1245/1669 1212/1242/1666 1253/1244/1668
f 1254/1246/1670 1213/1245/1669 1253/1244/1668
f 1255/1247/1671 1317/1248/1672 1207/1237/1661
f 1255/1247/1671 1207/1237/1661 1214/1249/1673
f 1214/1249/1673 1213/1245/1669 1254/1246/1670
f 1255/1247/1671 1214/1249/1673 1254/1246/1670
f 1207/1237/1661 1208/1236/1660 1215/1250/1674
f 1215/1250/1674 1214/1249/1673 1207/1237/1661
f 1208/1236/1660 1209/1238/1662 1216/1251/1675
f 1216/1251/1675 1215/1250/1674 1208/1236/1660
f 1209/1238/1662 1210/1239/1663 1217/1252/1676
f 1217/1252/1676 1216/1251/1675 1209/1238/1662
f 1210/1239/1663 1211/1240/1664 1218/1253/1677
f 1218/1253/1677 1217/1252/1676 1210/1239/1663
f 1258/1254/1678 1264/1243/1667 1212/1242/1666
f 1258/1254/1678 1212/1242/1666 1219/1255/1679
f 1258/1254/1678 1219/1255/1679 1257/1256/1680
f 1212/1242/1666 1213/1245/1669 1221/1257/1681
f 1221/1257/1681 1220/1258/1682 1212/1242/1666
f 1213/1245/1669 1214/1249/1673 1222/1259/1683
f 1222/1259/1683 1221/1257/1681 1213/1245/1669
f 1214/1249/1673 1215/1250/1674 1223/1260/1684
f 1223/1260/1684 1222/1259/1683 1214/1249/1673
f 1215/1250/1674 1216/1251/1675 1224/1261/1685
f 1224/1261/1685 1223/1260/1684 1215/1250/1674
f 1216/1251/1675 1217/1252/1676 1225/1262/1686
f 1225/1262/1686 1224/1261/1685 1216/1251/1675
f 1217/1252/1676 1218/1253/1677 1226/1263/1687
f 1226/1263/1687 1225/1262/1686 1217/1252/1676
f 1218/1253/1677 1219/1255/1679 1227/1264/1688
f 1227/1264/1688 1226/1263/1687 1218/1253/1677
f 1219/1255/1679 1212/1242/1666 1220/1258/1682
f 1220/1258/1682 1227/1264/1688 1219/1255/1679
f 1221/1257/1681 1302/1265/1689 1233/1266/1690
f 1220/1258/1682 1221/1257/1681 1233/1266/1690
f 1220/1258/1682 1233/1266/1690 1234/1267/1691
f 1228/1268/1692 1240/1269/1693 1241/1270/1694
f 1222/1259/1683 1228/1268/1692 1241/1270/1694
f 1221/1257/1681 1222/1259/1683 1241/1270/1694
f 1221/1257/1681 1241/1270/1694 1302/1265/1689
f 1222/1259/1683 1223/1260/1684 1229/1271/1695
f 1229/1271/1695 1228/1268/1692 1222/1259/1683
f 1223/1260/1684 1224/1261/1685 1230/1272/1696
f 1230/1272/1696 1229/1271/1695 1223/1260/1684
f 1224/1261/1685 1225/1262/1686 1231/1273/1697
f 1231/1273/1697 1230/1272/1696 1224/1261/1685
f 1225/1262/1686 1226/1263/1687 1232/1274/1698
f 1232/1274/1698 1231/1273/1697 1225/1262/1686
f 1226/1263/1687 1227/1264/1688 1243/1275/1699
f 1226/1263/1687 1243/1275/1699 1244/1276/1700
f 1244/1276/1700 1320/1277/1701 1232/1274/1698
f 1226/1263/1687 1244/1276/1700 1232/1274/1698
f 1220/1258/1682 1234/1267/1691 1235/1278/1702
f 1227/1264/1688 1220/1258/1682 1235/1278/1702
f 1227/1264/1688 1235/1278/1702 1243/1275/1699
f 1166/1165/1589 1165/1168/1592 1236/1279/1703
f 1236/1279/1703 1237/1280/1704 1166/1165/1589
f 1167/1169/1593 1166/1165/1589 1237/1280/1704
f 1167/1169/1593 1237/1280/1704 1238/1281/1705
f 1167/1169/1593 1238/1281/1705 1239/1282/1706
f 1167/1169/1593 1239/1282/1706 1304/1283/1707
f 1304/1283/1707 1307/1284/1708 1242/1285/1709
f 1167/1169/1593 1304/1283/1707 1242/1285/1709
f 1242/1285/1709 1240/1269/1693 1228/1268/1692
f 1167/1169/1593 1242/1285/1709 1228/1268/1692
f 1228/1268/1692 1229/1271/1695 1168/1170/1594
f 1168/1170/1594 1167/1169/1593 1228/1268/1692
f 1229/1271/1695 1230/1272/1696 1169/1173/1597
f 1169/1173/1597 1168/1170/1594 1229/1271/1695
f 1230/1272/1696 1231/1273/1697 1170/1175/1599
f 1170/1175/1599 1169/1173/1597 1230/1272/1696
f 1231/1273/1697 1232/1274/1698 1171/1177/1601
f 1171/1177/1601 1170/1175/1599 1231/1273/1697
f 1236/1279/1703 1165/1168/1592 1172/1180/1604
f 1172/1180/1604 1247/1286/1710 1236/1279/1703
f 1257/1256/1680 1219/1255/1679 1218/1253/1677
f 1256/1287/1711 1257/1256/1680 1218/1253/1677
f 1256/1287/1711 1218/1253/1677 1211/1240/1664
f 1256/1287/1711 1211/1240/1664 1260/1288/1712
f 1265/1289/1713 1310/1290/1714 1259/1291/1715
f 1259/1291/1715 1260/1288/1712 1211/1240/1664
f 1259/1291/1715 1211/1240/1664 1205/1231/1655
f 1265/1289/1713 1259/1291/1715 1205/1231/1655
f 1262/1292/1716 1265/1289/1713 1205/1231/1655
f 1206/1232/1656 1263/1241/1665 1261/1293/1717
f 1205/1231/1655 1206/1232/1656 1261/1293/1717
f 1262/1292/1716 1205/1231/1655 1261/1293/1717
f 1290/1195/1619 1185/1194/1618 1184/1192/1616
f 1289/1294/1718 1290/1195/1619 1184/1192/1616
f 1289/1294/1718 1184/1192/1616 1177/1178/1602
f 1289/1294/1718 1177/1178/1602 1293/1295/1719
f 1298/1296/1720 1316/1297/1721 1292/1298/1722
f 1292/1298/1722 1293/1295/1719 1177/1178/1602
f 1292/1298/1722 1177/1178/1602 1171/1177/1601
f 1298/1296/1720 1292/1298/1722 1171/1177/1601
f 1295/1299/1723 1298/1296/1720 1171/1177/1601
f 1172/1180/1604 1296/1179/1603 1294/1300/1724
f 1171/1177/1601 1172/1180/1604 1294/1300/1724
f 1295/1299/1723 1171/1177/1601 1294/1300/1724
f 1306/1301/1725 1305/1302/1726 1303/1303/1727
f 1246/1304/1728 1247/1286/1710 1172/1180/1604
f 1246/1304/1728 1172/1180/1604 1171/1177/1601
f 1245/1305/1729 1246/1304/1728 1171/1177/1601
f 1303/1303/1727 1245/1305/1729 1171/1177/1601
f 1303/1303/1727 1171/1177/1601 1232/1274/1698
f 1306/1301/1725 1303/1303/1727 1232/1274/1698
f 1306/1301/1725 1232/1274/1698 1320/1277/1701
f 1308/1306/1730 1309/1307/1731 1248/1308/1732
f 1252/1309/1733 1250/1234/1658 1200/1218/1642
f 1249/1310/1734 1252/1309/1733 1200/1218/1642
f 1249/1310/1734 1200/1218/1642 1201/1222/1646
f 1248/1308/1732 1249/1310/1734 1201/1222/1646
f 1248/1308/1732 1201/1222/1646 1207/1237/1661
f 1308/1306/1730 1248/1308/1732 1207/1237/1661
f 1308/1306/1730 1207/1237/1661 1317/1248/1672
f 1312/1311/1735 1311/1312/1736 1300/1313/1737
f 1279/1314/1738 1280/1233/1657 1206/1232/1656
f 1279/1314/1738 1206/1232/1656 1205/1231/1655
f 1278/1315/1739 1279/1314/1738 1205/1231/1655
f 1300/1313/1737 1278/1315/1739 1205/1231/1655
f 1300/1313/1737 1205/1231/1655 1198/1213/1637
f 1312/1311/1735 1300/1313/1737 1198/1213/1637
f 1312/1311/1735 1198/1213/1637 1319/1216/1640
f 1314/1316/1740 1315/1317/1741 1281/1318/1742
f 1285/1319/1743 1283/1166/1590 1166/1165/1589
f 1282/1320/1744 1285/1319/1743 1166/1165/1589
f 1282/1320/1744 1166/1165/1589 1167/1169/1593
f 1281/1318/1742 1282/1320/1744 1167/1169/1593
f 1281/1318/1742 1167/1169/1593 1173/1172/1596
f 1314/1316/1740 1281/1318/1742 1173/1172/1596
f 1314/1316/1740 1173/1172/1596 1318/1187/1611
s 28
f 1321/1321/1745 1322/1322/1746 1330/1323/1747
f 1330/1323/1747 1329/1324/1748 1321/1321/1745
f 1322/1322/1746 1323/1325/1749 1331/1326/1750
f 1331/1326/1750 1330/1323/1747 1322/1322/1746
f 1323/1325/1749 1324/1327/1751 1332/1328/1752
f 1332/1328/1752 1331/1326/1750 1323/1325/1749
f 1234/1267/1753 1233/1266/1754 1332/1328/1752
f 1325/1329/1755 1234/1267/1753 1332/1328/1752
f 1324/1327/1751 1325/1329/1755 1332/1328/1752
f 1333/1330/1756 1235/1278/1757 1234/1267/1753
f 1333/1330/1756 1234/1267/1753 1325/1329/1755
f 1333/1330/1756 1325/1329/1755 1326/1331/1758
f 1326/1331/1758 1327/1332/1759 1334/1333/1760
f 1334/1333/1760 1333/1330/1756 1326/1331/1758
f 1327/1332/1759 1328/1334/1761 1335/1335/1762
f 1335/1335/1762 1334/1333/1760 1327/1332/1759
f 1328/1334/1761 1321/1321/1745 1329/1324/1748
f 1329/1324/1748 1335/1335/1762 1328/1334/1761
f 1330/1323/1747 1238/1281/1763 1237/1280/1764
f 1330/1323/1747 1237/1280/1764 1236/1279/1765
f 1329/1324/1748 1330/1323/1747 1236/1279/1765
f 1331/1326/1750 1507/1336/1766 1508/1337/1767
f 1508/1337/1767 1239/1282/1768 1238/1281/1763
f 1331/1326/1750 1508/1337/1767 1238/1281/1763
f 1330/1323/1747 1331/1326/1750 1238/1281/1763
f 1332/1328/1752 1241/1270/1769 1240/1269/1770
f 1331/1326/1750 1332/1328/1752 1240/1269/1770
f 1240/1269/1770 1242/1285/1771 1505/1338/1772
f 1331/1326/1750 1240/1269/1770 1505/1338/1772
f 1243/1275/1773 1235/1278/1757 1333/1330/1756
f 1333/1330/1756 1244/1276/1774 1243/1275/1773
f 1335/1335/1762 1246/1304/1775 1245/1305/1776
f 1245/1305/1776 1509/1339/1777 1510/1340/1778
f 1335/1335/1762 1245/1305/1776 1510/1340/1778
f 1334/1333/1760 1335/1335/1762 1510/1340/1778
f 1499/1341/1779 1249/1310/1780 1248/1308/1781
f 1250/1234/1782 1252/1309/1783 1337/1342/1784
f 1337/1342/1784 1336/1343/1785 1251/1235/1786
f 1250/1234/1782 1337/1342/1784 1251/1235/1786
f 1499/1341/1779 1500/1344/1787 1338/1345/1788
f 1499/1341/1779 1338/1345/1788 1337/1342/1784
f 1249/1310/1780 1499/1341/1779 1337/1342/1784
f 1249/1310/1780 1337/1342/1784 1252/1309/1783
f 1501/1346/1789 1338/1345/1788 1500/1344/1787
f 1339/1347/1790 1255/1247/1791 1254/1246/1792
f 1254/1246/1792 1253/1244/1793 1339/1347/1790
f 1340/1348/1794 1258/1254/1795 1257/1256/1796
f 1257/1256/1796 1256/1287/1797 1340/1348/1794
f 1340/1348/1794 1256/1287/1797 1260/1288/1798
f 1260/1288/1798 1259/1291/1799 1502/1349/1800
f 1340/1348/1794 1260/1288/1798 1502/1349/1800
f 1341/1350/1801 1340/1348/1794 1502/1349/1800
f 1342/1351/1802 1341/1350/1801 1503/1352/1803
f 1503/1352/1803 1504/1353/1804 1262/1292/1805
f 1342/1351/1802 1503/1352/1803 1262/1292/1805
f 1261/1293/1806 1342/1351/1802 1262/1292/1805
f 1336/1343/1785 1337/1342/1784 1344/1354/1807
f 1344/1354/1807 1343/1355/1808 1336/1343/1785
f 1337/1342/1784 1338/1345/1788 1345/1356/1809
f 1345/1356/1809 1344/1354/1807 1337/1342/1784
f 1338/1345/1788 1339/1347/1790 1346/1357/1810
f 1346/1357/1810 1345/1356/1809 1338/1345/1788
f 1253/1244/1793 1264/1243/1811 1347/1358/1812
f 1339/1347/1790 1253/1244/1793 1347/1358/1812
f 1339/1347/1790 1347/1358/1812 1346/1357/1810
f 1264/1243/1811 1258/1254/1795 1340/1348/1794
f 1264/1243/1811 1340/1348/1794 1348/1359/1813
f 1264/1243/1811 1348/1359/1813 1347/1358/1812
f 1340/1348/1794 1341/1350/1801 1349/1360/1814
f 1349/1360/1814 1348/1359/1813 1340/1348/1794
f 1341/1350/1801 1342/1351/1802 1350/1361/1815
f 1350/1361/1815 1349/1360/1814 1341/1350/1801
f 1342/1351/1802 1336/1343/1785 1343/1355/1808
f 1343/1355/1808 1350/1361/1815 1342/1351/1802
f 1343/1355/1808 1344/1354/1807 1352/1362/1816
f 1352/1362/1816 1351/1363/1817 1343/1355/1808
f 1344/1354/1807 1345/1356/1809 1353/1364/1818
f 1353/1364/1818 1352/1362/1816 1344/1354/1807
f 1345/1356/1809 1346/1357/1810 1354/1365/1819
f 1354/1365/1819 1353/1364/1818 1345/1356/1809
f 1346/1357/1810 1347/1358/1812 1355/1366/1820
f 1355/1366/1820 1354/1365/1819 1346/1357/1810
f 1347/1358/1812 1348/1359/1813 1356/1367/1821
f 1356/1367/1821 1355/1366/1820 1347/1358/1812
f 1348/1359/1813 1349/1360/1814 1357/1368/1822
f 1357/1368/1822 1356/1367/1821 1348/1359/1813
f 1349/1360/1814 1350/1361/1815 1358/1369/1823
f 1358/1369/1823 1357/1368/1822 1349/1360/1814
f 1350/1361/1815 1343/1355/1808 1351/1363/1817
f 1351/1363/1817 1358/1369/1823 1350/1361/1815
f 1351/1363/1817 1352/1362/1816 1360/1370/1824
f 1360/1370/1824 1359/1371/1825 1351/1363/1817
f 1352/1362/1816 1353/1364/1818 1361/1372/1826
f 1361/1372/1826 1360/1370/1824 1352/1362/1816
f 1353/1364/1818 1354/1365/1819 1362/1373/1827
f 1362/1373/1827 1361/1372/1826 1353/1364/1818
f 1354/1365/1819 1355/1366/1820 1363/1374/1828
f 1363/1374/1828 1362/1373/1827 1354/1365/1819
f 1355/1366/1820 1356/1367/1821 1364/1375/1829
f 1364/1375/1829 1363/1374/1828 1355/1366/1820
f 1356/1367/1821 1357/1368/1822 1365/1376/1830
f 1365/1376/1830 1364/1375/1829 1356/1367/1821
f 1357/1368/1822 1358/1369/1823 1366/1377/1831
f 1366/1377/1831 1365/1376/1830 1357/1368/1822
f 1358/1369/1823 1351/1363/1817 1359/1371/1825
f 1359/1371/1825 1366/1377/1831 1358/1369/1823
f 1359/1371/1825 1360/1370/1824 1368/1378/1832
f 1368/1378/1832 1367/1379/1833 1359/1371/1825
f 1360/1370/1824 1361/1372/1826 1369/1380/1834
f 1369/1380/1834 1368/1378/1832 1360/1370/1824
f 1361/1372/1826 1362/1373/1827 1370/1381/1835
f 1370/1381/1835 1369/1380/1834 1361/1372/1826
f 1362/1373/1827 1363/1374/1828 1371/1382/1836
f 1371/1382/1836 1370/1381/1835 1362/1373/1827
f 1363/1374/1828 1364/1375/1829 1372/1383/1837
f 1372/1383/1837 1371/1382/1836 1363/1374/1828
f 1364/1375/1829 1365/1376/1830 1373/1384/1838
f 1373/1384/1838 1372/1383/1837 1364/1375/1829
f 1365/1376/1830 1366/1377/1831 1374/1385/1839
f 1374/1385/1839 1373/1384/1838 1365/1376/1830
f 1366/1377/1831 1359/1371/1825 1367/1379/1833
f 1367/1379/1833 1374/1385/1839 1366/1377/1831
f 1367/1379/1833 1368/1378/1832 1376/1386/1840
f 1376/1386/1840 1375/1387/1841 1367/1379/1833
f 1368/1378/1832 1369/1380/1834 1377/1388/1842
f 1377/1388/1842 1376/1386/1840 1368/1378/1832
f 1369/1380/1834 1370/1381/1835 1378/1389/1843
f 1378/1389/1843 1377/1388/1842 1369/1380/1834
f 1370/1381/1835 1371/1382/1836 1379/1390/1844
f 1379/1390/1844 1378/1389/1843 1370/1381/1835
f 1371/1382/1836 1372/1383/1837 1380/1391/1845
f 1380/1391/1845 1379/1390/1844 1371/1382/1836
f 1372/1383/1837 1373/1384/1838 1381/1392/1846
f 1381/1392/1846 1380/1391/1845 1372/1383/1837
f 1373/1384/1838 1374/1385/1839 1382/1393/1847
f 1382/1393/1847 1381/1392/1846 1373/1384/1838
f 1374/1385/1839 1367/1379/1833 1375/1387/1841
f 1375/1387/1841 1382/1393/1847 1374/1385/1839
f 1375/1387/1841 1376/1386/1840 1384/1394/1848
f 1384/1394/1848 1383/1395/1849 1375/1387/1841
f 1376/1386/1840 1377/1388/1842 1385/1396/1850
f 1385/1396/1850 1384/1394/1848 1376/1386/1840
f 1377/1388/1842 1378/1389/1843 1386/1397/1851
f 1386/1397/1851 1385/1396/1850 1377/1388/1842
f 1378/1389/1843 1379/1390/1844 1387/1398/1852
f 1387/1398/1852 1386/1397/1851 1378/1389/1843
f 1379/1390/1844 1380/1391/1845 1388/1399/1853
f 1388/1399/1853 1387/1398/1852 1379/1390/1844
f 1380/1391/1845 1381/1392/1846 1389/1400/1854
f 1389/1400/1854 1388/1399/1853 1380/1391/1845
f 1381/1392/1846 1382/1393/1847 1390/1401/1855
f 1390/1401/1855 1389/1400/1854 1381/1392/1846
f 1382/1393/1847 1375/1387/1841 1383/1395/1849
f 1383/1395/1849 1390/1401/1855 1382/1393/1847
f 1383/1395/1849 1384/1394/1848 1392/1402/1856
f 1392/1402/1856 1391/1403/1857 1383/1395/1849
f 1384/1394/1848 1385/1396/1850 1393/1404/1858
f 1393/1404/1858 1392/1402/1856 1384/1394/1848
f 1385/1396/1850 1386/1397/1851 1394/1405/1859
f 1394/1405/1859 1393/1404/1858 1385/1396/1850
f 1386/1397/1851 1387/1398/1852 1395/1406/1860
f 1395/1406/1860 1394/1405/1859 1386/1397/1851
f 1387/1398/1852 1388/1399/1853 1396/1407/1861
f 1396/1407/1861 1395/1406/1860 1387/1398/1852
f 1388/1399/1853 1389/1400/1854 1397/1408/1862
f 1397/1408/1862 1396/1407/1861 1388/1399/1853
f 1389/1400/1854 1390/1401/1855 1398/1409/1863
f 1398/1409/1863 1397/1408/1862 1389/1400/1854
f 1390/1401/1855 1383/1395/1849 1391/1403/1857
f 1391/1403/1857 1398/1409/1863 1390/1401/1855
f 1391/1403/1857 1392/1402/1856 1400/1410/1864
f 1400/1410/1864 1399/1411/1865 1391/1403/1857
f 1392/1402/1856 1393/1404/1858 1401/1412/1866
f 1401/1412/1866 1400/1410/1864 1392/1402/1856
f 1393/1404/1858 1394/1405/1859 1402/1413/1867
f 1402/1413/1867 1401/1412/1866 1393/1404/1858
f 1394/1405/1859 1395/1406/1860 1403/1414/1868
f 1403/1414/1868 1402/1413/1867 1394/1405/1859
f 1395/1406/1860 1396/1407/1861 1404/1415/1869
f 1404/1415/1869 1403/1414/1868 1395/1406/1860
f 1396/1407/1861 1397/1408/1862 1405/1416/1870
f 1405/1416/1870 1404/1415/1869 1396/1407/1861
f 1397/1408/1862 1398/1409/1863 1406/1417/1871
f 1406/1417/1871 1405/1416/1870 1397/1408/1862
f 1398/1409/1863 1391/1403/1857 1399/1411/1865
f 1399/1411/1865 1406/1417/1871 1398/1409/1863
f 1399/1411/1865 1400/1410/1864 1322/1322/1746
f 1322/1322/1746 1321/1321/1745 1399/1411/1865
f 1400/1410/1864 1401/1412/1866 1323/1325/1749
f 1323/1325/1749 1322/1322/1746 1400/1410/1864
f 1401/1412/1866 1402/1413/1867 1324/1327/1751
f 1324/1327/1751 1323/1325/1749 1401/1412/1866
f 1402/1413/1867 1403/1414/1868 1325/1329/1755
f 1325/1329/1755 1324/1327/1751 1402/1413/1867
f 1403/1414/1868 1404/1415/1869 1326/1331/1758
f 1326/1331/1758 1325/1329/1755 1403/1414/1868
f 1404/1415/1869 1405/1416/1870 1327/1332/1759
f 1327/1332/1759 1326/1331/1758 1404/1415/1869
f 1405/1416/1870 1406/1417/1871 1328/1334/1761
f 1328/1334/1761 1327/1332/1759 1405/1416/1870
f 1406/1417/1871 1399/1411/1865 1321/1321/1745
f 1321/1321/1745 1328/1334/1761 1406/1417/1871
s 50
f 1407/1418/1872 1408/1419/1873 1416/1420/1874
f 1416/1420/1874 1415/1421/1875 1407/1418/1872
f 1408/1419/1873 1409/1422/1876 1417/1423/1877
f 1417/1423/1877 1416/1420/1874 1408/1419/1873
f 1409/1422/1876 1410/1424/1878 1418/1425/1879
f 1418/1425/1879 1417/1423/1877 1409/1422/1876
f 1410/1424/1878 1411/1426/1880 1419/1427/1881
f 1419/1427/1881 1418/1425/1879 1410/1424/1878
f 1411/1426/1880 1412/1428/1882 1420/1429/1883
f 1420/1429/1883 1419/1427/1881 1411/1426/1880
f 1412/1428/1882 1413/1430/1884 1421/1431/1885
f 1421/1431/1885 1420/1429/1883 1412/1428/1882
f 1413/1430/1884 1414/1432/1886 1422/1433/1887
f 1422/1433/1887 1421/1431/1885 1413/1430/1884
f 1414/1432/1886 1407/1418/1872 1415/1421/1875
f 1415/1421/1875 1422/1433/1887 1414/1432/1886
f 1415/1421/1875 1416/1420/1874 1424/1434/1888
f 1424/1434/1888 1423/1435/1889 1415/1421/1875
f 1416/1420/1874 1417/1423/1877 1425/1436/1890
f 1425/1436/1890 1424/1434/1888 1416/1420/1874
f 1417/1423/1877 1418/1425/1879 1426/1437/1891
f 1426/1437/1891 1425/1436/1890 1417/1423/1877
f 1418/1425/1879 1419/1427/1881 1427/1438/1892
f 1427/1438/1892 1426/1437/1891 1418/1425/1879
f 1419/1427/1881 1420/1429/1883 1428/1439/1893
f 1428/1439/1893 1427/1438/1892 1419/1427/1881
f 1420/1429/1883 1421/1431/1885 1429/1440/1894
f 1429/1440/1894 1428/1439/1893 1420/1429/1883
f 1421/1431/1885 1422/1433/1887 1430/1441/1895
f 1430/1441/1895 1429/1440/1894 1421/1431/1885
f 1422/1433/1887 1415/1421/1875 1423/1435/1889
f 1423/1435/1889 1430/1441/1895 1422/1433/1887
f 1423/1435/1889 1424/1434/1888 1432/1442/1896
f 1432/1442/1896 1431/1443/1897 1423/1435/1889
f 1424/1434/1888 1425/1436/1890 1433/1444/1898
f 1433/1444/1898 1432/1442/1896 1424/1434/1888
f 1425/1436/1890 1426/1437/1891 1434/1445/1899
f 1434/1445/1899 1433/1444/1898 1425/1436/1890
f 1426/1437/1891 1427/1438/1892 1435/1446/1900
f 1435/1446/1900 1434/1445/1899 1426/1437/1891
f 1427/1438/1892 1428/1439/1893 1436/1447/1901
f 1436/1447/1901 1435/1446/1900 1427/1438/1892
f 1428/1439/1893 1429/1440/1894 1437/1448/1902
f 1437/1448/1902 1436/1447/1901 1428/1439/1893
f 1429/1440/1894 1430/1441/1895 1438/1449/1903
f 1438/1449/1903 1437/1448/1902 1429/1440/1894
f 1430/1441/1895 1423/1435/1889 1431/1443/1897
f 1431/1443/1897 1438/1449/1903 1430/1441/1895
f 1431/1443/1897 1432/1442/1896 1440/1450/1904
f 1440/1450/1904 1439/1451/1905 1431/1443/1897
f 1432/1442/1896 1433/1444/1898 1441/1452/1906
f 1441/1452/1906 1440/1450/1904 1432/1442/1896
f 1433/1444/1898 1434/1445/1899 1442/1453/1907
f 1442/1453/1907 1441/1452/1906 1433/1444/1898
f 1434/1445/1899 1435/1446/1900 1443/1454/1908
f 1443/1454/1908 1442/1453/1907 1434/1445/1899
f 1435/1446/1900 1436/1447/1901 1444/1455/1909
f 1444/1455/1909 1443/1454/1908 1435/1446/1900
f 1436/1447/1901 1437/1448/1902 1445/1456/1910
f 1445/1456/1910 1444/1455/1909 1436/1447/1901
f 1437/1448/1902 1438/1449/1903 1446/1457/1911
f 1446/1457/1911 1445/1456/1910 1437/1448/1902
f 1438/1449/1903 1431/1443/1897 1439/1451/1905
f 1439/1451/1905 1446/1457/1911 1438/1449/1903
f 1439/1451/1905 1440/1450/1904 1448/1458/1912
f 1448/1458/1912 1447/1459/1913 1439/1451/1905
f 1440/1450/1904 1441/1452/1906 1449/1460/1914
f 1449/1460/1914 1448/1458/1912 1440/1450/1904
f 1441/1452/1906 1442/1453/1907 1450/1461/1915
f 1450/1461/1915 1449/1460/1914 1441/1452/1906
f 1442/1453/1907 1443/1454/1908 1451/1462/1916
f 1451/1462/1916 1450/1461/1915 1442/1453/1907
f 1443/1454/1908 1444/1455/1909 1452/1463/1917
f 1452/1463/1917 1451/1462/1916 1443/1454/1908
f 1444/1455/1909 1445/1456/1910 1453/1464/1918
f 1453/1464/1918 1452/1463/1917 1444/1455/1909
f 1445/1456/1910 1446/1457/1911 1454/1465/1919
f 1454/1465/1919 1453/1464/1918 1445/1456/1910
f 1446/1457/1911 1439/1451/1905 1447/1459/1913
f 1447/1459/1913 1454/1465/1919 1446/1457/1911
f 1447/1459/1913 1448/1458/1912 1456/1466/1920
f 1456/1466/1920 1455/1467/1921 1447/1459/1913
f 1448/1458/1912 1449/1460/1914 1457/1468/1922
f 1457/1468/1922 1456/1466/1920 1448/1458/1912
f 1449/1460/1914 1450/1461/1915 1458/1469/1923
f 1458/1469/1923 1457/1468/1922 1449/1460/1914
f 1450/1461/1915 1451/1462/1916 1459/1470/1924
f 1459/1470/1924 1458/1469/1923 1450/1461/1915
f 1451/1462/1916 1452/1463/1917 1460/1471/1925
f 1460/1471/1925 1459/1470/1924 1451/1462/1916
f 1452/1463/1917 1453/1464/1918 1461/1472/1926
f 1461/1472/1926 1460/1471/1925 1452/1463/1917
f 1453/1464/1918 1454/1465/1919 1462/1473/1927
f 1462/1473/1927 1461/1472/1926 1453/1464/1918
f 1454/1465/1919 1447/1459/1913 1455/1467/1921
f 1455/1467/1921 1462/1473/1927 1454/1465/1919
f 1455/1467/1921 1456/1466/1920 1464/1474/1928
f 1464/1474/1928 1463/1475/1929 1455/1467/1921
f 1456/1466/1920 1457/1468/1922 1465/1476/1930
f 1465/1476/1930 1464/1474/1928 1456/1466/1920
f 1457/1468/1922 1458/1469/1923 1466/1477/1931
f 1466/1477/1931 1465/1476/1930 1457/1468/1922
f 1458/1469/1923 1459/1470/1924 1467/1478/1932
f 1467/1478/1932 1466/1477/1931 1458/1469/1923
f 1459/1470/1924 1460/1471/1925 1468/1479/1933
f 1468/1479/1933 1467/1478/1932 1459/1470/1924
f 1460/1471/1925 1461/1472/1926 1469/1480/1934
f 1469/1480/1934 1468/1479/1933 1460/1471/1925
f 1461/1472/1926 1462/1473/1927 1470/1481/1935
f 1470/1481/1935 1469/1480/1934 1461/1472/1926
f 1462/1473/1927 1455/1467/1921 1463/1475/1929
f 1463/1475/1929 1470/1481/1935 1462/1473/1927
f 1463/1475/1929 1464/1474/1928 1472/1482/1936
f 1472/1482/1936 1471/1483/1937 1463/1475/1929
f 1464/1474/1928 1465/1476/1930 1473/1484/1938
f 1473/1484/1938 1472/1482/1936 1464/1474/1928
f 1465/1476/1930 1466/1477/1931 1474/1485/1939
f 1474/1485/1939 1473/1484/1938 1465/1476/1930
f 1466/1477/1931 1467/1478/1932 1475/1486/1940
f 1475/1486/1940 1474/1485/1939 1466/1477/1931
f 1467/1478/1932 1468/1479/1933 1476/1487/1941
f 1476/1487/1941 1475/1486/1940 1467/1478/1932
f 1468/1479/1933 1469/1480/1934 1477/1488/1942
f 1477/1488/1942 1476/1487/1941 1468/1479/1933
f 1469/1480/1934 1470/1481/1935 1478/1489/1943
f 1478/1489/1943 1477/1488/1942 1469/1480/1934
f 1470/1481/1935 1463/1475/1929 1471/1483/1937
f 1471/1483/1937 1478/1489/1943 1470/1481/1935
f 1471/1483/1937 1472/1482/1936 1480/1490/1944
f 1480/1490/1944 1479/1491/1945 1471/1483/1937
f 1472/1482/1936 1473/1484/1938 1481/1492/1946
f 1481/1492/1946 1480/1490/1944 1472/1482/1936
f 1473/1484/1938 1474/1485/1939 1482/1493/1947
f 1482/1493/1947 1481/1492/1946 1473/1484/1938
f 1267/1206/1948 1266/1205/1949 1482/1493/1947
f 1475/1486/1940 1267/1206/1948 1482/1493/1947
f 1474/1485/1939 1475/1486/1940 1482/1493/1947
f 1483/1494/1950 1268/1217/1951 1267/1206/1948
f 1483/1494/1950 1267/1206/1948 1475/1486/1940
f 1483/1494/1950 1475/1486/1940 1476/1487/1941
f 1476/1487/1941 1477/1488/1942 1484/1495/1952
f 1484/1495/1952 1483/1494/1950 1476/1487/1941
f 1477/1488/1942 1478/1489/1943 1485/1496/1953
f 1485/1496/1953 1484/1495/1952 1477/1488/1942
f 1478/1489/1943 1471/1483/1937 1479/1491/1945
f 1479/1491/1945 1485/1496/1953 1478/1489/1943
f 1480/1490/1944 1271/1223/1954 1270/1221/1955
f 1480/1490/1944 1270/1221/1955 1269/1220/1956
f 1479/1491/1945 1480/1490/1944 1269/1220/1956
f 1481/1492/1946 1495/1497/1957 1496/1498/1958
f 1496/1498/1958 1272/1224/1959 1271/1223/1954
f 1481/1492/1946 1496/1498/1958 1271/1223/1954
f 1480/1490/1944 1481/1492/1946 1271/1223/1954
f 1482/1493/1947 1274/1209/1960 1273/1208/1961
f 1481/1492/1946 1482/1493/1947 1273/1208/1961
f 1273/1208/1961 1275/1227/1962 1493/1499/1963
f 1481/1492/1946 1273/1208/1961 1493/1499/1963
f 1276/1214/1964 1268/1217/1951 1483/1494/1950
f 1483/1494/1950 1277/1215/1965 1276/1214/1964
f 1485/1496/1953 1279/1314/1966 1278/1315/1967
f 1278/1315/1967 1497/1500/1968 1498/1501/1969
f 1485/1496/1953 1278/1315/1967 1498/1501/1969
f 1484/1495/1952 1485/1496/1953 1498/1501/1969
f 1511/1502/1970 1282/1320/1971 1281/1318/1972
f 1283/1166/1973 1285/1319/1974 1487/1503/1975
f 1487/1503/1975 1486/1504/1976 1284/1167/1977
f 1283/1166/1973 1487/1503/1975 1284/1167/1977
f 1511/1502/1970 1512/1505/1978 1488/1506/1979
f 1511/1502/1970 1488/1506/1979 1487/1503/1975
f 1282/1320/1971 1511/1502/1970 1487/1503/1975
f 1282/1320/1971 1487/1503/1975 1285/1319/1974
f 1513/1507/1980 1488/1506/1979 1512/1505/1978
f 1489/1508/1981 1288/1186/1982 1287/1185/1983
f 1287/1185/1983 1286/1183/1984 1489/1508/1981
f 1490/1509/1985 1291/1193/1986 1290/1195/1987
f 1290/1195/1987 1289/1294/1988 1490/1509/1985
f 1490/1509/1985 1289/1294/1988 1293/1295/1989
f 1293/1295/1989 1292/1298/1990 1514/1510/1991
f 1490/1509/1985 1293/1295/1989 1514/1510/1991
f 1491/1511/1992 1490/1509/1985 1514/1510/1991
f 1492/1512/1993 1491/1511/1992 1515/1513/1994
f 1515/1513/1994 1516/1514/1995 1295/1299/1996
f 1492/1512/1993 1515/1513/1994 1295/1299/1996
f 1294/1300/1997 1492/1512/1993 1295/1299/1996
f 1486/1504/1976 1487/1503/1975 1408/1419/1873
f 1408/1419/1873 1407/1418/1872 1486/1504/1976
f 1487/1503/1975 1488/1506/1979 1409/1422/1876
f 1409/1422/1876 1408/1419/1873 1487/1503/1975
f 1488/1506/1979 1489/1508/1981 1410/1424/1878
f 1410/1424/1878 1409/1422/1876 1488/1506/1979
f 1286/1183/1984 1297/1182/1998 1411/1426/1880
f 1489/1508/1981 1286/1183/1984 1411/1426/1880
f 1489/1508/1981 1411/1426/1880 1410/1424/1878
f 1297/1182/1998 1291/1193/1986 1490/1509/1985
f 1297/1182/1998 1490/1509/1985 1412/1428/1882
f 1297/1182/1998 1412/1428/1882 1411/1426/1880
f 1490/1509/1985 1491/1511/1992 1413/1430/1884
f 1413/1430/1884 1412/1428/1882 1490/1509/1985
f 1491/1511/1992 1492/1512/1993 1414/1432/1886
f 1414/1432/1886 1413/1430/1884 1491/1511/1992
f 1492/1512/1993 1486/1504/1976 1407/1418/1872
f 1407/1418/1872 1414/1432/1886 1492/1512/1993
f 1299/1204/1999 1274/1209/1960 1482/1493/1947
f 1482/1493/1947 1266/1205/1949 1299/1204/1999
f 1484/1495/1952 1498/1501/1969 1494/1515/2000
f 1497/1500/1968 1278/1315/1967 1300/1313/2001
s 28
f 1302/1265/2002 1241/1270/1769 1332/1328/1752
f 1332/1328/1752 1233/1266/1754 1302/1265/2002
f 1334/1333/1760 1510/1340/1778 1506/1516/2003
f 1509/1339/1777 1245/1305/1776 1303/1303/2004
s 73
f 1307/1284/2005 1505/1338/2006 1242/1285/2007
f 1507/1336/2008 1505/1338/2006 1307/1284/2005
f 1507/1336/2008 1307/1284/2005 1304/1283/2009
f 1507/1336/2008 1304/1283/2009 1508/1337/2010
s 74
f 1308/1306/2011 1501/1346/2012 1309/1307/2013
f 1500/1344/2014 1499/1341/2015 1248/1308/2016
f 1500/1344/2014 1248/1308/2016 1309/1307/2013
f 1500/1344/2014 1309/1307/2013 1501/1346/2012
s 76
f 1313/1226/2017 1493/1499/2018 1275/1227/2019
f 1495/1497/2020 1493/1499/2018 1313/1226/2017
f 1495/1497/2020 1313/1226/2017 1301/1225/2021
f 1495/1497/2020 1301/1225/2021 1496/1498/2022
s 77
f 1314/1316/2023 1513/1507/2024 1315/1317/2025
f 1512/1505/2026 1511/1502/2027 1281/1318/2028
f 1512/1505/2026 1281/1318/2028 1315/1317/2025
f 1512/1505/2026 1315/1317/2025 1513/1507/2024
s 28
f 1505/1338/1772 1507/1336/1766 1331/1326/1750
f 1317/1248/2029 1255/1247/1791 1339/1347/1790
f 1317/1248/2029 1339/1347/1790 1338/1345/1788
f 1308/1306/2030 1317/1248/2029 1338/1345/1788
f 1501/1346/1789 1308/1306/2030 1338/1345/1788
f 1502/1349/1800 1503/1352/1803 1341/1350/1801
s 50
f 1493/1499/1963 1495/1497/1957 1481/1492/1946
f 1318/1187/2031 1288/1186/1982 1489/1508/1981
f 1318/1187/2031 1489/1508/1981 1488/1506/1979
f 1314/1316/2032 1318/1187/2031 1488/1506/1979
f 1513/1507/1980 1314/1316/2032 1488/1506/1979
f 1514/1510/1991 1515/1513/1994 1491/1511/1992
f 1494/1515/2000 1312/1311/2033 1319/1216/2034
f 1319/1216/2034 1277/1215/1965 1483/1494/1950
f 1319/1216/2034 1483/1494/1950 1484/1495/1952
f 1494/1515/2000 1319/1216/2034 1484/1495/1952
s 28
f 1506/1516/2003 1306/1301/2035 1320/1277/2036
f 1320/1277/2036 1244/1276/1774 1333/1330/1756
f 1320/1277/2036 1333/1330/1756 1334/1333/1760
f 1506/1516/2003 1320/1277/2036 1334/1333/1760
s 50
f 1296/1179/2037 1284/1167/1977 1486/1504/1976
f 1296/1179/2037 1486/1504/1976 1492/1512/1993
f 1296/1179/2037 1492/1512/1993 1294/1300/1997
s 79
f 1316/1297/2038 1514/1510/2039 1292/1298/2040
f 1515/1513/2041 1514/1510/2039 1316/1297/2038
f 1515/1513/2041 1316/1297/2038 1298/1296/2042
f 1515/1513/2041 1298/1296/2042 1516/1514/2043
s 50
f 1295/1299/1996 1516/1514/1995 1298/1296/2044
f 1272/1224/1959 1496/1498/1958 1301/1225/2045
s 80
f 1498/1501/2046 1497/1500/2047 1300/1313/2048
f 1498/1501/2046 1300/1313/2048 1311/1312/2049
f 1498/1501/2046 1311/1312/2049 1494/1515/2050
f 1312/1311/2051 1494/1515/2050 1311/1312/2049
s 50
f 1280/1233/2052 1279/1314/1966 1485/1496/1953
f 1280/1233/2052 1485/1496/1953 1479/1491/1945
f 1280/1233/2052 1479/1491/1945 1269/1220/1956
s 28
f 1263/1241/2053 1251/1235/1786 1336/1343/1785
f 1263/1241/2053 1336/1343/1785 1342/1351/1802
f 1263/1241/2053 1342/1351/1802 1261/1293/1806
s 81
f 1310/1290/2054 1502/1349/2055 1259/1291/2056
f 1503/1352/2057 1502/1349/2055 1310/1290/2054
f 1503/1352/2057 1310/1290/2054 1265/1289/2058
f 1503/1352/2057 1265/1289/2058 1504/1353/2059
s 28
f 1262/1292/1805 1504/1353/1804 1265/1289/2060
f 1239/1282/1768 1508/1337/1767 1304/1283/2061
s 82
f 1510/1340/2062 1509/1339/2063 1303/1303/2064
f 1510/1340/2062 1303/1303/2064 1305/1302/2065
f 1510/1340/2062 1305/1302/2065 1506/1516/2066
f 1306/1301/2067 1506/1516/2066 1305/1302/2065
s 28
f 1247/1286/2068 1246/1304/1775 1335/1335/1762
f 1247/1286/2068 1335/1335/1762 1329/1324/1748
f 1247/1286/2068 1329/1324/1748 1236/1279/1765
g default
v -219.485199 90.644699 -220.282898
v -215.011902 87.421898 -216.730896
v -215.765305 94.799202 -216.831100
v -219.530502 96.635597 -222.951096
v -221.104004 90.393204 -226.633301
v -218.311401 84.698799 -222.789093
v -208.793701 85.451797 -216.048401
v -210.075500 98.002899 -216.218796
v -216.481094 101.127098 -226.630798
v -219.158203 90.506897 -232.895401
v -214.407196 80.819000 -226.355194
v -209.481094 91.747002 -214.342102
v -213.999603 100.960701 -220.562302
v -219.338303 96.554604 -230.364594
v -218.119202 84.617798 -230.202606
v -212.027100 81.646500 -220.300201
v -203.078003 88.644600 -216.434998
v -203.831497 96.022003 -216.535095
v -206.624100 101.716400 -220.379303
v -210.389206 103.552696 -226.499405
v -213.688705 100.829597 -232.557495
v -215.262299 94.587196 -236.239807
v -214.508804 87.209801 -236.139694
v -211.716202 81.515503 -232.295395
v -207.951096 79.679100 -226.175400
v -204.651596 82.402199 -220.117203
v -209.170197 91.615898 -226.337402
v -210.179398 104.257698 -216.118896
v -208.269501 103.595100 -217.876495
v -207.913498 101.595001 -219.622498
v -209.319702 99.428902 -220.334106
v -211.664597 98.365700 -219.594406
v -213.574493 99.028297 -217.836700
v -213.930603 101.028397 -216.090698
v -212.524307 103.194504 -215.379196
v -211.678604 103.431297 -225.742599
v -212.308304 100.886497 -225.191895
v -214.331604 99.666496 -223.929398
v -216.563095 100.485901 -222.694595
v -217.695694 102.864799 -222.210800
v -219.304504 103.112297 -231.848999
v -216.791199 102.525497 -232.566299
v -214.978104 100.708199 -231.800705
v -214.927399 98.724998 -230.000595
v -216.668701 97.737602 -228.220596
v -219.182098 98.324402 -227.503296
v -220.995193 100.141701 -228.268906
v -221.045898 102.124901 -230.069000
v -221.337006 95.049103 -236.605301
v -218.689194 94.995598 -237.007996
v -216.551605 94.465797 -235.483002
v -216.176407 93.769997 -232.923492
v -217.783295 93.315903 -230.828903
v -220.431107 93.369400 -230.426102
v -222.568695 93.899200 -231.951202
v -222.944000 94.595001 -234.510696
v -215.798203 87.088402 -235.382904
v -215.578400 87.914200 -232.843994
v -217.249603 88.090302 -230.757904
v -219.833099 87.513496 -230.346695
v -221.815308 86.521896 -231.851105
v -216.756805 78.164803 -231.510498
v -214.411896 79.227997 -232.250198
v -213.005600 81.394096 -231.538605
v -213.361694 83.394203 -229.792603
v -215.271500 84.056702 -228.034897
v -217.616394 82.993599 -227.295197
v -219.022705 80.827499 -228.006805
v -218.666595 78.827301 -229.752808
v -209.240494 79.557701 -225.418594
v -210.373093 81.936600 -224.934799
v -212.604599 82.755997 -223.699905
v -214.627808 81.535896 -222.437393
v -215.257599 78.991096 -221.886795
v -207.631607 79.310204 -215.780304
v -205.890305 80.297600 -217.560303
v -205.940994 82.280800 -219.360397
v -207.754105 84.098099 -220.126007
v -210.267395 84.684799 -219.408707
v -212.008804 83.697403 -217.628693
v -211.958099 81.714203 -215.828598
v -210.145004 79.897003 -215.063004
v -205.599106 87.373299 -211.024002
v -203.992203 87.827499 -213.118698
v -204.367401 88.523201 -215.678101
v -206.505096 89.053001 -217.203201
v -209.152802 89.106598 -216.800400
v -210.759796 88.652397 -214.705795
v -210.384506 87.956703 -212.146301
v -208.246902 87.426804 -210.621307
v -205.120804 95.900597 -215.778305
v -207.103104 94.908897 -217.282700
v -209.686493 94.332199 -216.871399
v -211.357803 94.508301 -214.785294
v -211.137894 95.334000 -212.246506
v -206.228195 94.042801 -211.180298
v -206.274796 93.989700 -211.113800
v -206.362106 94.030197 -211.101700
v -208.939301 101.728897 -214.411697
v -206.955994 100.916702 -216.068298
v -207.104599 100.780296 -217.044098
v -207.006897 100.347603 -217.319397
v -205.051193 96.162300 -214.973495
v -204.863907 95.336098 -214.100006
v -205.479202 96.731201 -216.096207
v -208.998199 94.783203 -210.721100
v -209.726501 94.878197 -211.245895
v -212.192398 99.859299 -214.275696
v -211.967194 100.322502 -214.190002
v -211.210693 100.516098 -213.570999
v -211.436203 80.423103 -228.874207
v -212.220398 79.665398 -229.519394
v -212.640900 78.364197 -229.371597
v -215.084702 77.349297 -228.792694
v -212.521896 79.289703 -229.720993
v -210.553299 76.884697 -221.301498
v -209.180405 77.582199 -223.601196
v -209.158600 78.298599 -224.150101
v -214.021194 77.840698 -221.296005
v -213.435104 77.181602 -221.103897
v -210.687302 76.872101 -221.222900
v -215.675201 79.051598 -222.747894
v -214.898605 78.237099 -222.040100
v -217.384399 78.831902 -226.866806
v -217.405899 79.177101 -226.475693
v -216.895706 77.963600 -226.874207
v -210.590805 76.867996 -221.213593
v -217.326294 79.868500 -225.416901
v -220.574005 88.392197 -236.527603
v -220.661301 88.432701 -236.515503
v -220.707901 88.379601 -236.449005
v -217.996902 80.693604 -233.217606
v -215.725403 81.906403 -234.058304
v -214.968994 82.099998 -233.439301
v -214.743698 82.563202 -233.353607
v -216.426498 86.774101 -235.859695
v -217.209702 87.544197 -236.383408
v -215.578094 86.244797 -234.983795
v -222.192703 87.238701 -234.410797
v -222.072205 87.086403 -233.529297
v -219.929306 82.074898 -230.309906
v -219.831497 81.642097 -230.585205
v -219.980103 81.505798 -231.561005
v -209.609802 102.553902 -222.212402
v -209.530304 103.245399 -221.153595
v -210.040497 104.458900 -220.755096
v -211.851395 105.073097 -218.836594
v -209.551697 103.590599 -220.762497
v -216.248901 105.550400 -226.406403
v -213.501099 105.240799 -226.525406
v -212.914993 104.581703 -226.333405
v -217.777496 104.123901 -223.479202
v -217.755798 104.840202 -224.028107
v -216.382797 105.537804 -226.327805
v -217.139893 102.817398 -221.430801
v -217.496094 103.671402 -222.385300
v -214.414307 103.132698 -217.908401
v -214.715805 102.757103 -218.109894
v -214.295197 104.058197 -218.257797
v -216.345398 105.554497 -226.415695
v -215.500000 101.999298 -218.755096
v -217.938004 87.639297 -236.908203
v -220.236206 83.210197 -229.838394
v -214.346100 83.764801 -233.295700
v -204.743500 95.183800 -213.218506
v -212.589996 98.657700 -214.333603
v -206.699905 99.212303 -217.790894
v -211.360794 96.483704 -212.722305
v -211.358093 96.177696 -212.645493
v -205.587097 97.027298 -216.111298
v -209.796295 79.605103 -226.198502
v -209.996994 79.532799 -226.430893
v -215.770706 78.989098 -223.041901
v -221.349106 85.395203 -231.518097
v -221.456894 85.691200 -231.533096
v -215.575394 85.938797 -234.906998
v -211.261002 103.370903 -224.881500
v -211.165497 103.433296 -224.587402
v -216.939102 102.889702 -221.198502
v -209.440094 78.751099 -225.244003
v -212.037598 104.185402 -225.589203
v -221.884995 86.260101 -232.655807
v -210.509598 95.648399 -211.769608
v -202.463898 99.196098 -203.785904
v -200.281204 98.438904 -205.794693
v -199.874207 96.153000 -207.790100
v -201.481400 93.677498 -208.603302
v -204.161301 92.462402 -207.757996
v -206.343903 93.219597 -205.749207
v -206.750900 95.505501 -203.753799
v -205.143707 97.981003 -202.940598
v -206.150696 101.860199 -209.639801
v -203.740707 100.938797 -211.287598
v -202.784897 98.256302 -212.411606
v -203.843201 95.384201 -212.353394
v -208.705795 94.926300 -209.499298
v -209.661606 97.608803 -208.375305
v -208.603195 100.480904 -208.433502
v -213.599594 72.310204 -227.070801
v -210.730194 73.210800 -227.643799
v -208.665604 74.927299 -226.172897
v -208.615005 76.454102 -223.519806
v -213.477600 75.996300 -220.665695
v -215.542297 74.279800 -222.136597
v -215.592804 72.752899 -224.789597
v -210.526398 67.211304 -222.653000
v -207.846603 68.426300 -223.498398
v -206.239395 70.901901 -222.685196
v -206.646301 73.187698 -220.689804
v -208.829102 73.944901 -218.681000
v -211.508896 72.729897 -217.835693
v -213.116104 70.254303 -218.648895
v -212.709106 67.968498 -220.644302
v -206.839600 64.547096 -216.799103
v -204.387100 65.926399 -218.005493
v -203.328705 68.798599 -218.063705
v -204.284500 71.481003 -216.939697
v -206.694504 72.402496 -215.291901
v -209.147095 71.023201 -214.085602
v -210.205399 68.151100 -214.027405
v -209.249603 65.468597 -215.151398
v -203.100296 64.723198 -210.400299
v -200.878296 66.091698 -212.001205
v -200.376602 68.937599 -213.011993
v -201.889099 71.593903 -212.840500
v -204.529694 72.504501 -211.587296
v -206.751602 71.136002 -209.986404
v -207.253296 68.290100 -208.975601
v -205.740906 65.633904 -209.147003
v -199.877808 67.712799 -204.430603
v -197.854599 68.897003 -206.399597
v -197.832596 71.297798 -208.299103
v -199.824799 73.509003 -209.016296
v -202.664093 74.235298 -208.131195
v -204.687302 73.051201 -206.162201
v -204.709305 70.650299 -204.262695
v -202.717102 68.439102 -203.545502
v -197.662796 73.060799 -199.798996
v -195.776093 73.915100 -202.053497
v -196.083893 75.519897 -204.642502
v -198.405807 76.934998 -206.049194
v -201.381699 77.331497 -205.449707
v -203.268295 76.477097 -203.195099
v -202.960602 74.872398 -200.606201
v -200.638702 73.457298 -199.199402
v -196.792404 79.952904 -197.210495
v -194.959396 80.382301 -199.624695
v -195.396698 80.960999 -202.598999
v -197.848206 81.350098 -204.391006
v -200.877808 81.321602 -203.951096
v -202.710800 80.892303 -201.536896
v -202.273407 80.313499 -198.562607
v -199.822006 79.924400 -196.770599
v -197.399200 87.339897 -197.059204
v -195.528793 87.313797 -199.482697
v -195.875793 86.792900 -202.479507
v -198.236893 86.082298 -204.294098
v -201.229095 85.598297 -203.863495
v -203.099503 85.624496 -201.440002
v -202.752502 86.145401 -198.443207
v -200.391296 86.855904 -196.628601
v -199.390701 94.097198 -199.368195
v -197.397507 93.654404 -201.649399
v -197.448105 92.127602 -204.302399
v -199.512695 90.411102 -205.773300
v -202.382095 89.510498 -205.200302
v -204.375305 89.953201 -202.919205
v -204.324707 91.480103 -200.266098
v -202.260101 93.196602 -198.795197
v -216.409698 115.211197 -224.976303
v -214.227005 114.454002 -226.985001
v -213.820099 112.168098 -228.980499
v -215.427200 109.692596 -229.793701
v -218.107101 108.477501 -228.948303
v -220.289795 109.234703 -226.939499
v -220.696701 111.520599 -224.944107
v -219.089600 113.996101 -224.130905
v -220.096603 117.875397 -230.830200
v -217.686600 116.953903 -232.477997
v -216.730804 114.271400 -233.601898
v -217.789093 111.399300 -233.543701
v -220.241592 110.019997 -232.337402
v -222.651596 110.941399 -230.689606
v -223.607407 113.623901 -229.565598
v -222.549103 116.496002 -229.623795
v -223.835907 117.699203 -237.229004
v -221.195297 116.788597 -238.482300
v -219.682800 114.132401 -238.653702
v -220.184494 111.286400 -237.642899
v -222.406494 109.917999 -236.042007
v -225.047104 110.828598 -234.788803
v -226.559494 113.484802 -234.617401
v -226.057800 116.330803 -235.628204
v -227.058304 114.709602 -243.198700
v -224.218994 113.983398 -244.083801
v -222.226898 111.772102 -243.366592
v -222.248901 109.371300 -241.467102
v -224.272095 108.187202 -239.498093
v -227.111404 108.913399 -238.613007
v -229.103607 111.124603 -239.330307
v -229.081604 113.525497 -241.229706
v -229.273407 109.361702 -247.830399
v -226.297501 108.965202 -248.429901
v -223.975601 107.550102 -247.023193
v -223.667801 105.945297 -244.434204
v -225.554504 105.091003 -242.179596
v -228.530396 105.487503 -241.580093
v -230.852295 106.902603 -242.986801
v -231.160004 108.507301 -245.575806
v -230.143799 102.469597 -250.418900
v -227.114197 102.498001 -250.858795
v -224.662704 102.108902 -249.066696
v -224.225403 101.530197 -246.092407
v -226.058395 101.100800 -243.678207
v -229.087997 101.072304 -243.238297
v -231.539398 101.461403 -245.030396
v -231.976700 102.040199 -248.004700
v -229.537003 95.082603 -250.570099
v -226.544800 95.566498 -251.000702
v -224.183701 96.277100 -249.186096
v -223.836700 96.797997 -246.189301
v -225.707108 96.824097 -243.765793
v -228.699203 96.340103 -243.335205
v -231.060394 95.629601 -245.149796
v -231.407394 95.108704 -248.146606
v -227.545395 88.325203 -248.261093
v -224.676102 89.225899 -248.834106
v -222.611404 90.942398 -247.363205
v -222.560898 92.469200 -244.710098
v -224.554092 92.912003 -242.429001
v -227.423401 92.011398 -241.856003
v -229.488098 90.294899 -243.326904
v -229.538605 88.767998 -245.979996
v -224.472305 83.226402 -243.843399
v -221.792404 84.441399 -244.688797
v -220.185303 86.917000 -243.875504
v -220.592194 89.202797 -241.880096
v -222.774902 89.959999 -239.871399
v -225.454803 88.745003 -239.026001
v -227.061905 86.269402 -239.839203
v -226.654999 83.983597 -241.834595
v -220.785400 80.562202 -237.989502
v -218.332901 81.941498 -239.195801
v -217.274597 84.813698 -239.253998
v -218.230392 87.496101 -238.130005
v -223.092896 87.038300 -235.275894
v -224.151199 84.166199 -235.217697
v -223.195404 81.483704 -236.341705
v -213.336594 110.112297 -220.558502
v -211.343399 109.669502 -222.839706
v -211.393906 108.142700 -225.492798
v -213.458603 106.426201 -226.963593
v -218.321106 105.968300 -224.109497
v -218.270599 107.495201 -221.456406
v -216.205902 109.211700 -219.985596
v -215.412598 85.954102 -235.002502
v -221.511795 85.379799 -231.422501
v -214.462601 84.946098 -234.442001
v -214.396606 84.532501 -234.052994
v -220.975800 83.913002 -230.191299
v -221.339294 84.298599 -230.405701
v -210.586502 80.157097 -228.263702
v -210.163193 80.008797 -227.909302
v -209.834198 79.548103 -226.526398
v -215.933502 78.973801 -222.946396
v -217.039902 79.361298 -223.872894
v -217.165802 79.537598 -224.401901
v -205.424301 97.042603 -216.206802
v -211.523605 96.468300 -212.626801
v -205.596893 98.123901 -217.223602
v -205.960297 98.509499 -217.438004
v -212.539597 97.889999 -213.576294
v -212.473602 97.476303 -213.187302
v -209.770401 102.884903 -223.227402
v -209.896194 103.061096 -223.756393
v -211.002701 103.448700 -224.682907
v -217.101898 102.874397 -221.102905
v -216.772903 102.413597 -219.720001
v -216.349701 102.265404 -219.365601
vt 0.500000 0.500000
vt 0.590100 0.500000
vt 0.527900 0.585700
vt 0.427100 0.553000
vt 0.427100 0.447000
vt 0.527900 0.414300
vt 0.618000 0.585700
vt 0.454900 0.638700
vt 0.354200 0.500000
vt 0.454900 0.361300
vt 0.618000 0.414300
vt 0.653300 0.500000
vt 0.547400 0.645800
vt 0.376000 0.590100
vt 0.376000 0.409900
vt 0.547400 0.354200
vt 0.663000 0.553000
vt 0.600800 0.638700
vt 0.500000 0.671400
vt 0.399200 0.638700
vt 0.337000 0.553000
vt 0.337000 0.447000
vt 0.399200 0.361300
vt 0.500000 0.328600
vt 0.600800 0.361300
vt 0.663000 0.447000
vt 0.500000 0.500000
vt 0.500000 0.706800
vt 0.452600 0.691400
vt 0.455300 0.706900
vt 0.500000 0.721400
vt 0.500000 0.671400
vt 0.500000 0.636100
vt 0.420000 0.610100
vt 0.399200 0.638700
vt 0.500000 0.621400
vt 0.428600 0.598200
vt 0.500000 0.636100
vt 0.420000 0.610100
vt 0.500000 0.671400
vt 0.399200 0.638700
vt 0.452600 0.691400
vt 0.500000 0.706800
vt 0.289400 0.568400
vt 0.345300 0.645300
vt 0.346000 0.645600
vt 0.303300 0.563900
vt 0.365400 0.649400
vt 0.376300 0.644600
vt 0.392600 0.647800
vt 0.337000 0.553000
vt 0.370600 0.542000
vt 0.384500 0.537500
vt 0.370600 0.542000
vt 0.337000 0.553000
vt 0.346000 0.645600
vt 0.303300 0.563900
vt 0.365400 0.649400
vt 0.303300 0.436100
vt 0.289400 0.431600
vt 0.337000 0.447000
vt 0.370600 0.458000
vt 0.384500 0.462500
vt 0.370600 0.458000
vt 0.337000 0.447000
vt 0.303300 0.436100
vt 0.365400 0.350600
vt 0.346000 0.354400
vt 0.345300 0.354700
vt 0.399200 0.361300
vt 0.392600 0.352200
vt 0.376300 0.355400
vt 0.420000 0.389900
vt 0.428600 0.401800
vt 0.420000 0.389900
vt 0.399200 0.361300
vt 0.365400 0.350600
vt 0.376300 0.355400
vt 0.392600 0.352200
vt 0.346000 0.354400
vt 0.500000 0.293200
vt 0.500000 0.278600
vt 0.455300 0.293100
vt 0.452600 0.308600
vt 0.500000 0.328600
vt 0.462400 0.317600
vt 0.461200 0.324500
vt 0.455300 0.340600
vt 0.414300 0.351500
vt 0.411200 0.354700
vt 0.500000 0.363900
vt 0.500000 0.378600
vt 0.500000 0.363900
vt 0.500000 0.328600
vt 0.500000 0.293200
vt 0.452600 0.308600
vt 0.547400 0.308600
vt 0.544700 0.293100
vt 0.580000 0.389900
vt 0.600800 0.361300
vt 0.571400 0.401800
vt 0.580000 0.389900
vt 0.600800 0.361300
vt 0.547400 0.308600
vt 0.710600 0.431600
vt 0.654700 0.354700
vt 0.654000 0.354400
vt 0.696700 0.436100
vt 0.634600 0.350600
vt 0.623700 0.355400
vt 0.607400 0.352200
vt 0.663000 0.447000
vt 0.629400 0.458000
vt 0.615500 0.462500
vt 0.629400 0.458000
vt 0.663000 0.447000
vt 0.654000 0.354400
vt 0.696700 0.436100
vt 0.634600 0.350600
vt 0.696700 0.563900
vt 0.710600 0.568400
vt 0.663000 0.553000
vt 0.629400 0.542000
vt 0.615500 0.537500
vt 0.629400 0.542000
vt 0.663000 0.553000
vt 0.696700 0.563900
vt 0.634600 0.649400
vt 0.654000 0.645600
vt 0.654700 0.645300
vt 0.600800 0.638700
vt 0.607400 0.647800
vt 0.623700 0.644600
vt 0.580000 0.610100
vt 0.571400 0.598200
vt 0.580000 0.610100
vt 0.600800 0.638700
vt 0.634600 0.649400
vt 0.623700 0.644600
vt 0.607400 0.647800
vt 0.654000 0.645600
vt 0.544700 0.706900
vt 0.547400 0.691400
vt 0.537600 0.682400
vt 0.538800 0.675500
vt 0.544700 0.659400
vt 0.585700 0.648500
vt 0.588800 0.645300
vt 0.547400 0.691400
vt 0.623700 0.355400
vt 0.607400 0.352200
vt 0.544700 0.340600
vt 0.585700 0.351500
vt 0.588800 0.354700
vt 0.538800 0.324500
vt 0.537600 0.317600
vt 0.376300 0.644600
vt 0.392600 0.647800
vt 0.455300 0.659400
vt 0.414300 0.648500
vt 0.411200 0.645300
vt 0.461200 0.675500
vt 0.462400 0.682400
vt 0.588800 0.645300
vt 0.585700 0.648500
vt 0.544700 0.659400
vt 0.537600 0.682400
vt 0.538800 0.675500
vt 0.588800 0.354700
vt 0.585700 0.351500
vt 0.544700 0.340600
vt 0.537600 0.317600
vt 0.538800 0.324500
vt 0.411200 0.354700
vt 0.414300 0.351500
vt 0.455300 0.340600
vt 0.462400 0.317600
vt 0.461200 0.324500
vt 0.411200 0.645300
vt 0.414300 0.648500
vt 0.455300 0.659400
vt 0.462400 0.682400
vt 0.461200 0.675500
vt 0.714300 0.771400
vt 0.714300 0.754700
vt 0.616800 0.735300
vt 0.610400 0.750800
vt 0.714300 0.714300
vt 0.632300 0.698000
vt 0.714300 0.673900
vt 0.647700 0.660600
vt 0.714300 0.657100
vt 0.647700 0.660600
vt 0.714300 0.673900
vt 0.714300 0.714300
vt 0.632300 0.698000
vt 0.714300 0.754700
vt 0.616800 0.735300
vt 0.566100 0.653700
vt 0.558500 0.655700
vt 0.585700 0.648500
vt 0.558500 0.655700
vt 0.566100 0.653700
vt 0.558500 0.344300
vt 0.616800 0.264700
vt 0.610400 0.249200
vt 0.566100 0.346300
vt 0.632300 0.302000
vt 0.585700 0.351500
vt 0.647700 0.339400
vt 0.647700 0.339400
vt 0.585700 0.351500
vt 0.632300 0.302000
vt 0.616800 0.264700
vt 0.566100 0.346300
vt 0.558500 0.344300
vt 0.714300 0.245300
vt 0.714300 0.228600
vt 0.714300 0.285700
vt 0.714300 0.326100
vt 0.714300 0.342900
vt 0.714300 0.326100
vt 0.714300 0.285700
vt 0.714300 0.245300
vt 0.811800 0.264700
vt 0.818200 0.249200
vt 0.796300 0.302000
vt 0.780800 0.339400
vt 0.774400 0.354800
vt 0.780800 0.339400
vt 0.796300 0.302000
vt 0.811800 0.264700
vt 0.894400 0.319900
vt 0.906200 0.308100
vt 0.865800 0.348500
vt 0.837200 0.377000
vt 0.825400 0.388900
vt 0.837200 0.377000
vt 0.865800 0.348500
vt 0.894400 0.319900
vt 0.949600 0.402500
vt 0.965100 0.396100
vt 0.912300 0.418000
vt 0.874900 0.433500
vt 0.859500 0.439900
vt 0.874900 0.433500
vt 0.912300 0.418000
vt 0.949600 0.402500
vt 0.969000 0.500000
vt 0.985700 0.500000
vt 0.928600 0.500000
vt 0.888200 0.500000
vt 0.871400 0.500000
vt 0.888200 0.500000
vt 0.928600 0.500000
vt 0.969000 0.500000
vt 0.949600 0.597500
vt 0.965100 0.603900
vt 0.912300 0.582000
vt 0.874900 0.566500
vt 0.859500 0.560100
vt 0.874900 0.566500
vt 0.912300 0.582000
vt 0.949600 0.597500
vt 0.894400 0.680100
vt 0.906200 0.691900
vt 0.865800 0.651500
vt 0.837200 0.623000
vt 0.825400 0.611100
vt 0.837200 0.623000
vt 0.865800 0.651500
vt 0.894400 0.680100
vt 0.811800 0.735300
vt 0.818200 0.750800
vt 0.796300 0.698000
vt 0.780800 0.660600
vt 0.774400 0.645200
vt 0.780800 0.660600
vt 0.796300 0.698000
vt 0.811800 0.735300
vt 0.285700 0.771400
vt 0.285700 0.754700
vt 0.188200 0.735300
vt 0.181800 0.750800
vt 0.285700 0.714300
vt 0.203700 0.698000
vt 0.285700 0.673900
vt 0.219200 0.660600
vt 0.285700 0.657100
vt 0.225600 0.645200
vt 0.285700 0.673900
vt 0.219200 0.660600
vt 0.285700 0.714300
vt 0.203700 0.698000
vt 0.285700 0.754700
vt 0.188200 0.735300
vt 0.105600 0.680100
vt 0.093800 0.691900
vt 0.134200 0.651500
vt 0.162800 0.623000
vt 0.174600 0.611100
vt 0.162800 0.623000
vt 0.134200 0.651500
vt 0.105600 0.680100
vt 0.050400 0.597500
vt 0.034900 0.603900
vt 0.087700 0.582000
vt 0.125100 0.566500
vt 0.140500 0.560100
vt 0.125100 0.566500
vt 0.087700 0.582000
vt 0.050400 0.597500
vt 0.031000 0.500000
vt 0.014300 0.500000
vt 0.071400 0.500000
vt 0.111800 0.500000
vt 0.128600 0.500000
vt 0.111800 0.500000
vt 0.071400 0.500000
vt 0.031000 0.500000
vt 0.050400 0.402500
vt 0.034900 0.396100
vt 0.087700 0.418000
vt 0.125100 0.433500
vt 0.140500 0.439900
vt 0.125100 0.433500
vt 0.087700 0.418000
vt 0.050400 0.402500
vt 0.105600 0.319900
vt 0.093800 0.308100
vt 0.134200 0.348500
vt 0.162800 0.377000
vt 0.174600 0.388900
vt 0.162800 0.377000
vt 0.134200 0.348500
vt 0.105600 0.319900
vt 0.188200 0.264700
vt 0.181800 0.249200
vt 0.203700 0.302000
vt 0.219200 0.339400
vt 0.225600 0.354800
vt 0.219200 0.339400
vt 0.203700 0.302000
vt 0.188200 0.264700
vt 0.285700 0.245300
vt 0.285700 0.228600
vt 0.285700 0.285700
vt 0.285700 0.326100
vt 0.285700 0.342900
vt 0.285700 0.326100
vt 0.285700 0.285700
vt 0.285700 0.245300
vt 0.383200 0.264700
vt 0.389600 0.249200
vt 0.367700 0.302000
vt 0.352300 0.339400
vt 0.352300 0.339400
vt 0.367700 0.302000
vt 0.383200 0.264700
vt 0.433900 0.346300
vt 0.441500 0.344300
vt 0.414300 0.351500
vt 0.441500 0.344300
vt 0.433900 0.346300
vt 0.441500 0.655700
vt 0.383200 0.735300
vt 0.389600 0.750800
vt 0.433900 0.653700
vt 0.367700 0.698000
vt 0.414300 0.648500
vt 0.352300 0.660600
vt 0.352300 0.660600
vt 0.414300 0.648500
vt 0.367700 0.698000
vt 0.383200 0.735300
vt 0.433900 0.653700
vt 0.441500 0.655700
vt 0.414300 0.351500
vt 0.585700 0.648500
vn -0.859585 -0.080937 0.504543
vn -0.486817 -0.349504 0.800535
vn -0.549597 0.265279 0.792193
vn -0.863358 0.418309 0.282190
vn -0.994489 -0.101899 -0.024668
vn -0.761773 -0.576429 0.295689
vn -0.025911 0.010927 0.999605
vn -0.402456 0.778730 0.481258
vn -0.847345 0.411558 -0.335600
vn -0.745759 -0.583176 -0.322101
vn -0.238085 -0.830787 0.503099
vn 0.031367 -0.513676 0.857410
vn -0.075452 0.532250 0.843218
vn -0.609245 0.792605 -0.024455
vn -0.832343 -0.092423 -0.546501
vn -0.436419 -0.899742 -0.001486
vn 0.304209 -0.252155 0.918627
vn 0.244442 0.333015 0.910686
vn 0.012183 0.806599 0.590974
vn -0.286465 0.952262 0.105521
vn -0.560871 0.725792 -0.398308
vn -0.685693 0.230636 -0.690385
vn -0.623034 -0.382919 -0.682057
vn -0.401514 -0.834597 -0.377141
vn -0.088383 -0.987322 0.131847
vn 0.173332 -0.771327 0.612381
vn 0.859581 0.080944 -0.504547
vn 0.859583 0.080938 -0.504545
vn 0.859585 0.080940 -0.504542
vn 0.859583 0.080944 -0.504544
vn 0.859586 0.080935 -0.504540
vn 0.859585 0.080936 -0.504542
vn 0.859584 0.080937 -0.504544
vn 0.859586 0.080940 -0.504541
vn 0.859587 0.080940 -0.504539
vn 0.859586 0.080941 -0.504540
vn 0.859585 0.080941 -0.504541
vn 0.744855 0.666305 -0.035055
vn 0.638746 0.750933 -0.167641
vn 0.058127 0.965476 0.253923
vn 0.212165 0.841709 0.496499
vn 0.904291 0.226265 -0.362024
vn 0.477240 -0.549086 -0.686110
vn 0.698456 -0.638343 -0.323539
vn 0.860833 0.184908 -0.474105
vn -0.212178 -0.841703 -0.496504
vn 0.101582 -0.994736 0.013502
vn -0.774950 -0.631935 -0.010559
vn -0.555914 -0.757406 0.342483
vn -0.808704 0.103136 0.579104
vn -0.873541 -0.023264 0.486195
vn -0.555105 0.638513 0.533067
vn -0.463336 0.533152 0.707862
vn -0.308753 0.799856 -0.514686
vn -0.251321 0.926647 -0.279578
vn 0.081085 0.891847 -0.445010
vn 0.358299 0.615585 -0.701910
vn 0.520539 0.636193 -0.569472
vn 0.687703 0.444211 -0.574232
vn 0.755271 0.455422 -0.471335
vn 0.854318 0.162474 -0.493703
vn 0.886640 -0.461763 0.025399
vn 0.376545 -0.767808 0.518347
vn -0.358298 -0.615583 0.701912
vn -0.893797 -0.001415 0.448469
vn -0.548824 0.832539 -0.075301
vn -0.822076 0.559801 -0.103990
vn -0.831170 0.508931 0.223933
vn 0.197157 0.219163 -0.955561
vn -0.559623 0.197455 -0.804882
vn 0.829060 0.113933 -0.547430
vn 0.969918 -0.086788 0.227436
vn 0.507673 -0.247607 0.825203
vn -0.257581 -0.260642 0.930440
vn -0.889943 -0.121564 0.439573
vn -0.969918 0.086785 -0.227437
vn 0.236584 0.010981 -0.971549
vn -0.150722 -0.028802 -0.988157
vn -0.500710 -0.062866 -0.863329
vn 0.826809 0.076847 -0.557208
vn 0.623886 -0.065784 -0.778742
vn 0.588103 0.049095 -0.807294
vn 0.916479 0.343341 0.205385
vn 0.444890 0.367176 0.816857
vn -0.292253 0.171851 0.940774
vn -0.891930 -0.149267 0.426826
vn -0.985298 -0.102489 -0.136693
vn -0.988052 -0.099300 0.117871
vn -0.964401 -0.215289 0.153562
vn -0.781056 -0.088171 -0.618205
vn 0.478986 -0.551072 -0.683295
vn -0.212181 -0.841698 -0.496511
vn -0.345449 -0.635528 -0.690485
vn 0.462409 -0.329069 -0.823342
vn 0.777505 -0.067960 -0.625193
vn 0.650137 -0.179627 -0.738279
vn 0.650144 -0.179591 -0.738282
vn 0.650153 -0.179623 -0.738266
vn 0.650232 -0.179593 -0.738204
vn 0.650105 -0.179659 -0.738299
vn 0.746725 0.664348 -0.032314
vn 0.212184 0.841703 0.496501
vn -0.449025 0.516691 0.728977
vn -0.874328 -0.261636 0.408775
vn -0.761197 -0.648429 0.010878
vn -0.845501 -0.513494 -0.146464
vn 0.555115 -0.638466 -0.533112
vn -0.058137 -0.965473 -0.253933
vn 0.525509 0.753601 -0.394874
vn 0.848231 -0.024057 -0.529080
vn -0.101593 0.994735 -0.013493
vn -0.668054 0.642162 0.375940
vn -0.842310 -0.138344 0.520937
vn -0.638780 -0.750896 0.167675
vn 0.410154 -0.790305 0.455183
vn 0.251165 -0.926638 0.279747
vn 0.548744 -0.832584 0.075389
vn 0.865674 -0.500337 -0.016506
vn 0.831173 -0.508935 -0.223911
vn 0.888446 -0.295814 -0.350939
vn 0.833001 -0.305893 -0.461020
vn 0.859019 -0.001159 -0.511942
vn 0.337323 0.577014 -0.743819
vn -0.376544 0.767812 -0.518343
vn -0.865670 0.500344 0.016509
vn -0.816227 -0.159595 0.555250
vn -0.081073 -0.891833 0.445041
vn -0.224679 -0.658357 0.718391
vn -0.520539 -0.636197 0.569466
vn 0.953541 -0.110810 0.280145
vn 0.458207 -0.206997 0.864407
vn 0.886795 0.047626 -0.459702
vn 0.254043 0.202034 -0.945856
vn -0.507678 0.247602 -0.825201
vn -0.966389 0.145393 -0.212021
vn -0.823385 -0.039766 0.566088
vn -0.254051 -0.202038 0.945853
vn 0.957275 0.101441 0.270803
vn 0.781013 0.088177 0.618259
vn 0.500759 0.062866 0.863301
vn 0.889043 0.084752 -0.449910
vn 0.964390 0.215422 -0.153448
vn 0.988052 0.099350 -0.117822
vn 0.307483 -0.228102 -0.923809
vn -0.444897 -0.367178 -0.816852
vn -0.931735 -0.287102 -0.222356
vn -0.817180 -0.011726 0.576264
vn -0.366413 -0.024805 0.930122
vn -0.588140 -0.049112 0.807266
vn -0.623922 0.065674 0.778722
vn 0.150855 0.028799 0.988136
vn 0.345429 0.635543 0.690481
vn 0.889295 0.456354 0.029935
vn 0.926006 0.328007 -0.186877
vn 0.926014 0.327987 -0.186877
vn 0.926013 0.327866 -0.187090
vn 0.926039 0.327876 -0.186949
vn 0.926011 0.327947 -0.186960
vn -0.348356 0.401111 0.847206
vn -0.687696 -0.444218 0.574234
vn -0.755271 -0.455431 0.471326
vn -0.811311 -0.459681 0.361203
vn -0.811321 -0.459649 0.361222
vn -0.811300 -0.459718 0.361180
vn -0.811302 -0.459713 0.361183
vn -0.811309 -0.459698 0.361185
vn -0.888457 0.295810 0.350913
vn -0.833054 0.305842 0.460958
vn -0.764797 0.311485 0.563971
vn -0.764664 0.311805 0.563974
vn -0.764831 0.311407 0.563967
vn -0.764854 0.311331 0.563978
vn -0.764859 0.311353 0.563959
vn -0.650297 0.179432 0.738185
vn -0.650121 0.179507 0.738323
vn -0.650236 0.179473 0.738229
vn -0.650140 0.179566 0.738292
vn -0.650165 0.179531 0.738277
vn 0.764913 -0.311231 -0.563953
vn 0.765102 -0.310910 -0.563874
vn 0.764905 -0.311256 -0.563951
vn 0.764883 -0.311245 -0.563986
vn 0.764867 -0.311303 -0.563976
vn -0.926033 -0.327884 0.186964
vn -0.926082 -0.327597 0.187224
vn -0.926038 -0.327890 0.186929
vn -0.926007 -0.328029 0.186835
vn -0.926001 -0.328038 0.186851
vn 0.811278 0.459780 -0.361152
vn 0.811173 0.460050 -0.361042
vn 0.811307 0.459720 -0.361162
vn 0.811351 0.459619 -0.361192
vn 0.811339 0.459640 -0.361193
vn 0.212168 0.841706 0.496503
vn 0.767883 0.640563 0.005794
vn 0.494220 0.854661 -0.159067
vn -0.099620 0.961624 0.255647
vn 0.872024 0.066250 -0.484959
vn 0.864142 0.124433 -0.487621
vn 0.513000 -0.471480 -0.717313
vn 0.556351 -0.665053 -0.498174
vn -0.117343 -0.929776 -0.348924
vn 0.312390 -0.876277 -0.366813
vn -0.147779 -0.850258 -0.505196
vn -0.565024 -0.809168 0.161232
vn -0.345775 -0.938122 0.019177
vn -0.767885 -0.640562 -0.005793
vn -0.872021 -0.066245 0.484964
vn -0.843544 -0.253289 0.473581
vn -0.468742 0.546183 0.694237
vn -0.674583 0.559774 0.481239
vn 0.669783 0.620124 -0.408457
vn 0.247715 0.953621 -0.171011
vn 0.034237 0.998285 -0.047478
vn 0.859579 0.080964 -0.504548
vn 0.743468 0.454969 -0.490163
vn 0.725798 0.447027 -0.522861
vn 0.661899 -0.652570 -0.368839
vn 0.823714 -0.313103 -0.472717
vn 0.823748 -0.313103 -0.472658
vn 0.823724 -0.313099 -0.472703
vn -0.247634 -0.953651 0.170958
vn -0.545345 -0.766241 0.339814
vn -0.661898 0.652570 0.368842
vn -0.843712 0.305478 0.441399
vn -0.862554 0.297402 0.409333
vn -0.857942 0.126675 0.497884
vn 0.617272 -0.045555 -0.785430
vn 0.615313 -0.033209 -0.787584
vn 0.595657 0.065233 -0.800586
vn -0.079215 -0.343158 -0.935931
vn 0.294173 -0.230252 -0.927602
vn 0.366575 -0.281585 -0.886754
vn -0.373915 -0.573347 -0.729014
vn -0.315393 -0.388760 -0.865675
vn 0.859535 0.080884 -0.504637
vn 0.905768 0.151190 -0.395887
vn 0.960988 0.231456 -0.151427
vn 0.855567 0.471823 0.213044
vn 0.913109 0.343910 0.218991
vn 0.726225 0.404080 0.556162
vn 0.651802 0.609515 0.451272
vn -0.382371 0.317731 0.867663
vn 0.016299 0.498899 0.866507
vn 0.079163 0.343169 0.935932
vn -0.294153 0.230324 0.927591
vn -0.622742 0.082349 0.778082
vn -0.622799 0.082333 0.778038
vn -0.622758 0.082321 0.778072
vn -0.849698 -0.103294 0.517053
vn -0.880228 -0.444648 -0.165792
vn -0.930841 -0.162524 0.327294
vn -0.977361 -0.158064 0.140645
vn -0.969858 -0.194958 0.146178
vn -0.913124 -0.343916 -0.218922
vn 0.450976 -0.525801 -0.721217
vn -0.212176 -0.841706 -0.496500
vn 0.846501 0.095566 -0.523740
vn 0.750130 0.660951 -0.021185
vn 0.121548 0.690925 0.712636
vn 0.275630 0.829545 0.485679
vn -0.450980 0.525794 0.721220
vn -0.846498 -0.095569 0.523744
vn -0.750126 -0.660956 0.021177
vn 0.586895 -0.631576 -0.506622
vn -0.018135 -0.981925 -0.188402
vn 0.845240 0.085609 -0.527486
vn 0.612462 0.752872 -0.240986
vn 0.018130 0.981925 0.188400
vn -0.586900 0.631572 0.506621
vn -0.845243 -0.085602 0.527482
vn -0.612465 -0.752869 0.240986
vn 0.726253 -0.632463 -0.269346
vn 0.178675 -0.972655 0.148383
vn 0.846116 0.074942 -0.527704
vn 0.474326 0.738919 -0.478554
vn -0.178681 0.972654 -0.148384
vn -0.726254 0.632461 0.269347
vn -0.846118 -0.074937 0.527702
vn -0.474339 -0.738907 0.478559
vn 0.847819 -0.528327 -0.045537
vn 0.348278 -0.815308 0.462575
vn 0.848996 0.065171 -0.524364
vn 0.356762 0.621205 -0.697729
vn -0.348282 0.815310 -0.462569
vn -0.847814 0.528335 0.045531
vn -0.848998 -0.065168 0.524362
vn -0.356760 -0.621206 0.697729
vn 0.933090 -0.335030 0.130761
vn 0.464856 -0.533835 0.706349
vn 0.853431 0.057800 -0.517992
vn 0.277667 0.417649 -0.865142
vn -0.464865 0.533833 -0.706345
vn -0.933094 0.335021 -0.130750
vn -0.853441 -0.057784 0.517976
vn -0.277664 -0.417650 0.865142
vn 0.969089 -0.081979 0.232693
vn 0.510672 -0.171095 0.842580
vn 0.858761 0.053953 -0.509529
vn 0.249068 0.159251 -0.955303
vn -0.510665 0.171098 -0.842583
vn -0.969094 0.081972 -0.232675
vn -0.858760 -0.053957 0.509529
vn -0.249080 -0.159251 0.955300
vn 0.950335 0.192281 0.244727
vn 0.478733 0.217694 0.850543
vn 0.864170 0.054216 -0.500271
vn 0.275346 -0.114657 -0.954483
vn -0.478732 -0.217692 -0.850544
vn -0.950337 -0.192276 -0.244722
vn -0.864164 -0.054206 0.500281
vn -0.275344 0.114653 0.954484
vn 0.879684 0.446000 0.165046
vn 0.373926 0.573343 0.729011
vn 0.868823 0.058525 -0.491652
vn 0.352492 -0.362369 -0.862808
vn -0.373915 -0.573346 -0.729014
vn -0.879682 -0.446001 -0.165056
vn -0.868822 -0.058521 0.491654
vn -0.352489 0.362373 0.862808
vn 0.212171 0.841706 0.496502
vn 0.767887 0.640559 0.005789
vn 0.631966 0.746337 -0.208808
vn 0.018125 0.981925 0.188401
vn 0.872021 0.066259 -0.484964
vn 0.873282 0.076209 -0.481217
vn 0.468731 -0.546181 -0.694246
vn 0.606405 -0.638103 -0.474444
vn -0.174082 -0.819989 -0.545265
vn -0.018125 -0.981923 -0.188413
vn -0.767888 -0.640558 -0.005791
vn -0.631963 -0.746341 0.208800
vn -0.872025 -0.066249 0.484958
vn -0.873283 -0.076210 0.481217
vn -0.468737 0.546179 0.694244
vn -0.606409 0.638101 0.474442
vn 0.492605 0.747233 -0.446076
vn -0.178683 0.972654 -0.148381
vn 0.872404 0.086884 -0.481002
vn 0.744534 -0.624152 -0.236863
vn 0.178678 -0.972653 0.148391
vn -0.492607 -0.747229 0.446080
vn -0.872402 -0.086887 0.481005
vn -0.744536 0.624148 0.236865
vn 0.371046 0.643098 -0.669888
vn -0.348275 0.815311 -0.462571
vn 0.869529 0.096646 -0.484334
vn 0.862095 -0.506438 -0.017691
vn 0.348278 -0.815311 0.462570
vn -0.371041 -0.643097 0.669892
vn -0.869528 -0.096646 0.484336
vn -0.862100 0.506430 0.017695
vn 0.285772 0.449795 -0.846179
vn -0.464861 0.533840 -0.706343
vn 0.865085 0.104017 -0.490722
vn 0.941195 -0.302879 0.149724
vn 0.464854 -0.533836 0.706350
vn -0.285774 -0.449792 0.846180
vn -0.865090 -0.104013 0.490715
vn -0.941197 0.302877 -0.149715
vn 0.249780 0.196747 -0.948104
vn -0.510678 0.171091 -0.842577
vn 0.859760 0.107865 -0.499178
vn 0.969783 -0.044483 0.239878
vn 0.510667 -0.171098 0.842582
vn -0.249772 -0.196747 0.948106
vn -0.859763 -0.107861 0.499172
vn -0.969784 0.044481 -0.239876
vn 0.268532 -0.077513 -0.960147
vn -0.478742 -0.217699 -0.850537
vn 0.854359 0.107610 -0.508421
vn 0.943511 0.229424 0.239064
vn 0.478732 0.217696 0.850543
vn -0.268527 0.077513 0.960148
vn -0.854355 -0.107612 0.508427
vn -0.943511 -0.229425 -0.239064
vn 0.339184 -0.331232 -0.880477
vn -0.373920 -0.573342 -0.729015
vn 0.849702 0.103297 -0.517045
vn 0.866378 0.477143 0.147391
vn 0.373924 0.573341 0.729014
vn -0.339183 0.331237 0.880476
vn -0.849699 -0.103289 0.517052
vn -0.866381 -0.477139 -0.147386
vn 0.450989 -0.525791 -0.721217
vn -0.212179 -0.841706 -0.496499
vn 0.846502 0.095571 -0.523736
vn 0.801683 0.595274 -0.054340
vn 0.249296 0.859814 0.445614
vn -0.450980 0.525793 0.721220
vn -0.846499 -0.095568 0.523743
vn -0.750131 -0.660949 0.021190
vn 0.493020 -0.761706 -0.420398
vn -0.135527 -0.983767 -0.117619
vn 0.853138 0.037263 -0.520353
vn 0.605443 0.774405 -0.183671
vn 0.117452 0.929731 0.349006
vn 0.345759 0.938129 -0.019085
vn -0.522351 0.706845 0.476990
vn -0.312186 0.876320 0.366883
vn -0.849047 0.093907 0.519905
vn -0.661820 -0.685620 0.303182
vn 0.760565 -0.485436 -0.431153
vn 0.399346 -0.892711 -0.208783
vn 0.196460 -0.976563 -0.087913
vn 0.859585 0.080860 -0.504554
vn 0.843652 -0.305550 -0.441464
vn 0.862468 -0.297450 -0.409478
vn 0.545381 0.766212 -0.339823
vn 0.760029 0.462185 -0.456882
vn 0.760063 0.462071 -0.456941
vn 0.760039 0.462173 -0.456877
vn -0.399382 0.892691 0.208800
vn -0.661893 0.652577 0.368837
vn -0.545299 -0.766305 0.339745
vn -0.743437 -0.454926 0.490249
vn -0.725731 -0.446926 0.523040
vn -0.824094 -0.285041 0.489511
vn 0.969850 0.195007 -0.146162
vn 0.972500 0.182721 -0.144419
vn 0.988089 0.083929 -0.128981
vn 0.726238 0.404092 0.556136
vn 0.913129 0.343920 0.218893
vn 0.905125 0.401327 0.140305
vn 0.373912 0.573344 0.729017
vn 0.546094 0.410485 0.730263
vn 0.859591 0.080954 -0.504529
vn 0.797184 0.009155 -0.603667
vn 0.622793 -0.082334 -0.778043
vn 0.289621 -0.363992 -0.885228
vn 0.294183 -0.230220 -0.927608
vn -0.079205 -0.343138 -0.935940
vn 0.004947 -0.547641 -0.836699
vn -0.891055 -0.437704 -0.120153
vn -0.674165 -0.561197 -0.480166
vn -0.726289 -0.404061 -0.556092
vn -0.913114 -0.343930 -0.218938
vn -0.960972 -0.231443 0.151548
vn -0.960954 -0.231492 0.151588
vn -0.960972 -0.231443 0.151546
vn -0.868823 -0.058522 0.491653
vn -0.338575 0.329894 0.881213
vn -0.751234 0.004114 0.660023
vn -0.610979 0.008550 0.791601
vn -0.617302 0.045539 0.785407
vn -0.294066 0.230282 0.927629
vn -0.463669 -0.723331 -0.511668
vn 0.247731 0.953610 -0.171047
vn -0.823717 0.313073 0.472732
vn -0.687412 -0.429145 0.585918
vn 0.399355 -0.892703 -0.208799
vn -0.759980 -0.462280 0.456868
vn -0.896427 0.280008 0.343532
vn -0.388055 -0.538771 -0.747756
vn -0.416069 -0.462070 -0.783185
vn -0.478526 -0.217800 -0.850633
vn -0.325234 -0.674865 -0.662405
vn -0.325216 -0.674866 -0.662413
vn -0.325236 -0.674915 -0.662353
vn -0.178540 0.972658 -0.148523
vn -0.048606 0.995866 0.076737
vn -0.003180 0.988229 0.152951
vn 0.084051 0.951100 0.297227
vn 0.082865 0.950907 0.298177
vn 0.083756 0.951054 0.297457
vn 0.388052 0.538756 0.747769
vn 0.416045 0.462013 0.783231
vn 0.478521 0.217716 0.850657
vn 0.324868 0.675054 0.662392
vn 0.324690 0.675164 0.662367
vn 0.324153 0.675460 0.662328
vn 0.178943 -0.972631 0.148218
vn 0.048966 -0.995822 -0.077080
vn 0.003423 -0.988191 -0.153192
vn -0.084071 -0.951163 -0.297020
vn -0.083229 -0.951192 -0.297163
vn -0.083932 -0.951191 -0.296969
vn 0.960975 0.231435 -0.151540
vn 0.960985 0.231464 -0.151437
vn 0.622743 -0.082312 -0.778085
vn 0.622802 -0.082323 -0.778036
vn -0.823737 0.313011 0.472739
vn -0.823707 0.313097 0.472734
vn -0.759936 -0.462329 0.456891
vn -0.760006 -0.462228 0.456876
vn 0.079215 0.343143 0.935937
vn 0.003131 -0.988223 -0.152987
vn 0.048516 -0.995868 -0.076768
vn 0.178609 -0.972668 0.148380
vn -0.084948 -0.951296 -0.296344
vn -0.084980 -0.951346 -0.296174
vn -0.085343 -0.951503 -0.295563
vn -0.595667 -0.065224 0.800579
vn 0.896363 -0.280049 -0.343667
vn 0.325302 0.674864 0.662373
vn 0.325219 0.674931 0.662345
vn 0.325222 0.674889 0.662386
vn 0.388387 0.538690 0.747642
vn 0.416547 0.461916 0.783021
vn 0.479230 0.217525 0.850307
vn -0.247653 -0.953644 0.170974
vn -0.726281 -0.404067 -0.556099
vn -0.003209 0.988239 0.152886
vn -0.048648 0.995873 0.076624
vn -0.178684 0.972603 -0.148713
vn 0.085341 0.951155 0.296682
vn 0.085658 0.951135 0.296657
vn 0.086677 0.951074 0.296555
vn -0.988112 -0.083692 0.128956
vn 0.687401 0.429185 -0.585901
vn -0.324996 -0.674793 -0.662595
vn -0.324877 -0.674848 -0.662597
vn -0.325002 -0.674842 -0.662542
vn -0.387981 -0.538715 -0.747834
vn -0.415989 -0.461971 -0.783286
vn -0.478674 -0.217798 -0.850550
vn -0.399345 0.892706 0.208805
s 1
g Toasters040_WindupKey02
f 1517/1517/2069 1518/1518/2070 1519/1519/2071
f 1517/1517/2069 1519/1519/2071 1520/1520/2072
f 1517/1517/2069 1520/1520/2072 1521/1521/2073
f 1517/1517/2069 1521/1521/2073 1522/1522/2074
f 1517/1517/2069 1522/1522/2074 1518/1518/2070
f 1528/1523/2075 1519/1519/2071 1518/1518/2070
f 1529/1524/2076 1520/1520/2072 1519/1519/2071
f 1530/1525/2077 1521/1521/2073 1520/1520/2072
f 1531/1526/2078 1522/1522/2074 1521/1521/2073
f 1532/1527/2079 1518/1518/2070 1522/1522/2074
f 1518/1518/2070 1532/1527/2079 1523/1528/2080
f 1518/1518/2070 1523/1528/2080 1528/1523/2075
f 1519/1519/2071 1528/1523/2075 1524/1529/2081
f 1519/1519/2071 1524/1529/2081 1529/1524/2076
f 1520/1520/2072 1529/1524/2076 1525/1530/2082
f 1520/1520/2072 1525/1530/2082 1530/1525/2077
f 1521/1521/2073 1530/1525/2077 1526/1531/2083
f 1521/1521/2073 1526/1531/2083 1531/1526/2078
f 1522/1522/2074 1531/1526/2078 1527/1532/2084
f 1522/1522/2074 1527/1532/2084 1532/1527/2079
f 1533/1533/2085 1528/1523/2075 1523/1528/2080
f 1534/1534/2086 1524/1529/2081 1528/1523/2075
f 1535/1535/2087 1529/1524/2076 1524/1529/2081
f 1536/1536/2088 1525/1530/2082 1529/1524/2076
f 1537/1537/2089 1530/1525/2077 1525/1530/2082
f 1538/1538/2090 1526/1531/2083 1530/1525/2077
f 1539/1539/2091 1531/1526/2078 1526/1531/2083
f 1540/1540/2092 1527/1532/2084 1531/1526/2078
f 1541/1541/2093 1532/1527/2079 1527/1532/2084
f 1542/1542/2094 1523/1528/2080 1532/1527/2079
f 1523/1528/2080 1542/1542/2094 1533/1533/2085
f 1528/1523/2075 1533/1533/2085 1534/1534/2086
f 1524/1529/2081 1534/1534/2086 1535/1535/2087
f 1529/1524/2076 1535/1535/2087 1536/1536/2088
f 1525/1530/2082 1536/1536/2088 1537/1537/2089
f 1530/1525/2077 1537/1537/2089 1538/1538/2090
f 1526/1531/2083 1538/1538/2090 1539/1539/2091
f 1531/1526/2078 1539/1539/2091 1540/1540/2092
f 1527/1532/2084 1540/1540/2092 1541/1541/2093
f 1532/1527/2079 1541/1541/2093 1542/1542/2094
s 2
f 1533/1533/2095 1542/1542/2096 1543/1543/2097
f 1534/1534/2098 1533/1533/2095 1543/1543/2097
f 1535/1535/2099 1534/1534/2098 1543/1543/2097
f 1536/1536/2100 1535/1535/2099 1543/1543/2097
f 1537/1537/2101 1536/1536/2100 1543/1543/2097
f 1538/1538/2102 1537/1537/2101 1543/1543/2097
f 1539/1539/2103 1538/1538/2102 1543/1543/2097
f 1540/1540/2104 1539/1539/2103 1543/1543/2097
f 1541/1541/2105 1540/1540/2104 1543/1543/2097
f 1542/1542/2096 1541/1541/2105 1543/1543/2097
s 3
f 1545/1544/2106 1662/1545/2107 1663/1546/2108
f 1663/1546/2108 1544/1547/2109 1545/1544/2106
f 1546/1548/2110 1547/1549/2111 1553/1550/2112
f 1553/1550/2112 1552/1551/2113 1546/1548/2110
f 1547/1549/2111 1548/1552/2114 1554/1553/2115
f 1554/1553/2115 1553/1550/2112 1547/1549/2111
f 1548/1552/2114 1549/1554/2116 1555/1555/2117
f 1555/1555/2117 1554/1553/2115 1548/1552/2114
f 1549/1554/2116 1550/1556/2118 1556/1557/2119
f 1556/1557/2119 1555/1555/2117 1549/1554/2116
f 1663/1546/2108 1675/1558/2120 1551/1559/2121
f 1551/1559/2121 1544/1547/2109 1663/1546/2108
f 1557/1560/2122 1676/1561/2123 1665/1562/2124
f 1558/1563/2125 1557/1560/2122 1665/1562/2124
f 1666/1564/2126 1558/1563/2125 1665/1562/2124
f 1667/1565/2127 1697/1566/2128 1552/1551/2113
f 1667/1565/2127 1552/1551/2113 1559/1567/2129
f 1559/1567/2129 1558/1563/2125 1666/1564/2126
f 1667/1565/2127 1559/1567/2129 1666/1564/2126
f 1552/1551/2113 1553/1550/2112 1560/1568/2130
f 1560/1568/2130 1559/1567/2129 1552/1551/2113
f 1553/1550/2112 1554/1553/2115 1561/1569/2131
f 1561/1569/2131 1560/1568/2130 1553/1550/2112
f 1554/1553/2115 1555/1555/2117 1562/1570/2132
f 1562/1570/2132 1561/1569/2131 1554/1553/2115
f 1555/1555/2117 1556/1557/2119 1563/1571/2133
f 1563/1571/2133 1562/1570/2132 1555/1555/2117
f 1670/1572/2134 1676/1561/2123 1557/1560/2122
f 1670/1572/2134 1557/1560/2122 1564/1573/2135
f 1670/1572/2134 1564/1573/2135 1669/1574/2136
f 1557/1560/2122 1558/1563/2125 1566/1575/2137
f 1566/1575/2137 1565/1576/2138 1557/1560/2122
f 1558/1563/2125 1559/1567/2129 1567/1577/2139
f 1567/1577/2139 1566/1575/2137 1558/1563/2125
f 1559/1567/2129 1560/1568/2130 1568/1578/2140
f 1568/1578/2140 1567/1577/2139 1559/1567/2129
f 1560/1568/2130 1561/1569/2131 1569/1579/2141
f 1569/1579/2141 1568/1578/2140 1560/1568/2130
f 1561/1569/2131 1562/1570/2132 1570/1580/2142
f 1570/1580/2142 1569/1579/2141 1561/1569/2131
f 1562/1570/2132 1563/1571/2133 1571/1581/2143
f 1571/1581/2143 1570/1580/2142 1562/1570/2132
f 1563/1571/2133 1564/1573/2135 1572/1582/2144
f 1572/1582/2144 1571/1581/2143 1563/1571/2133
f 1564/1573/2135 1557/1560/2122 1565/1576/2138
f 1565/1576/2138 1572/1582/2144 1564/1573/2135
f 1566/1575/2137 1678/1583/2145 1645/1584/2146
f 1565/1576/2138 1566/1575/2137 1645/1584/2146
f 1565/1576/2138 1645/1584/2146 1646/1585/2147
f 1573/1586/2148 1652/1587/2149 1653/1588/2150
f 1567/1577/2139 1573/1586/2148 1653/1588/2150
f 1566/1575/2137 1567/1577/2139 1653/1588/2150
f 1566/1575/2137 1653/1588/2150 1678/1583/2145
f 1567/1577/2139 1568/1578/2140 1574/1589/2151
f 1574/1589/2151 1573/1586/2148 1567/1577/2139
f 1568/1578/2140 1569/1579/2141 1575/1590/2152
f 1575/1590/2152 1574/1589/2151 1568/1578/2140
f 1569/1579/2141 1570/1580/2142 1576/1591/2153
f 1576/1591/2153 1575/1590/2152 1569/1579/2141
f 1570/1580/2142 1571/1581/2143 1577/1592/2154
f 1577/1592/2154 1576/1591/2153 1570/1580/2142
f 1571/1581/2143 1572/1582/2144 1655/1593/2155
f 1571/1581/2143 1655/1593/2155 1656/1594/2156
f 1656/1594/2156 1698/1595/2157 1577/1592/2154
f 1571/1581/2143 1656/1594/2156 1577/1592/2154
f 1565/1576/2138 1646/1585/2147 1647/1596/2158
f 1572/1582/2144 1565/1576/2138 1647/1596/2158
f 1572/1582/2144 1647/1596/2158 1655/1593/2155
f 1579/1597/2159 1578/1598/2160 1648/1599/2161
f 1648/1599/2161 1649/1600/2162 1579/1597/2159
f 1580/1601/2163 1579/1597/2159 1649/1600/2162
f 1580/1601/2163 1649/1600/2162 1650/1602/2164
f 1580/1601/2163 1650/1602/2164 1651/1603/2165
f 1580/1601/2163 1651/1603/2165 1680/1604/2166
f 1680/1604/2166 1692/1605/2167 1654/1606/2168
f 1580/1601/2163 1680/1604/2166 1654/1606/2168
f 1654/1606/2168 1652/1587/2149 1573/1586/2148
f 1580/1601/2163 1654/1606/2168 1573/1586/2148
f 1573/1586/2148 1574/1589/2151 1581/1607/2169
f 1581/1607/2169 1580/1601/2163 1573/1586/2148
f 1574/1589/2151 1575/1590/2152 1582/1608/2170
f 1582/1608/2170 1581/1607/2169 1574/1589/2151
f 1575/1590/2152 1576/1591/2153 1583/1609/2171
f 1583/1609/2171 1582/1608/2170 1575/1590/2152
f 1576/1591/2153 1577/1592/2154 1584/1610/2172
f 1584/1610/2172 1583/1609/2171 1576/1591/2153
f 1648/1599/2161 1578/1598/2160 1585/1611/2173
f 1585/1611/2173 1659/1612/2174 1648/1599/2161
f 1579/1597/2159 1629/1613/2175 1630/1614/2176
f 1630/1614/2176 1578/1598/2160 1579/1597/2159
f 1580/1601/2163 1581/1607/2169 1587/1615/2177
f 1587/1615/2177 1586/1616/2178 1580/1601/2163
f 1581/1607/2169 1582/1608/2170 1588/1617/2179
f 1588/1617/2179 1587/1615/2177 1581/1607/2169
f 1582/1608/2170 1583/1609/2171 1589/1618/2180
f 1589/1618/2180 1588/1617/2179 1582/1608/2170
f 1583/1609/2171 1584/1610/2172 1590/1619/2181
f 1590/1619/2181 1589/1618/2180 1583/1609/2171
f 1630/1614/2176 1642/1620/2182 1585/1611/2173
f 1585/1611/2173 1578/1598/2160 1630/1614/2176
f 1591/1621/2183 1643/1622/2184 1632/1623/2185
f 1592/1624/2186 1591/1621/2183 1632/1623/2185
f 1633/1625/2187 1592/1624/2186 1632/1623/2185
f 1634/1626/2188 1696/1627/2189 1586/1616/2178
f 1634/1626/2188 1586/1616/2178 1593/1628/2190
f 1593/1628/2190 1592/1624/2186 1633/1625/2187
f 1634/1626/2188 1593/1628/2190 1633/1625/2187
f 1586/1616/2178 1587/1615/2177 1594/1629/2191
f 1594/1629/2191 1593/1628/2190 1586/1616/2178
f 1587/1615/2177 1588/1617/2179 1595/1630/2192
f 1595/1630/2192 1594/1629/2191 1587/1615/2177
f 1588/1617/2179 1589/1618/2180 1596/1631/2193
f 1596/1631/2193 1595/1630/2192 1588/1617/2179
f 1589/1618/2180 1590/1619/2181 1597/1632/2194
f 1597/1632/2194 1596/1631/2193 1589/1618/2180
f 1637/1633/2195 1643/1622/2184 1591/1621/2183
f 1637/1633/2195 1591/1621/2183 1598/1634/2196
f 1637/1633/2195 1598/1634/2196 1636/1635/2197
f 1591/1621/2183 1592/1624/2186 1600/1636/2198
f 1600/1636/2198 1599/1637/2199 1591/1621/2183
f 1592/1624/2186 1593/1628/2190 1601/1638/2200
f 1601/1638/2200 1600/1636/2198 1592/1624/2186
f 1593/1628/2190 1594/1629/2191 1602/1639/2201
f 1602/1639/2201 1601/1638/2200 1593/1628/2190
f 1594/1629/2191 1595/1630/2192 1603/1640/2202
f 1603/1640/2202 1602/1639/2201 1594/1629/2191
f 1595/1630/2192 1596/1631/2193 1604/1641/2203
f 1604/1641/2203 1603/1640/2202 1595/1630/2192
f 1596/1631/2193 1597/1632/2194 1605/1642/2204
f 1605/1642/2204 1604/1641/2203 1596/1631/2193
f 1597/1632/2194 1598/1634/2196 1606/1643/2205
f 1606/1643/2205 1605/1642/2204 1597/1632/2194
f 1598/1634/2196 1591/1621/2183 1599/1637/2199
f 1599/1637/2199 1606/1643/2205 1598/1634/2196
f 1600/1636/2198 1681/1644/2206 1612/1645/2207
f 1599/1637/2199 1600/1636/2198 1612/1645/2207
f 1599/1637/2199 1612/1645/2207 1613/1646/2208
f 1607/1647/2209 1619/1648/2210 1620/1649/2211
f 1601/1638/2200 1607/1647/2209 1620/1649/2211
f 1600/1636/2198 1601/1638/2200 1620/1649/2211
f 1600/1636/2198 1620/1649/2211 1681/1644/2206
f 1601/1638/2200 1602/1639/2201 1608/1650/2212
f 1608/1650/2212 1607/1647/2209 1601/1638/2200
f 1602/1639/2201 1603/1640/2202 1609/1651/2213
f 1609/1651/2213 1608/1650/2212 1602/1639/2201
f 1603/1640/2202 1604/1641/2203 1610/1652/2214
f 1610/1652/2214 1609/1651/2213 1603/1640/2202
f 1604/1641/2203 1605/1642/2204 1611/1653/2215
f 1611/1653/2215 1610/1652/2214 1604/1641/2203
f 1605/1642/2204 1606/1643/2205 1622/1654/2216
f 1605/1642/2204 1622/1654/2216 1623/1655/2217
f 1623/1655/2217 1699/1656/2218 1611/1653/2215
f 1605/1642/2204 1623/1655/2217 1611/1653/2215
f 1599/1637/2199 1613/1646/2208 1614/1657/2219
f 1606/1643/2205 1599/1637/2199 1614/1657/2219
f 1606/1643/2205 1614/1657/2219 1622/1654/2216
f 1545/1544/2106 1544/1547/2109 1615/1658/2220
f 1615/1658/2220 1616/1659/2221 1545/1544/2106
f 1546/1548/2110 1545/1544/2106 1616/1659/2221
f 1546/1548/2110 1616/1659/2221 1617/1660/2222
f 1546/1548/2110 1617/1660/2222 1618/1661/2223
f 1546/1548/2110 1618/1661/2223 1683/1662/2224
f 1683/1662/2224 1686/1663/2225 1621/1664/2226
f 1546/1548/2110 1683/1662/2224 1621/1664/2226
f 1621/1664/2226 1619/1648/2210 1607/1647/2209
f 1546/1548/2110 1621/1664/2226 1607/1647/2209
f 1607/1647/2209 1608/1650/2212 1547/1549/2111
f 1547/1549/2111 1546/1548/2110 1607/1647/2209
f 1608/1650/2212 1609/1651/2213 1548/1552/2114
f 1548/1552/2114 1547/1549/2111 1608/1650/2212
f 1609/1651/2213 1610/1652/2214 1549/1554/2116
f 1549/1554/2116 1548/1552/2114 1609/1651/2213
f 1610/1652/2214 1611/1653/2215 1550/1556/2118
f 1550/1556/2118 1549/1554/2116 1610/1652/2214
f 1615/1658/2220 1544/1547/2109 1551/1559/2121
f 1551/1559/2121 1626/1665/2227 1615/1658/2220
f 1636/1635/2197 1598/1634/2196 1597/1632/2194
f 1635/1666/2228 1636/1635/2197 1597/1632/2194
f 1635/1666/2228 1597/1632/2194 1590/1619/2181
f 1635/1666/2228 1590/1619/2181 1639/1667/2229
f 1644/1668/2230 1689/1669/2231 1638/1670/2232
f 1638/1670/2232 1639/1667/2229 1590/1619/2181
f 1638/1670/2232 1590/1619/2181 1584/1610/2172
f 1644/1668/2230 1638/1670/2232 1584/1610/2172
f 1641/1671/2233 1644/1668/2230 1584/1610/2172
f 1585/1611/2173 1642/1620/2182 1640/1672/2234
f 1584/1610/2172 1585/1611/2173 1640/1672/2234
f 1641/1671/2233 1584/1610/2172 1640/1672/2234
f 1669/1574/2136 1564/1573/2135 1563/1571/2133
f 1668/1673/2235 1669/1574/2136 1563/1571/2133
f 1668/1673/2235 1563/1571/2133 1556/1557/2119
f 1668/1673/2235 1556/1557/2119 1672/1674/2236
f 1677/1675/2237 1695/1676/2238 1671/1677/2239
f 1671/1677/2239 1672/1674/2236 1556/1557/2119
f 1671/1677/2239 1556/1557/2119 1550/1556/2118
f 1677/1675/2237 1671/1677/2239 1550/1556/2118
f 1674/1678/2240 1677/1675/2237 1550/1556/2118
f 1551/1559/2121 1675/1558/2120 1673/1679/2241
f 1550/1556/2118 1551/1559/2121 1673/1679/2241
f 1674/1678/2240 1550/1556/2118 1673/1679/2241
f 1685/1680/2242 1684/1681/2243 1682/1682/2244
f 1625/1683/2245 1626/1665/2227 1551/1559/2121
f 1625/1683/2245 1551/1559/2121 1550/1556/2118
f 1624/1684/2246 1625/1683/2245 1550/1556/2118
f 1682/1682/2244 1624/1684/2246 1550/1556/2118
f 1682/1682/2244 1550/1556/2118 1611/1653/2215
f 1685/1680/2242 1682/1682/2244 1611/1653/2215
f 1685/1680/2242 1611/1653/2215 1699/1656/2218
f 1687/1685/2247 1688/1686/2248 1627/1687/2249
f 1631/1688/2250 1629/1613/2175 1579/1597/2159
f 1628/1689/2251 1631/1688/2250 1579/1597/2159
f 1628/1689/2251 1579/1597/2159 1580/1601/2163
f 1627/1687/2249 1628/1689/2251 1580/1601/2163
f 1627/1687/2249 1580/1601/2163 1586/1616/2178
f 1687/1685/2247 1627/1687/2249 1586/1616/2178
f 1687/1685/2247 1586/1616/2178 1696/1627/2189
f 1691/1690/2252 1690/1691/2253 1679/1692/2254
f 1658/1693/2255 1659/1612/2174 1585/1611/2173
f 1658/1693/2255 1585/1611/2173 1584/1610/2172
f 1657/1694/2256 1658/1693/2255 1584/1610/2172
f 1679/1692/2254 1657/1694/2256 1584/1610/2172
f 1679/1692/2254 1584/1610/2172 1577/1592/2154
f 1691/1690/2252 1679/1692/2254 1577/1592/2154
f 1691/1690/2252 1577/1592/2154 1698/1595/2157
f 1693/1695/2257 1694/1696/2258 1660/1697/2259
f 1664/1698/2260 1662/1545/2107 1545/1544/2106
f 1661/1699/2261 1664/1698/2260 1545/1544/2106
f 1661/1699/2261 1545/1544/2106 1546/1548/2110
f 1660/1697/2259 1661/1699/2261 1546/1548/2110
f 1660/1697/2259 1546/1548/2110 1552/1551/2113
f 1693/1695/2257 1660/1697/2259 1552/1551/2113
f 1693/1695/2257 1552/1551/2113 1697/1566/2128
s 28
f 1700/1700/2262 1701/1701/2263 1709/1702/2264
f 1709/1702/2264 1708/1703/2265 1700/1700/2262
f 1701/1701/2263 1702/1704/2266 1710/1705/2267
f 1710/1705/2267 1709/1702/2264 1701/1701/2263
f 1702/1704/2266 1703/1706/2268 1711/1707/2269
f 1711/1707/2269 1710/1705/2267 1702/1704/2266
f 1613/1646/2270 1612/1645/2271 1711/1707/2269
f 1704/1708/2272 1613/1646/2270 1711/1707/2269
f 1703/1706/2268 1704/1708/2272 1711/1707/2269
f 1712/1709/2273 1614/1657/2274 1613/1646/2270
f 1712/1709/2273 1613/1646/2270 1704/1708/2272
f 1712/1709/2273 1704/1708/2272 1705/1710/2275
f 1705/1710/2275 1706/1711/2276 1713/1712/2277
f 1713/1712/2277 1712/1709/2273 1705/1710/2275
f 1706/1711/2276 1707/1713/2278 1714/1714/2279
f 1714/1714/2279 1713/1712/2277 1706/1711/2276
f 1707/1713/2278 1700/1700/2262 1708/1703/2265
f 1708/1703/2265 1714/1714/2279 1707/1713/2278
f 1709/1702/2264 1617/1660/2280 1616/1659/2281
f 1709/1702/2264 1616/1659/2281 1615/1658/2282
f 1708/1703/2265 1709/1702/2264 1615/1658/2282
f 1710/1705/2267 1886/1715/2283 1887/1716/2284
f 1887/1716/2284 1618/1661/2285 1617/1660/2280
f 1710/1705/2267 1887/1716/2284 1617/1660/2280
f 1709/1702/2264 1710/1705/2267 1617/1660/2280
f 1711/1707/2269 1620/1649/2286 1619/1648/2287
f 1710/1705/2267 1711/1707/2269 1619/1648/2287
f 1619/1648/2287 1621/1664/2288 1884/1717/2289
f 1710/1705/2267 1619/1648/2287 1884/1717/2289
f 1622/1654/2290 1614/1657/2274 1712/1709/2273
f 1712/1709/2273 1623/1655/2291 1622/1654/2290
f 1714/1714/2279 1625/1683/2292 1624/1684/2293
f 1624/1684/2293 1888/1718/2294 1889/1719/2295
f 1714/1714/2279 1624/1684/2293 1889/1719/2295
f 1713/1712/2277 1714/1714/2279 1889/1719/2295
f 1878/1720/2296 1628/1689/2297 1627/1687/2298
f 1629/1613/2299 1631/1688/2300 1716/1721/2301
f 1716/1721/2301 1715/1722/2302 1630/1614/2303
f 1629/1613/2299 1716/1721/2301 1630/1614/2303
f 1878/1720/2296 1879/1723/2304 1717/1724/2305
f 1878/1720/2296 1717/1724/2305 1716/1721/2301
f 1628/1689/2297 1878/1720/2296 1716/1721/2301
f 1628/1689/2297 1716/1721/2301 1631/1688/2300
f 1880/1725/2306 1717/1724/2305 1879/1723/2304
f 1718/1726/2307 1634/1626/2308 1633/1625/2309
f 1633/1625/2309 1632/1623/2310 1718/1726/2307
f 1719/1727/2311 1637/1633/2312 1636/1635/2313
f 1636/1635/2313 1635/1666/2314 1719/1727/2311
f 1719/1727/2311 1635/1666/2314 1639/1667/2315
f 1639/1667/2315 1638/1670/2316 1881/1728/2317
f 1719/1727/2311 1639/1667/2315 1881/1728/2317
f 1720/1729/2318 1719/1727/2311 1881/1728/2317
f 1721/1730/2319 1720/1729/2318 1882/1731/2320
f 1882/1731/2320 1883/1732/2321 1641/1671/2322
f 1721/1730/2319 1882/1731/2320 1641/1671/2322
f 1640/1672/2323 1721/1730/2319 1641/1671/2322
f 1715/1722/2302 1716/1721/2301 1723/1733/2324
f 1723/1733/2324 1722/1734/2325 1715/1722/2302
f 1716/1721/2301 1717/1724/2305 1724/1735/2326
f 1724/1735/2326 1723/1733/2324 1716/1721/2301
f 1717/1724/2305 1718/1726/2307 1725/1736/2327
f 1725/1736/2327 1724/1735/2326 1717/1724/2305
f 1632/1623/2310 1643/1622/2328 1726/1737/2329
f 1718/1726/2307 1632/1623/2310 1726/1737/2329
f 1718/1726/2307 1726/1737/2329 1725/1736/2327
f 1643/1622/2328 1637/1633/2312 1719/1727/2311
f 1643/1622/2328 1719/1727/2311 1727/1738/2330
f 1643/1622/2328 1727/1738/2330 1726/1737/2329
f 1719/1727/2311 1720/1729/2318 1728/1739/2331
f 1728/1739/2331 1727/1738/2330 1719/1727/2311
f 1720/1729/2318 1721/1730/2319 1729/1740/2332
f 1729/1740/2332 1728/1739/2331 1720/1729/2318
f 1721/1730/2319 1715/1722/2302 1722/1734/2325
f 1722/1734/2325 1729/1740/2332 1721/1730/2319
f 1722/1734/2325 1723/1733/2324 1731/1741/2333
f 1731/1741/2333 1730/1742/2334 1722/1734/2325
f 1723/1733/2324 1724/1735/2326 1732/1743/2335
f 1732/1743/2335 1731/1741/2333 1723/1733/2324
f 1724/1735/2326 1725/1736/2327 1733/1744/2336
f 1733/1744/2336 1732/1743/2335 1724/1735/2326
f 1725/1736/2327 1726/1737/2329 1734/1745/2337
f 1734/1745/2337 1733/1744/2336 1725/1736/2327
f 1726/1737/2329 1727/1738/2330 1735/1746/2338
f 1735/1746/2338 1734/1745/2337 1726/1737/2329
f 1727/1738/2330 1728/1739/2331 1736/1747/2339
f 1736/1747/2339 1735/1746/2338 1727/1738/2330
f 1728/1739/2331 1729/1740/2332 1737/1748/2340
f 1737/1748/2340 1736/1747/2339 1728/1739/2331
f 1729/1740/2332 1722/1734/2325 1730/1742/2334
f 1730/1742/2334 1737/1748/2340 1729/1740/2332
f 1730/1742/2334 1731/1741/2333 1739/1749/2341
f 1739/1749/2341 1738/1750/2342 1730/1742/2334
f 1731/1741/2333 1732/1743/2335 1740/1751/2343
f 1740/1751/2343 1739/1749/2341 1731/1741/2333
f 1732/1743/2335 1733/1744/2336 1741/1752/2344
f 1741/1752/2344 1740/1751/2343 1732/1743/2335
f 1733/1744/2336 1734/1745/2337 1742/1753/2345
f 1742/1753/2345 1741/1752/2344 1733/1744/2336
f 1734/1745/2337 1735/1746/2338 1743/1754/2346
f 1743/1754/2346 1742/1753/2345 1734/1745/2337
f 1735/1746/2338 1736/1747/2339 1744/1755/2347
f 1744/1755/2347 1743/1754/2346 1735/1746/2338
f 1736/1747/2339 1737/1748/2340 1745/1756/2348
f 1745/1756/2348 1744/1755/2347 1736/1747/2339
f 1737/1748/2340 1730/1742/2334 1738/1750/2342
f 1738/1750/2342 1745/1756/2348 1737/1748/2340
f 1738/1750/2342 1739/1749/2341 1747/1757/2349
f 1747/1757/2349 1746/1758/2350 1738/1750/2342
f 1739/1749/2341 1740/1751/2343 1748/1759/2351
f 1748/1759/2351 1747/1757/2349 1739/1749/2341
f 1740/1751/2343 1741/1752/2344 1749/1760/2352
f 1749/1760/2352 1748/1759/2351 1740/1751/2343
f 1741/1752/2344 1742/1753/2345 1750/1761/2353
f 1750/1761/2353 1749/1760/2352 1741/1752/2344
f 1742/1753/2345 1743/1754/2346 1751/1762/2354
f 1751/1762/2354 1750/1761/2353 1742/1753/2345
f 1743/1754/2346 1744/1755/2347 1752/1763/2355
f 1752/1763/2355 1751/1762/2354 1743/1754/2346
f 1744/1755/2347 1745/1756/2348 1753/1764/2356
f 1753/1764/2356 1752/1763/2355 1744/1755/2347
f 1745/1756/2348 1738/1750/2342 1746/1758/2350
f 1746/1758/2350 1753/1764/2356 1745/1756/2348
f 1746/1758/2350 1747/1757/2349 1755/1765/2357
f 1755/1765/2357 1754/1766/2358 1746/1758/2350
f 1747/1757/2349 1748/1759/2351 1756/1767/2359
f 1756/1767/2359 1755/1765/2357 1747/1757/2349
f 1748/1759/2351 1749/1760/2352 1757/1768/2360
f 1757/1768/2360 1756/1767/2359 1748/1759/2351
f 1749/1760/2352 1750/1761/2353 1758/1769/2361
f 1758/1769/2361 1757/1768/2360 1749/1760/2352
f 1750/1761/2353 1751/1762/2354 1759/1770/2362
f 1759/1770/2362 1758/1769/2361 1750/1761/2353
f 1751/1762/2354 1752/1763/2355 1760/1771/2363
f 1760/1771/2363 1759/1770/2362 1751/1762/2354
f 1752/1763/2355 1753/1764/2356 1761/1772/2364
f 1761/1772/2364 1760/1771/2363 1752/1763/2355
f 1753/1764/2356 1746/1758/2350 1754/1766/2358
f 1754/1766/2358 1761/1772/2364 1753/1764/2356
f 1754/1766/2358 1755/1765/2357 1763/1773/2365
f 1763/1773/2365 1762/1774/2366 1754/1766/2358
f 1755/1765/2357 1756/1767/2359 1764/1775/2367
f 1764/1775/2367 1763/1773/2365 1755/1765/2357
f 1756/1767/2359 1757/1768/2360 1765/1776/2368
f 1765/1776/2368 1764/1775/2367 1756/1767/2359
f 1757/1768/2360 1758/1769/2361 1766/1777/2369
f 1766/1777/2369 1765/1776/2368 1757/1768/2360
f 1758/1769/2361 1759/1770/2362 1767/1778/2370
f 1767/1778/2370 1766/1777/2369 1758/1769/2361
f 1759/1770/2362 1760/1771/2363 1768/1779/2371
f 1768/1779/2371 1767/1778/2370 1759/1770/2362
f 1760/1771/2363 1761/1772/2364 1769/1780/2372
f 1769/1780/2372 1768/1779/2371 1760/1771/2363
f 1761/1772/2364 1754/1766/2358 1762/1774/2366
f 1762/1774/2366 1769/1780/2372 1761/1772/2364
f 1762/1774/2366 1763/1773/2365 1771/1781/2373
f 1771/1781/2373 1770/1782/2374 1762/1774/2366
f 1763/1773/2365 1764/1775/2367 1772/1783/2375
f 1772/1783/2375 1771/1781/2373 1763/1773/2365
f 1764/1775/2367 1765/1776/2368 1773/1784/2376
f 1773/1784/2376 1772/1783/2375 1764/1775/2367
f 1765/1776/2368 1766/1777/2369 1774/1785/2377
f 1774/1785/2377 1773/1784/2376 1765/1776/2368
f 1766/1777/2369 1767/1778/2370 1775/1786/2378
f 1775/1786/2378 1774/1785/2377 1766/1777/2369
f 1767/1778/2370 1768/1779/2371 1776/1787/2379
f 1776/1787/2379 1775/1786/2378 1767/1778/2370
f 1768/1779/2371 1769/1780/2372 1777/1788/2380
f 1777/1788/2380 1776/1787/2379 1768/1779/2371
f 1769/1780/2372 1762/1774/2366 1770/1782/2374
f 1770/1782/2374 1777/1788/2380 1769/1780/2372
f 1770/1782/2374 1771/1781/2373 1779/1789/2381
f 1779/1789/2381 1778/1790/2382 1770/1782/2374
f 1771/1781/2373 1772/1783/2375 1780/1791/2383
f 1780/1791/2383 1779/1789/2381 1771/1781/2373
f 1772/1783/2375 1773/1784/2376 1781/1792/2384
f 1781/1792/2384 1780/1791/2383 1772/1783/2375
f 1773/1784/2376 1774/1785/2377 1782/1793/2385
f 1782/1793/2385 1781/1792/2384 1773/1784/2376
f 1774/1785/2377 1775/1786/2378 1783/1794/2386
f 1783/1794/2386 1782/1793/2385 1774/1785/2377
f 1775/1786/2378 1776/1787/2379 1784/1795/2387
f 1784/1795/2387 1783/1794/2386 1775/1786/2378
f 1776/1787/2379 1777/1788/2380 1785/1796/2388
f 1785/1796/2388 1784/1795/2387 1776/1787/2379
f 1777/1788/2380 1770/1782/2374 1778/1790/2382
f 1778/1790/2382 1785/1796/2388 1777/1788/2380
f 1778/1790/2382 1779/1789/2381 1701/1701/2263
f 1701/1701/2263 1700/1700/2262 1778/1790/2382
f 1779/1789/2381 1780/1791/2383 1702/1704/2266
f 1702/1704/2266 1701/1701/2263 1779/1789/2381
f 1780/1791/2383 1781/1792/2384 1703/1706/2268
f 1703/1706/2268 1702/1704/2266 1780/1791/2383
f 1781/1792/2384 1782/1793/2385 1704/1708/2272
f 1704/1708/2272 1703/1706/2268 1781/1792/2384
f 1782/1793/2385 1783/1794/2386 1705/1710/2275
f 1705/1710/2275 1704/1708/2272 1782/1793/2385
f 1783/1794/2386 1784/1795/2387 1706/1711/2276
f 1706/1711/2276 1705/1710/2275 1783/1794/2386
f 1784/1795/2387 1785/1796/2388 1707/1713/2278
f 1707/1713/2278 1706/1711/2276 1784/1795/2387
f 1785/1796/2388 1778/1790/2382 1700/1700/2262
f 1700/1700/2262 1707/1713/2278 1785/1796/2388
s 50
f 1786/1797/2389 1787/1798/2390 1795/1799/2391
f 1795/1799/2391 1794/1800/2392 1786/1797/2389
f 1787/1798/2390 1788/1801/2393 1796/1802/2394
f 1796/1802/2394 1795/1799/2391 1787/1798/2390
f 1788/1801/2393 1789/1803/2395 1797/1804/2396
f 1797/1804/2396 1796/1802/2394 1788/1801/2393
f 1789/1803/2395 1790/1805/2397 1798/1806/2398
f 1798/1806/2398 1797/1804/2396 1789/1803/2395
f 1790/1805/2397 1791/1807/2399 1799/1808/2400
f 1799/1808/2400 1798/1806/2398 1790/1805/2397
f 1791/1807/2399 1792/1809/2401 1800/1810/2402
f 1800/1810/2402 1799/1808/2400 1791/1807/2399
f 1792/1809/2401 1793/1811/2403 1801/1812/2404
f 1801/1812/2404 1800/1810/2402 1792/1809/2401
f 1793/1811/2403 1786/1797/2389 1794/1800/2392
f 1794/1800/2392 1801/1812/2404 1793/1811/2403
f 1794/1800/2392 1795/1799/2391 1803/1813/2405
f 1803/1813/2405 1802/1814/2406 1794/1800/2392
f 1795/1799/2391 1796/1802/2394 1804/1815/2407
f 1804/1815/2407 1803/1813/2405 1795/1799/2391
f 1796/1802/2394 1797/1804/2396 1805/1816/2408
f 1805/1816/2408 1804/1815/2407 1796/1802/2394
f 1797/1804/2396 1798/1806/2398 1806/1817/2409
f 1806/1817/2409 1805/1816/2408 1797/1804/2396
f 1798/1806/2398 1799/1808/2400 1807/1818/2410
f 1807/1818/2410 1806/1817/2409 1798/1806/2398
f 1799/1808/2400 1800/1810/2402 1808/1819/2411
f 1808/1819/2411 1807/1818/2410 1799/1808/2400
f 1800/1810/2402 1801/1812/2404 1809/1820/2412
f 1809/1820/2412 1808/1819/2411 1800/1810/2402
f 1801/1812/2404 1794/1800/2392 1802/1814/2406
f 1802/1814/2406 1809/1820/2412 1801/1812/2404
f 1802/1814/2406 1803/1813/2405 1811/1821/2413
f 1811/1821/2413 1810/1822/2414 1802/1814/2406
f 1803/1813/2405 1804/1815/2407 1812/1823/2415
f 1812/1823/2415 1811/1821/2413 1803/1813/2405
f 1804/1815/2407 1805/1816/2408 1813/1824/2416
f 1813/1824/2416 1812/1823/2415 1804/1815/2407
f 1805/1816/2408 1806/1817/2409 1814/1825/2417
f 1814/1825/2417 1813/1824/2416 1805/1816/2408
f 1806/1817/2409 1807/1818/2410 1815/1826/2418
f 1815/1826/2418 1814/1825/2417 1806/1817/2409
f 1807/1818/2410 1808/1819/2411 1816/1827/2419
f 1816/1827/2419 1815/1826/2418 1807/1818/2410
f 1808/1819/2411 1809/1820/2412 1817/1828/2420
f 1817/1828/2420 1816/1827/2419 1808/1819/2411
f 1809/1820/2412 1802/1814/2406 1810/1822/2414
f 1810/1822/2414 1817/1828/2420 1809/1820/2412
f 1810/1822/2414 1811/1821/2413 1819/1829/2421
f 1819/1829/2421 1818/1830/2422 1810/1822/2414
f 1811/1821/2413 1812/1823/2415 1820/1831/2423
f 1820/1831/2423 1819/1829/2421 1811/1821/2413
f 1812/1823/2415 1813/1824/2416 1821/1832/2424
f 1821/1832/2424 1820/1831/2423 1812/1823/2415
f 1813/1824/2416 1814/1825/2417 1822/1833/2425
f 1822/1833/2425 1821/1832/2424 1813/1824/2416
f 1814/1825/2417 1815/1826/2418 1823/1834/2426
f 1823/1834/2426 1822/1833/2425 1814/1825/2417
f 1815/1826/2418 1816/1827/2419 1824/1835/2427
f 1824/1835/2427 1823/1834/2426 1815/1826/2418
f 1816/1827/2419 1817/1828/2420 1825/1836/2428
f 1825/1836/2428 1824/1835/2427 1816/1827/2419
f 1817/1828/2420 1810/1822/2414 1818/1830/2422
f 1818/1830/2422 1825/1836/2428 1817/1828/2420
f 1818/1830/2422 1819/1829/2421 1827/1837/2429
f 1827/1837/2429 1826/1838/2430 1818/1830/2422
f 1819/1829/2421 1820/1831/2423 1828/1839/2431
f 1828/1839/2431 1827/1837/2429 1819/1829/2421
f 1820/1831/2423 1821/1832/2424 1829/1840/2432
f 1829/1840/2432 1828/1839/2431 1820/1831/2423
f 1821/1832/2424 1822/1833/2425 1830/1841/2433
f 1830/1841/2433 1829/1840/2432 1821/1832/2424
f 1822/1833/2425 1823/1834/2426 1831/1842/2434
f 1831/1842/2434 1830/1841/2433 1822/1833/2425
f 1823/1834/2426 1824/1835/2427 1832/1843/2435
f 1832/1843/2435 1831/1842/2434 1823/1834/2426
f 1824/1835/2427 1825/1836/2428 1833/1844/2436
f 1833/1844/2436 1832/1843/2435 1824/1835/2427
f 1825/1836/2428 1818/1830/2422 1826/1838/2430
f 1826/1838/2430 1833/1844/2436 1825/1836/2428
f 1826/1838/2430 1827/1837/2429 1835/1845/2437
f 1835/1845/2437 1834/1846/2438 1826/1838/2430
f 1827/1837/2429 1828/1839/2431 1836/1847/2439
f 1836/1847/2439 1835/1845/2437 1827/1837/2429
f 1828/1839/2431 1829/1840/2432 1837/1848/2440
f 1837/1848/2440 1836/1847/2439 1828/1839/2431
f 1829/1840/2432 1830/1841/2433 1838/1849/2441
f 1838/1849/2441 1837/1848/2440 1829/1840/2432
f 1830/1841/2433 1831/1842/2434 1839/1850/2442
f 1839/1850/2442 1838/1849/2441 1830/1841/2433
f 1831/1842/2434 1832/1843/2435 1840/1851/2443
f 1840/1851/2443 1839/1850/2442 1831/1842/2434
f 1832/1843/2435 1833/1844/2436 1841/1852/2444
f 1841/1852/2444 1840/1851/2443 1832/1843/2435
f 1833/1844/2436 1826/1838/2430 1834/1846/2438
f 1834/1846/2438 1841/1852/2444 1833/1844/2436
f 1834/1846/2438 1835/1845/2437 1843/1853/2445
f 1843/1853/2445 1842/1854/2446 1834/1846/2438
f 1835/1845/2437 1836/1847/2439 1844/1855/2447
f 1844/1855/2447 1843/1853/2445 1835/1845/2437
f 1836/1847/2439 1837/1848/2440 1845/1856/2448
f 1845/1856/2448 1844/1855/2447 1836/1847/2439
f 1837/1848/2440 1838/1849/2441 1846/1857/2449
f 1846/1857/2449 1845/1856/2448 1837/1848/2440
f 1838/1849/2441 1839/1850/2442 1847/1858/2450
f 1847/1858/2450 1846/1857/2449 1838/1849/2441
f 1839/1850/2442 1840/1851/2443 1848/1859/2451
f 1848/1859/2451 1847/1858/2450 1839/1850/2442
f 1840/1851/2443 1841/1852/2444 1849/1860/2452
f 1849/1860/2452 1848/1859/2451 1840/1851/2443
f 1841/1852/2444 1834/1846/2438 1842/1854/2446
f 1842/1854/2446 1849/1860/2452 1841/1852/2444
f 1842/1854/2446 1843/1853/2445 1851/1861/2453
f 1851/1861/2453 1850/1862/2454 1842/1854/2446
f 1843/1853/2445 1844/1855/2447 1852/1863/2455
f 1852/1863/2455 1851/1861/2453 1843/1853/2445
f 1844/1855/2447 1845/1856/2448 1853/1864/2456
f 1853/1864/2456 1852/1863/2455 1844/1855/2447
f 1845/1856/2448 1846/1857/2449 1854/1865/2457
f 1854/1865/2457 1853/1864/2456 1845/1856/2448
f 1846/1857/2449 1847/1858/2450 1855/1866/2458
f 1855/1866/2458 1854/1865/2457 1846/1857/2449
f 1847/1858/2450 1848/1859/2451 1856/1867/2459
f 1856/1867/2459 1855/1866/2458 1847/1858/2450
f 1848/1859/2451 1849/1860/2452 1857/1868/2460
f 1857/1868/2460 1856/1867/2459 1848/1859/2451
f 1849/1860/2452 1842/1854/2446 1850/1862/2454
f 1850/1862/2454 1857/1868/2460 1849/1860/2452
f 1850/1862/2454 1851/1861/2453 1859/1869/2461
f 1859/1869/2461 1858/1870/2462 1850/1862/2454
f 1851/1861/2453 1852/1863/2455 1860/1871/2463
f 1860/1871/2463 1859/1869/2461 1851/1861/2453
f 1852/1863/2455 1853/1864/2456 1861/1872/2464
f 1861/1872/2464 1860/1871/2463 1852/1863/2455
f 1646/1585/2465 1645/1584/2466 1861/1872/2464
f 1854/1865/2457 1646/1585/2465 1861/1872/2464
f 1853/1864/2456 1854/1865/2457 1861/1872/2464
f 1862/1873/2467 1647/1596/2468 1646/1585/2465
f 1862/1873/2467 1646/1585/2465 1854/1865/2457
f 1862/1873/2467 1854/1865/2457 1855/1866/2458
f 1855/1866/2458 1856/1867/2459 1863/1874/2469
f 1863/1874/2469 1862/1873/2467 1855/1866/2458
f 1856/1867/2459 1857/1868/2460 1864/1875/2470
f 1864/1875/2470 1863/1874/2469 1856/1867/2459
f 1857/1868/2460 1850/1862/2454 1858/1870/2462
f 1858/1870/2462 1864/1875/2470 1857/1868/2460
f 1859/1869/2461 1650/1602/2471 1649/1600/2472
f 1859/1869/2461 1649/1600/2472 1648/1599/2473
f 1858/1870/2462 1859/1869/2461 1648/1599/2473
f 1860/1871/2463 1874/1876/2474 1875/1877/2475
f 1875/1877/2475 1651/1603/2476 1650/1602/2471
f 1860/1871/2463 1875/1877/2475 1650/1602/2471
f 1859/1869/2461 1860/1871/2463 1650/1602/2471
f 1861/1872/2464 1653/1588/2477 1652/1587/2478
f 1860/1871/2463 1861/1872/2464 1652/1587/2478
f 1652/1587/2478 1654/1606/2479 1872/1878/2480
f 1860/1871/2463 1652/1587/2478 1872/1878/2480
f 1655/1593/2481 1647/1596/2468 1862/1873/2467
f 1862/1873/2467 1656/1594/2482 1655/1593/2481
f 1864/1875/2470 1658/1693/2483 1657/1694/2484
f 1657/1694/2484 1876/1879/2485 1877/1880/2486
f 1864/1875/2470 1657/1694/2484 1877/1880/2486
f 1863/1874/2469 1864/1875/2470 1877/1880/2486
f 1890/1881/2487 1661/1699/2488 1660/1697/2489
f 1662/1545/2490 1664/1698/2491 1866/1882/2492
f 1866/1882/2492 1865/1883/2493 1663/1546/2494
f 1662/1545/2490 1866/1882/2492 1663/1546/2494
f 1890/1881/2487 1891/1884/2495 1867/1885/2496
f 1890/1881/2487 1867/1885/2496 1866/1882/2492
f 1661/1699/2488 1890/1881/2487 1866/1882/2492
f 1661/1699/2488 1866/1882/2492 1664/1698/2491
f 1892/1886/2497 1867/1885/2496 1891/1884/2495
f 1868/1887/2498 1667/1565/2499 1666/1564/2500
f 1666/1564/2500 1665/1562/2501 1868/1887/2498
f 1869/1888/2502 1670/1572/2503 1669/1574/2504
f 1669/1574/2504 1668/1673/2505 1869/1888/2502
f 1869/1888/2502 1668/1673/2505 1672/1674/2506
f 1672/1674/2506 1671/1677/2507 1893/1889/2508
f 1869/1888/2502 1672/1674/2506 1893/1889/2508
f 1870/1890/2509 1869/1888/2502 1893/1889/2508
f 1871/1891/2510 1870/1890/2509 1894/1892/2511
f 1894/1892/2511 1895/1893/2512 1674/1678/2513
f 1871/1891/2510 1894/1892/2511 1674/1678/2513
f 1673/1679/2514 1871/1891/2510 1674/1678/2513
f 1865/1883/2493 1866/1882/2492 1787/1798/2390
f 1787/1798/2390 1786/1797/2389 1865/1883/2493
f 1866/1882/2492 1867/1885/2496 1788/1801/2393
f 1788/1801/2393 1787/1798/2390 1866/1882/2492
f 1867/1885/2496 1868/1887/2498 1789/1803/2395
f 1789/1803/2395 1788/1801/2393 1867/1885/2496
f 1665/1562/2501 1676/1561/2515 1790/1805/2397
f 1868/1887/2498 1665/1562/2501 1790/1805/2397
f 1868/1887/2498 1790/1805/2397 1789/1803/2395
f 1676/1561/2515 1670/1572/2503 1869/1888/2502
f 1676/1561/2515 1869/1888/2502 1791/1807/2399
f 1676/1561/2515 1791/1807/2399 1790/1805/2397
f 1869/1888/2502 1870/1890/2509 1792/1809/2401
f 1792/1809/2401 1791/1807/2399 1869/1888/2502
f 1870/1890/2509 1871/1891/2510 1793/1811/2403
f 1793/1811/2403 1792/1809/2401 1870/1890/2509
f 1871/1891/2510 1865/1883/2493 1786/1797/2389
f 1786/1797/2389 1793/1811/2403 1871/1891/2510
f 1678/1583/2516 1653/1588/2477 1861/1872/2464
f 1861/1872/2464 1645/1584/2466 1678/1583/2516
f 1863/1874/2469 1877/1880/2486 1873/1894/2517
f 1876/1879/2485 1657/1694/2484 1679/1692/2518
s 28
f 1681/1644/2519 1620/1649/2286 1711/1707/2269
f 1711/1707/2269 1612/1645/2271 1681/1644/2519
f 1713/1712/2277 1889/1719/2295 1885/1895/2520
f 1888/1718/2294 1624/1684/2293 1682/1682/2521
s 73
f 1686/1663/2522 1884/1717/2523 1621/1664/2524
f 1886/1715/2525 1884/1717/2523 1686/1663/2522
f 1886/1715/2525 1686/1663/2522 1683/1662/2526
f 1886/1715/2525 1683/1662/2526 1887/1716/2527
s 74
f 1687/1685/2528 1880/1725/2529 1688/1686/2530
f 1879/1723/2531 1878/1720/2532 1627/1687/2533
f 1879/1723/2531 1627/1687/2533 1688/1686/2530
f 1879/1723/2531 1688/1686/2530 1880/1725/2529
s 76
f 1692/1605/2534 1872/1878/2535 1654/1606/2536
f 1874/1876/2537 1872/1878/2535 1692/1605/2534
f 1874/1876/2537 1692/1605/2534 1680/1604/2538
f 1874/1876/2537 1680/1604/2538 1875/1877/2539
s 77
f 1693/1695/2540 1892/1886/2541 1694/1696/2542
f 1891/1884/2543 1890/1881/2544 1660/1697/2545
f 1891/1884/2543 1660/1697/2545 1694/1696/2542
f 1891/1884/2543 1694/1696/2542 1892/1886/2541
s 28
f 1884/1717/2289 1886/1715/2283 1710/1705/2267
f 1696/1627/2546 1634/1626/2308 1718/1726/2307
f 1696/1627/2546 1718/1726/2307 1717/1724/2305
f 1687/1685/2547 1696/1627/2546 1717/1724/2305
f 1880/1725/2306 1687/1685/2547 1717/1724/2305
f 1881/1728/2317 1882/1731/2320 1720/1729/2318
s 50
f 1872/1878/2480 1874/1876/2474 1860/1871/2463
f 1697/1566/2548 1667/1565/2499 1868/1887/2498
f 1697/1566/2548 1868/1887/2498 1867/1885/2496
f 1693/1695/2549 1697/1566/2548 1867/1885/2496
f 1892/1886/2497 1693/1695/2549 1867/1885/2496
f 1893/1889/2508 1894/1892/2511 1870/1890/2509
f 1873/1894/2517 1691/1690/2550 1698/1595/2551
f 1698/1595/2551 1656/1594/2482 1862/1873/2467
f 1698/1595/2551 1862/1873/2467 1863/1874/2469
f 1873/1894/2517 1698/1595/2551 1863/1874/2469
s 28
f 1885/1895/2520 1685/1680/2552 1699/1656/2553
f 1699/1656/2553 1623/1655/2291 1712/1709/2273
f 1699/1656/2553 1712/1709/2273 1713/1712/2277
f 1885/1895/2520 1699/1656/2553 1713/1712/2277
s 50
f 1675/1558/2554 1663/1546/2494 1865/1883/2493
f 1675/1558/2554 1865/1883/2493 1871/1891/2510
f 1675/1558/2554 1871/1891/2510 1673/1679/2514
s 79
f 1695/1676/2555 1893/1889/2556 1671/1677/2557
f 1894/1892/2558 1893/1889/2556 1695/1676/2555
f 1894/1892/2558 1695/1676/2555 1677/1675/2559
f 1894/1892/2558 1677/1675/2559 1895/1893/2560
s 50
f 1674/1678/2513 1895/1893/2512 1677/1675/2561
f 1651/1603/2476 1875/1877/2475 1680/1604/2562
s 80
f 1877/1880/2563 1876/1879/2564 1679/1692/2565
f 1877/1880/2563 1679/1692/2565 1690/1691/2566
f 1877/1880/2563 1690/1691/2566 1873/1894/2567
f 1691/1690/2568 1873/1894/2567 1690/1691/2566
s 50
f 1659/1612/2569 1658/1693/2483 1864/1875/2470
f 1659/1612/2569 1864/1875/2470 1858/1870/2462
f 1659/1612/2569 1858/1870/2462 1648/1599/2473
s 28
f 1642/1620/2570 1630/1614/2303 1715/1722/2302
f 1642/1620/2570 1715/1722/2302 1721/1730/2319
f 1642/1620/2570 1721/1730/2319 1640/1672/2323
s 81
f 1689/1669/2571 1881/1728/2572 1638/1670/2573
f 1882/1731/2574 1881/1728/2572 1689/1669/2571
f 1882/1731/2574 1689/1669/2571 1644/1668/2575
f 1882/1731/2574 1644/1668/2575 1883/1732/2576
s 28
f 1641/1671/2322 1883/1732/2321 1644/1668/2577
f 1618/1661/2285 1887/1716/2284 1683/1662/2578
s 82
f 1889/1719/2579 1888/1718/2580 1682/1682/2581
f 1889/1719/2579 1682/1682/2581 1684/1681/2582
f 1889/1719/2579 1684/1681/2582 1885/1895/2583
f 1685/1680/2584 1885/1895/2583 1684/1681/2582
s 28
f 1626/1665/2585 1625/1683/2292 1714/1714/2279
f 1626/1665/2585 1714/1714/2279 1708/1703/2265
f 1626/1665/2585 1708/1703/2265 1615/1658/2282
